width,offset,blocks,mean_tv,max_tv,frac_p05
2.0,0.0,46,0.005931370372538454,0.018839579729717178,0.08695652173913043
2.0,2.0,46,0.00560328023765785,0.014995693791947581,0.0
2.0,5.0,46,0.006711363227651424,0.026894723972448402,0.08695652173913043
3.0,0.0,46,0.00826522349897166,0.024284374930475697,0.08695652173913043
3.0,2.0,46,0.006424325156981059,0.021081309513180595,0.0
3.0,5.0,46,0.005955021947757426,0.019532028925071936,0.043478260869565216
4.0,0.0,46,0.010877331018419733,0.021800301749960588,0.043478260869565216
4.0,2.0,46,0.00895388027859814,0.03170876812167968,0.15217391304347827
4.0,5.0,46,0.004631907968518627,0.015203126190512367,0.043478260869565216
5.0,0.0,46,0.01013619768651375,0.02721100510791515,0.0
5.0,2.0,46,0.011359194301874024,0.02723841546352387,0.021739130434782608
5.0,5.0,46,0.00795058519444077,0.02882926196089844,0.06521739130434782
