widths,decoder,epsilon,n_phases,failures,fail_rate,run
2-2-2-2,awqpe,0.5,32768,1124,0.0343017578125,research/results/p2a_infinite_shot_limit/20260926T204034Z
2-2-2-2,awqpe,0.7,32768,2532,0.0772705078125,research/results/p2a_infinite_shot_limit/20260926T204034Z
2-2-2-2,awqpe,0.8,32768,3165,0.096588134765625,research/results/p2a_infinite_shot_limit/20260926T204034Z
2-2-2-2,awqpe,0.9,32768,4189,0.127838134765625,research/results/p2a_infinite_shot_limit/20260926T204034Z
2-2-2-2,awqpe,0.95,32768,4718,0.14398193359375,research/results/p2a_infinite_shot_limit/20260926T204034Z
2-2-2-2,awqpe_ablate_special,0.5,32768,1123,0.034271240234375,research/results/p2a_infinite_shot_limit/20260926T204034Z
2-2-2-2,awqpe_ablate_special,0.7,32768,2531,0.077239990234375,research/results/p2a_infinite_shot_limit/20260926T204034Z
2-2-2-2,awqpe_ablate_special,0.8,32768,3227,0.098480224609375,research/results/p2a_infinite_shot_limit/20260926T204034Z
2-2-2-2,awqpe_ablate_special,0.9,32768,4251,0.129730224609375,research/results/p2a_infinite_shot_limit/20260926T204034Z
2-2-2-2,awqpe_ablate_special,0.95,32768,4719,0.144012451171875,research/results/p2a_infinite_shot_limit/20260926T204034Z
2-2-2-2-2-2,awqpe,0.5,524288,17921,0.03418159484863281,research/results/p2a_infinite_shot_limit/20260926T204034Z
2-2-2-2-2-2,awqpe,0.7,524288,40449,0.07715034484863281,research/results/p2a_infinite_shot_limit/20260926T204034Z
2-2-2-2-2-2,awqpe,0.8,524288,50563,0.09644126892089844,research/results/p2a_infinite_shot_limit/20260926T204034Z
2-2-2-2-2-2,awqpe,0.9,524288,66947,0.12769126892089844,research/results/p2a_infinite_shot_limit/20260926T204034Z
2-2-2-2-2-2,awqpe,0.95,524288,75423,0.1438579559326172,research/results/p2a_infinite_shot_limit/20260926T204034Z
2-2-2-2-2-2,awqpe_ablate_special,0.5,524288,17919,0.03417778015136719,research/results/p2a_infinite_shot_limit/20260926T204034Z
2-2-2-2-2-2,awqpe_ablate_special,0.7,524288,40447,0.07714653015136719,research/results/p2a_infinite_shot_limit/20260926T204034Z
2-2-2-2-2-2,awqpe_ablate_special,0.8,524288,51600,0.098419189453125,research/results/p2a_infinite_shot_limit/20260926T204034Z
2-2-2-2-2-2,awqpe_ablate_special,0.9,524288,67984,0.129669189453125,research/results/p2a_infinite_shot_limit/20260926T204034Z
2-2-2-2-2-2,awqpe_ablate_special,0.95,524288,75437,0.14388465881347656,research/results/p2a_infinite_shot_limit/20260926T204034Z
2-3-3,awqpe,0.5,32768,0,0.0,research/results/p2a_infinite_shot_limit/20260926T204034Z
2-3-3,awqpe,0.7,32768,557,0.016998291015625,research/results/p2a_infinite_shot_limit/20260926T204034Z
2-3-3,awqpe,0.8,32768,1101,0.033599853515625,research/results/p2a_infinite_shot_limit/20260926T204034Z
2-3-3,awqpe,0.9,32768,1613,0.049224853515625,research/results/p2a_infinite_shot_limit/20260926T204034Z
2-3-3,awqpe,0.95,32768,1873,0.057159423828125,research/results/p2a_infinite_shot_limit/20260926T204034Z
2-3-3,awqpe_ablate_special,0.5,32768,0,0.0,research/results/p2a_infinite_shot_limit/20260926T204034Z
2-3-3,awqpe_ablate_special,0.7,32768,556,0.0169677734375,research/results/p2a_infinite_shot_limit/20260926T204034Z
2-3-3,awqpe_ablate_special,0.8,32768,1132,0.0345458984375,research/results/p2a_infinite_shot_limit/20260926T204034Z
2-3-3,awqpe_ablate_special,0.9,32768,1612,0.0491943359375,research/results/p2a_infinite_shot_limit/20260926T204034Z
2-3-3,awqpe_ablate_special,0.95,32768,1869,0.057037353515625,research/results/p2a_infinite_shot_limit/20260926T204034Z
3-2-3,awqpe,0.5,32768,0,0.0,research/results/p2a_infinite_shot_limit/20260926T204034Z
3-2-3,awqpe,0.7,32768,494,0.01507568359375,research/results/p2a_infinite_shot_limit/20260926T204034Z
3-2-3,awqpe,0.8,32768,1070,0.03265380859375,research/results/p2a_infinite_shot_limit/20260926T204034Z
3-2-3,awqpe,0.9,32768,1658,0.05059814453125,research/results/p2a_infinite_shot_limit/20260926T204034Z
3-2-3,awqpe,0.95,32768,2106,0.06427001953125,research/results/p2a_infinite_shot_limit/20260926T204034Z
3-2-3,awqpe_ablate_special,0.5,32768,0,0.0,research/results/p2a_infinite_shot_limit/20260926T204034Z
3-2-3,awqpe_ablate_special,0.7,32768,495,0.015106201171875,research/results/p2a_infinite_shot_limit/20260926T204034Z
3-2-3,awqpe_ablate_special,0.8,32768,1071,0.032684326171875,research/results/p2a_infinite_shot_limit/20260926T204034Z
3-2-3,awqpe_ablate_special,0.9,32768,1658,0.05059814453125,research/results/p2a_infinite_shot_limit/20260926T204034Z
3-2-3,awqpe_ablate_special,0.95,32768,2138,0.06524658203125,research/results/p2a_infinite_shot_limit/20260926T204034Z
3-3-2,awqpe,0.5,32768,1254,0.03826904296875,research/results/p2a_infinite_shot_limit/20260926T204034Z
3-3-2,awqpe,0.7,32768,2598,0.07928466796875,research/results/p2a_infinite_shot_limit/20260926T204034Z
3-3-2,awqpe,0.8,32768,3174,0.09686279296875,research/results/p2a_infinite_shot_limit/20260926T204034Z
3-3-2,awqpe,0.9,32768,3698,0.11285400390625,research/results/p2a_infinite_shot_limit/20260926T204034Z
3-3-2,awqpe,0.95,32768,4178,0.12750244140625,research/results/p2a_infinite_shot_limit/20260926T204034Z
3-3-2,awqpe_ablate_special,0.5,32768,1249,0.038116455078125,research/results/p2a_infinite_shot_limit/20260926T204034Z
3-3-2,awqpe_ablate_special,0.7,32768,2657,0.081085205078125,research/results/p2a_infinite_shot_limit/20260926T204034Z
3-3-2,awqpe_ablate_special,0.8,32768,3169,0.096710205078125,research/results/p2a_infinite_shot_limit/20260926T204034Z
3-3-2,awqpe_ablate_special,0.9,32768,3756,0.1146240234375,research/results/p2a_infinite_shot_limit/20260926T204034Z
3-3-2,awqpe_ablate_special,0.95,32768,4172,0.1273193359375,research/results/p2a_infinite_shot_limit/20260926T204034Z
3-3-3-3,awqpe,0.5,524288,0,0.0,research/results/p2a_infinite_shot_limit/20260926T204034Z
3-3-3-3,awqpe,0.7,524288,8976,0.017120361328125,research/results/p2a_infinite_shot_limit/20260926T204034Z
3-3-3-3,awqpe,0.8,524288,17680,0.033721923828125,research/results/p2a_infinite_shot_limit/20260926T204034Z
3-3-3-3,awqpe,0.9,524288,25872,0.049346923828125,research/results/p2a_infinite_shot_limit/20260926T204034Z
3-3-3-3,awqpe,0.95,524288,30131,0.05747032165527344,research/results/p2a_infinite_shot_limit/20260926T204034Z
3-3-3-3,awqpe_ablate_special,0.5,524288,0,0.0,research/results/p2a_infinite_shot_limit/20260926T204034Z
3-3-3-3,awqpe_ablate_special,0.7,524288,8939,0.017049789428710938,research/results/p2a_infinite_shot_limit/20260926T204034Z
3-3-3-3,awqpe_ablate_special,0.8,524288,18155,0.03462791442871094,research/results/p2a_infinite_shot_limit/20260926T204034Z
3-3-3-3,awqpe_ablate_special,0.9,524288,25835,0.04927635192871094,research/results/p2a_infinite_shot_limit/20260926T204034Z
3-3-3-3,awqpe_ablate_special,0.95,524288,30150,0.057506561279296875,research/results/p2a_infinite_shot_limit/20260926T204034Z
4-4,awqpe,0.5,32768,0,0.0,research/results/p2a_infinite_shot_limit/20260926T204034Z
4-4,awqpe,0.7,32768,0,0.0,research/results/p2a_infinite_shot_limit/20260926T204034Z
4-4,awqpe,0.8,32768,108,0.0032958984375,research/results/p2a_infinite_shot_limit/20260926T204034Z
4-4,awqpe,0.9,32768,588,0.0179443359375,research/results/p2a_infinite_shot_limit/20260926T204034Z
4-4,awqpe,0.95,32768,812,0.0247802734375,research/results/p2a_infinite_shot_limit/20260926T204034Z
4-4,awqpe_ablate_special,0.5,32768,0,0.0,research/results/p2a_infinite_shot_limit/20260926T204034Z
4-4,awqpe_ablate_special,0.7,32768,0,0.0,research/results/p2a_infinite_shot_limit/20260926T204034Z
4-4,awqpe_ablate_special,0.8,32768,120,0.003662109375,research/results/p2a_infinite_shot_limit/20260926T204034Z
4-4,awqpe_ablate_special,0.9,32768,600,0.018310546875,research/results/p2a_infinite_shot_limit/20260926T204034Z
4-4,awqpe_ablate_special,0.95,32768,824,0.025146484375,research/results/p2a_infinite_shot_limit/20260926T204034Z
4-4-4,awqpe,0.5,524288,0,0.0,research/results/p2a_infinite_shot_limit/20260926T204034Z
4-4-4,awqpe,0.7,524288,0,0.0,research/results/p2a_infinite_shot_limit/20260926T204034Z
4-4-4,awqpe,0.8,524288,1665,0.0031757354736328125,research/results/p2a_infinite_shot_limit/20260926T204034Z
4-4-4,awqpe,0.9,524288,9345,0.017824172973632812,research/results/p2a_infinite_shot_limit/20260926T204034Z
4-4-4,awqpe,0.95,524288,12929,0.024660110473632812,research/results/p2a_infinite_shot_limit/20260926T204034Z
4-4-4,awqpe_ablate_special,0.5,524288,0,0.0,research/results/p2a_infinite_shot_limit/20260926T204034Z
4-4-4,awqpe_ablate_special,0.7,524288,0,0.0,research/results/p2a_infinite_shot_limit/20260926T204034Z
4-4-4,awqpe_ablate_special,0.8,524288,1915,0.0036525726318359375,research/results/p2a_infinite_shot_limit/20260926T204034Z
4-4-4,awqpe_ablate_special,0.9,524288,9595,0.018301010131835938,research/results/p2a_infinite_shot_limit/20260926T204034Z
4-4-4,awqpe_ablate_special,0.95,524288,13179,0.025136947631835938,research/results/p2a_infinite_shot_limit/20260926T204034Z
