widths,n,shots_per_block,shots_total,u_queries_total,decoder,epsilon,trials,p_tol_lsb,cluster_boot_lo,cluster_boot_hi,p_tol_n_minus_2,p_tol_lsb_S2,run,status
2-2-2-2,8,1,4,255,awqpe,0.9,10300,0.3958252427184466,0.37028155339805824,0.42252912621359223,0.504757281553398,0.281,research/results/p2c_lowshot_scaling/20260926T220629Z,PRELIMINARY (dev split)
2-2-2-2,8,1,4,255,awqpe_eps_safe,0.35,10300,0.3958252427184466,0.37028155339805824,0.42252912621359223,0.504757281553398,0.281,research/results/p2c_lowshot_scaling/20260926T220629Z,PRELIMINARY (dev split)
2-2-2-2,8,1,4,255,likelihood,,10300,0.3974757281553398,0.363378640776699,0.428742718446602,0.5110679611650485,0.2655,research/results/p2c_lowshot_scaling/20260926T220629Z,PRELIMINARY (dev split)
2-2-2-2,8,2,8,510,awqpe,0.9,10300,0.5084466019417476,0.48631067961165053,0.530490291262136,0.6155339805825243,0.4375,research/results/p2c_lowshot_scaling/20260926T220629Z,PRELIMINARY (dev split)
2-2-2-2,8,2,8,510,awqpe_eps_safe,0.35,10300,0.5084466019417476,0.48631067961165053,0.530490291262136,0.6155339805825243,0.4375,research/results/p2c_lowshot_scaling/20260926T220629Z,PRELIMINARY (dev split)
2-2-2-2,8,2,8,510,likelihood,,10300,0.5593203883495146,0.5359004854368933,0.5820388349514564,0.654368932038835,0.4805,research/results/p2c_lowshot_scaling/20260926T220629Z,PRELIMINARY (dev split)
2-2-2-2,8,4,16,1020,awqpe,0.9,10300,0.6357281553398059,0.6064757281553399,0.6623398058252428,0.7243689320388349,0.511,research/results/p2c_lowshot_scaling/20260926T220629Z,PRELIMINARY (dev split)
2-2-2-2,8,4,16,1020,awqpe_eps_safe,0.35,10300,0.600873786407767,0.5748470873786408,0.6264174757281554,0.6881553398058252,0.4835,research/results/p2c_lowshot_scaling/20260926T220629Z,PRELIMINARY (dev split)
2-2-2-2,8,4,16,1020,likelihood,,10300,0.7685436893203883,0.7522281553398058,0.7879660194174757,0.824368932038835,0.698,research/results/p2c_lowshot_scaling/20260926T220629Z,PRELIMINARY (dev split)
2-2-2-2,8,8,32,2040,awqpe,0.9,10300,0.6940776699029126,0.6631868932038837,0.7202912621359223,0.7779611650485437,0.5425,research/results/p2c_lowshot_scaling/20260926T220629Z,PRELIMINARY (dev split)
2-2-2-2,8,8,32,2040,awqpe_eps_safe,0.35,10300,0.7948543689320389,0.779123786407767,0.8113689320388349,0.8488349514563107,0.744,research/results/p2c_lowshot_scaling/20260926T220629Z,PRELIMINARY (dev split)
2-2-2-2,8,8,32,2040,likelihood,,10300,0.9271844660194175,0.9195995145631068,0.9349514563106798,0.9471844660194175,0.8905,research/results/p2c_lowshot_scaling/20260926T220629Z,PRELIMINARY (dev split)
2-2-2-2,8,16,64,4080,awqpe,0.9,10300,0.7212621359223301,0.6880194174757283,0.750002427184466,0.804368932038835,0.5955,research/results/p2c_lowshot_scaling/20260926T220629Z,PRELIMINARY (dev split)
2-2-2-2,8,16,64,4080,awqpe_eps_safe,0.35,10300,0.9275728155339806,0.9149490291262136,0.9376699029126212,0.959126213592233,0.917,research/results/p2c_lowshot_scaling/20260926T220629Z,PRELIMINARY (dev split)
2-2-2-2,8,16,64,4080,likelihood,,10300,0.9860194174757282,0.9836868932038835,0.9886407766990293,0.9890291262135922,0.9785,research/results/p2c_lowshot_scaling/20260926T220629Z,PRELIMINARY (dev split)
3-2-3,8,1,3,255,awqpe,0.9,10300,0.507378640776699,0.4807621359223301,0.5363155339805825,0.5425242718446602,0.3275,research/results/p2c_lowshot_scaling/20260926T220629Z,PRELIMINARY (dev split)
3-2-3,8,1,3,255,awqpe_eps_safe,0.6,10300,0.507378640776699,0.4807621359223301,0.5363155339805825,0.5425242718446602,0.3275,research/results/p2c_lowshot_scaling/20260926T220629Z,PRELIMINARY (dev split)
3-2-3,8,1,3,255,likelihood,,10300,0.5156310679611651,0.4814223300970874,0.5474029126213591,0.5510679611650485,0.38,research/results/p2c_lowshot_scaling/20260926T220629Z,PRELIMINARY (dev split)
3-2-3,8,2,6,510,awqpe,0.9,10300,0.5913592233009709,0.5691116504854369,0.6163203883495145,0.6324271844660194,0.4625,research/results/p2c_lowshot_scaling/20260926T220629Z,PRELIMINARY (dev split)
3-2-3,8,2,6,510,awqpe_eps_safe,0.6,10300,0.5913592233009709,0.5691116504854369,0.6163203883495145,0.6324271844660194,0.4625,research/results/p2c_lowshot_scaling/20260926T220629Z,PRELIMINARY (dev split)
3-2-3,8,2,6,510,likelihood,,10300,0.639126213592233,0.6167791262135922,0.6635048543689321,0.6739805825242718,0.5205,research/results/p2c_lowshot_scaling/20260926T220629Z,PRELIMINARY (dev split)
3-2-3,8,4,12,1020,awqpe,0.9,10300,0.7383495145631068,0.7135849514563107,0.7651504854368932,0.7499029126213592,0.5575,research/results/p2c_lowshot_scaling/20260926T220629Z,PRELIMINARY (dev split)
3-2-3,8,4,12,1020,awqpe_eps_safe,0.6,10300,0.7383495145631068,0.7135849514563107,0.7651504854368932,0.7499029126213592,0.5575,research/results/p2c_lowshot_scaling/20260926T220629Z,PRELIMINARY (dev split)
3-2-3,8,4,12,1020,likelihood,,10300,0.843495145631068,0.8295121359223301,0.8588349514563105,0.8525242718446602,0.7655,research/results/p2c_lowshot_scaling/20260926T220629Z,PRELIMINARY (dev split)
3-2-3,8,8,24,2040,awqpe,0.9,10300,0.8011650485436893,0.7761019417475727,0.8298131067961164,0.8033980582524272,0.5945,research/results/p2c_lowshot_scaling/20260926T220629Z,PRELIMINARY (dev split)
3-2-3,8,8,24,2040,awqpe_eps_safe,0.6,10300,0.8480582524271845,0.8291237864077671,0.8704053398058252,0.8503883495145631,0.6925,research/results/p2c_lowshot_scaling/20260926T220629Z,PRELIMINARY (dev split)
3-2-3,8,8,24,2040,likelihood,,10300,0.9572815533980582,0.9514563106796118,0.9637888349514564,0.9592233009708738,0.9275,research/results/p2c_lowshot_scaling/20260926T220629Z,PRELIMINARY (dev split)
3-2-3,8,16,48,4080,awqpe,0.9,10300,0.8136893203883495,0.7857257281553399,0.844383495145631,0.8138834951456311,0.5935,research/results/p2c_lowshot_scaling/20260926T220629Z,PRELIMINARY (dev split)
3-2-3,8,16,48,4080,awqpe_eps_safe,0.6,10300,0.9222330097087379,0.9063033980582524,0.9376771844660196,0.9224271844660195,0.8215,research/results/p2c_lowshot_scaling/20260926T220629Z,PRELIMINARY (dev split)
3-2-3,8,16,48,4080,likelihood,,10300,0.9945631067961165,0.9932014563106798,0.9959223300970875,0.994757281553398,0.9915,research/results/p2c_lowshot_scaling/20260926T220629Z,PRELIMINARY (dev split)
3-3-3-3,12,1,4,4095,awqpe,0.9,10300,0.3969902912621359,0.3674514563106797,0.4281771844660195,0.42572815533980585,0.242,research/results/p2c_lowshot_scaling/20260926T220629Z,PRELIMINARY (dev split)
3-3-3-3,12,1,4,4095,awqpe_eps_safe,0.58,10300,0.3969902912621359,0.3674514563106797,0.4281771844660195,0.42572815533980585,0.242,research/results/p2c_lowshot_scaling/20260926T220629Z,PRELIMINARY (dev split)
3-3-3-3,12,1,4,4095,likelihood,,10300,0.39815533980582524,0.369495145631068,0.43103883495145623,0.4278640776699029,0.2355,research/results/p2c_lowshot_scaling/20260926T220629Z,PRELIMINARY (dev split)
3-3-3-3,12,2,8,8190,awqpe,0.9,10300,0.4893203883495146,0.4642597087378641,0.5144344660194174,0.5242718446601942,0.372,research/results/p2c_lowshot_scaling/20260926T220629Z,PRELIMINARY (dev split)
3-3-3-3,12,2,8,8190,awqpe_eps_safe,0.58,10300,0.4893203883495146,0.4642597087378641,0.5144344660194174,0.5242718446601942,0.372,research/results/p2c_lowshot_scaling/20260926T220629Z,PRELIMINARY (dev split)
3-3-3-3,12,2,8,8190,likelihood,,10300,0.5460194174757281,0.5198980582524272,0.573131067961165,0.575631067961165,0.418,research/results/p2c_lowshot_scaling/20260926T220629Z,PRELIMINARY (dev split)
3-3-3-3,12,4,16,16380,awqpe,0.9,10300,0.672621359223301,0.6395145631067961,0.7014635922330097,0.6852427184466019,0.4975,research/results/p2c_lowshot_scaling/20260926T220629Z,PRELIMINARY (dev split)
3-3-3-3,12,4,16,16380,awqpe_eps_safe,0.58,10300,0.672621359223301,0.6395145631067961,0.7014635922330097,0.6852427184466019,0.4975,research/results/p2c_lowshot_scaling/20260926T220629Z,PRELIMINARY (dev split)
3-3-3-3,12,4,16,16380,likelihood,,10300,0.8016504854368932,0.7829101941747574,0.8226407766990291,0.8095145631067961,0.714,research/results/p2c_lowshot_scaling/20260926T220629Z,PRELIMINARY (dev split)
3-3-3-3,12,8,32,32760,awqpe,0.9,10300,0.7604854368932039,0.7267936893203883,0.7889393203883496,0.7630097087378641,0.563,research/results/p2c_lowshot_scaling/20260926T220629Z,PRELIMINARY (dev split)
3-3-3-3,12,8,32,32760,awqpe_eps_safe,0.58,10300,0.8438834951456311,0.8225946601941746,0.8627208737864076,0.8466990291262136,0.7175,research/results/p2c_lowshot_scaling/20260926T220629Z,PRELIMINARY (dev split)
3-3-3-3,12,8,32,32760,likelihood,,10300,0.9474757281553398,0.9405825242718447,0.9541771844660194,0.9495145631067962,0.912,research/results/p2c_lowshot_scaling/20260926T220629Z,PRELIMINARY (dev split)
3-3-3-3,12,16,64,65520,awqpe,0.9,10300,0.8021359223300971,0.7720266990291264,0.8279611650485436,0.8023300970873787,0.5945,research/results/p2c_lowshot_scaling/20260926T220629Z,PRELIMINARY (dev split)
3-3-3-3,12,16,64,65520,awqpe_eps_safe,0.58,10300,0.9290291262135922,0.9154344660194175,0.9409733009708738,0.9293203883495146,0.8495,research/results/p2c_lowshot_scaling/20260926T220629Z,PRELIMINARY (dev split)
3-3-3-3,12,16,64,65520,likelihood,,10300,0.9930097087378641,0.9911601941747573,0.9947572815533982,0.9932038834951457,0.985,research/results/p2c_lowshot_scaling/20260926T220629Z,PRELIMINARY (dev split)
4-4,8,1,2,255,awqpe,0.9,10300,0.6376699029126214,0.6042621359223301,0.6705995145631068,0.6706796116504854,0.365,research/results/p2c_lowshot_scaling/20260926T220629Z,PRELIMINARY (dev split)
4-4,8,1,2,255,awqpe_eps_safe,0.75,10300,0.6376699029126214,0.6042621359223301,0.6705995145631068,0.6706796116504854,0.365,research/results/p2c_lowshot_scaling/20260926T220629Z,PRELIMINARY (dev split)
4-4,8,1,2,255,likelihood,,10300,0.6345631067961165,0.5954320388349514,0.6675,0.6674757281553398,0.3805,research/results/p2c_lowshot_scaling/20260926T220629Z,PRELIMINARY (dev split)
4-4,8,2,4,510,awqpe,0.9,10300,0.7067961165048544,0.6811626213592233,0.7289320388349513,0.7483495145631068,0.5105,research/results/p2c_lowshot_scaling/20260926T220629Z,PRELIMINARY (dev split)
4-4,8,2,4,510,awqpe_eps_safe,0.75,10300,0.7067961165048544,0.6811626213592233,0.7289320388349513,0.7483495145631068,0.5105,research/results/p2c_lowshot_scaling/20260926T220629Z,PRELIMINARY (dev split)
4-4,8,2,4,510,likelihood,,10300,0.7296116504854369,0.7024053398058253,0.7540048543689319,0.7636893203883495,0.5395,research/results/p2c_lowshot_scaling/20260926T220629Z,PRELIMINARY (dev split)
4-4,8,4,8,1020,awqpe,0.9,10300,0.8092233009708738,0.7858155339805825,0.8313689320388349,0.8237864077669903,0.562,research/results/p2c_lowshot_scaling/20260926T220629Z,PRELIMINARY (dev split)
4-4,8,4,8,1020,awqpe_eps_safe,0.75,10300,0.8092233009708738,0.7858155339805825,0.8313689320388349,0.8237864077669903,0.562,research/results/p2c_lowshot_scaling/20260926T220629Z,PRELIMINARY (dev split)
4-4,8,4,8,1020,likelihood,,10300,0.8893203883495145,0.8764004854368932,0.9024271844660194,0.899126213592233,0.7735,research/results/p2c_lowshot_scaling/20260926T220629Z,PRELIMINARY (dev split)
4-4,8,8,16,2040,awqpe,0.9,10300,0.8598058252427184,0.8368810679611651,0.8820412621359224,0.8621359223300971,0.608,research/results/p2c_lowshot_scaling/20260926T220629Z,PRELIMINARY (dev split)
4-4,8,8,16,2040,awqpe_eps_safe,0.75,10300,0.8598058252427184,0.8368810679611651,0.8820412621359224,0.8621359223300971,0.608,research/results/p2c_lowshot_scaling/20260926T220629Z,PRELIMINARY (dev split)
4-4,8,8,16,2040,likelihood,,10300,0.9678640776699029,0.9620364077669904,0.9733980582524271,0.9699029126213592,0.917,research/results/p2c_lowshot_scaling/20260926T220629Z,PRELIMINARY (dev split)
4-4,8,16,32,4080,awqpe,0.9,10300,0.8746601941747573,0.8498009708737864,0.8985485436893205,0.8746601941747573,0.619,research/results/p2c_lowshot_scaling/20260926T220629Z,PRELIMINARY (dev split)
4-4,8,16,32,4080,awqpe_eps_safe,0.75,10300,0.9087378640776699,0.8893058252427185,0.9267063106796115,0.9087378640776699,0.716,research/results/p2c_lowshot_scaling/20260926T220629Z,PRELIMINARY (dev split)
4-4,8,16,32,4080,likelihood,,10300,0.9967961165048543,0.9956310679611652,0.9978640776699029,0.9968932038834951,0.991,research/results/p2c_lowshot_scaling/20260926T220629Z,PRELIMINARY (dev split)
4-4-4,12,1,3,4095,awqpe,0.9,10300,0.5156310679611651,0.48591019417475734,0.5430194174757282,0.5480582524271844,0.2935,research/results/p2c_lowshot_scaling/20260926T220629Z,PRELIMINARY (dev split)
4-4-4,12,1,3,4095,awqpe_eps_safe,0.75,10300,0.5156310679611651,0.48591019417475734,0.5430194174757282,0.5480582524271844,0.2935,research/results/p2c_lowshot_scaling/20260926T220629Z,PRELIMINARY (dev split)
4-4-4,12,1,3,4095,likelihood,,10300,0.5174757281553398,0.48793689320388356,0.5470970873786407,0.5502912621359223,0.299,research/results/p2c_lowshot_scaling/20260926T220629Z,PRELIMINARY (dev split)
4-4-4,12,2,6,8190,awqpe,0.9,10300,0.6013592233009709,0.5789271844660194,0.6245776699029127,0.6397087378640777,0.421,research/results/p2c_lowshot_scaling/20260926T220629Z,PRELIMINARY (dev split)
4-4-4,12,2,6,8190,awqpe_eps_safe,0.75,10300,0.6013592233009709,0.5789271844660194,0.6245776699029127,0.6397087378640777,0.421,research/results/p2c_lowshot_scaling/20260926T220629Z,PRELIMINARY (dev split)
4-4-4,12,2,6,8190,likelihood,,10300,0.6508737864077669,0.6289223300970873,0.6740898058252428,0.6829126213592233,0.477,research/results/p2c_lowshot_scaling/20260926T220629Z,PRELIMINARY (dev split)
4-4-4,12,4,12,16380,awqpe,0.9,10300,0.763883495145631,0.738997572815534,0.7891359223300971,0.7755339805825243,0.515,research/results/p2c_lowshot_scaling/20260926T220629Z,PRELIMINARY (dev split)
4-4-4,12,4,12,16380,awqpe_eps_safe,0.75,10300,0.763883495145631,0.738997572815534,0.7891359223300971,0.7755339805825243,0.515,research/results/p2c_lowshot_scaling/20260926T220629Z,PRELIMINARY (dev split)
4-4-4,12,4,12,16380,likelihood,,10300,0.858252427184466,0.8451310679611649,0.8710776699029128,0.8676699029126214,0.738,research/results/p2c_lowshot_scaling/20260926T220629Z,PRELIMINARY (dev split)
4-4-4,12,8,24,32760,awqpe,0.9,10300,0.8332038834951456,0.8084296116504855,0.8580606796116504,0.8348543689320388,0.577,research/results/p2c_lowshot_scaling/20260926T220629Z,PRELIMINARY (dev split)
4-4-4,12,8,24,32760,awqpe_eps_safe,0.75,10300,0.8332038834951456,0.8084296116504855,0.8580606796116504,0.8348543689320388,0.577,research/results/p2c_lowshot_scaling/20260926T220629Z,PRELIMINARY (dev split)
4-4-4,12,8,24,32760,likelihood,,10300,0.962135922330097,0.9566966019417475,0.9677718446601943,0.9641747572815534,0.9185,research/results/p2c_lowshot_scaling/20260926T220629Z,PRELIMINARY (dev split)
4-4-4,12,16,48,65520,awqpe,0.9,10300,0.8638834951456311,0.8389199029126213,0.8876747572815534,0.8639805825242718,0.6125,research/results/p2c_lowshot_scaling/20260926T220629Z,PRELIMINARY (dev split)
4-4-4,12,16,48,65520,awqpe_eps_safe,0.75,10300,0.9018446601941748,0.8833009708737865,0.9198131067961166,0.9019417475728155,0.7135,research/results/p2c_lowshot_scaling/20260926T220629Z,PRELIMINARY (dev split)
4-4-4,12,16,48,65520,likelihood,,10300,0.9948543689320388,0.9930072815533981,0.9963106796116505,0.9949514563106796,0.988,research/results/p2c_lowshot_scaling/20260926T220629Z,PRELIMINARY (dev split)
4-4-4-4,16,1,4,65535,awqpe,0.9,10300,0.38854368932038835,0.3618349514563106,0.4157305825242719,0.41320388349514564,0.217,research/results/p2c_lowshot_scaling/20260926T220629Z,PRELIMINARY (dev split)
4-4-4-4,16,1,4,65535,awqpe_eps_safe,0.75,10300,0.38854368932038835,0.3618349514563106,0.4157305825242719,0.41320388349514564,0.217,research/results/p2c_lowshot_scaling/20260926T220629Z,PRELIMINARY (dev split)
4-4-4-4,16,1,4,65535,likelihood,,10300,0.38611650485436894,0.3593859223300971,0.413885922330097,0.4104854368932039,0.214,research/results/p2c_lowshot_scaling/20260926T220629Z,PRELIMINARY (dev split)
4-4-4-4,16,2,8,131070,awqpe,0.9,10300,0.4880582524271845,0.46504611650485445,0.5117815533980582,0.5175728155339806,0.352,research/results/p2c_lowshot_scaling/20260926T220629Z,PRELIMINARY (dev split)
4-4-4-4,16,2,8,131070,awqpe_eps_safe,0.75,10300,0.4880582524271845,0.46504611650485445,0.5117815533980582,0.5175728155339806,0.352,research/results/p2c_lowshot_scaling/20260926T220629Z,PRELIMINARY (dev split)
4-4-4-4,16,2,8,131070,likelihood,,10300,0.5401941747572816,0.5169854368932039,0.5635655339805825,0.5649514563106796,0.4025,research/results/p2c_lowshot_scaling/20260926T220629Z,PRELIMINARY (dev split)
4-4-4-4,16,4,16,262140,awqpe,0.9,10300,0.6841747572815534,0.6566966019417477,0.710876213592233,0.6966990291262136,0.493,research/results/p2c_lowshot_scaling/20260926T220629Z,PRELIMINARY (dev split)
4-4-4-4,16,4,16,262140,awqpe_eps_safe,0.75,10300,0.6841747572815534,0.6566966019417477,0.710876213592233,0.6966990291262136,0.493,research/results/p2c_lowshot_scaling/20260926T220629Z,PRELIMINARY (dev split)
4-4-4-4,16,4,16,262140,likelihood,,10300,0.7970873786407767,0.7805776699029127,0.8132135922330098,0.8062135922330097,0.69,research/results/p2c_lowshot_scaling/20260926T220629Z,PRELIMINARY (dev split)
4-4-4-4,16,8,32,524280,awqpe,0.9,10300,0.7758252427184466,0.748504854368932,0.8006043689320388,0.7777669902912622,0.585,research/results/p2c_lowshot_scaling/20260926T220629Z,PRELIMINARY (dev split)
4-4-4-4,16,8,32,524280,awqpe_eps_safe,0.75,10300,0.7758252427184466,0.748504854368932,0.8006043689320388,0.7777669902912622,0.585,research/results/p2c_lowshot_scaling/20260926T220629Z,PRELIMINARY (dev split)
4-4-4-4,16,8,32,524280,likelihood,,10300,0.9452427184466019,0.9379611650485439,0.9516601941747574,0.9471844660194175,0.9095,research/results/p2c_lowshot_scaling/20260926T220629Z,PRELIMINARY (dev split)
4-4-4-4,16,16,64,1048560,awqpe,0.9,10300,0.8129126213592233,0.7851213592233011,0.8376796116504854,0.8129126213592233,0.6125,research/results/p2c_lowshot_scaling/20260926T220629Z,PRELIMINARY (dev split)
4-4-4-4,16,16,64,1048560,awqpe_eps_safe,0.75,10300,0.8690291262135922,0.8487014563106795,0.887883495145631,0.8690291262135922,0.722,research/results/p2c_lowshot_scaling/20260926T220629Z,PRELIMINARY (dev split)
4-4-4-4,16,16,64,1048560,likelihood,,10300,0.9940776699029126,0.9923300970873787,0.9955339805825243,0.9940776699029126,0.991,research/results/p2c_lowshot_scaling/20260926T220629Z,PRELIMINARY (dev split)
6-6,12,1,2,4095,awqpe,0.9,10300,0.6476699029126214,0.6157961165048544,0.6775873786407767,0.6873786407766991,0.386,research/results/p2c_lowshot_scaling/20260926T220629Z,PRELIMINARY (dev split)
6-6,12,1,2,4095,awqpe_eps_safe,0.91,10300,0.6476699029126214,0.6157961165048544,0.6775873786407767,0.6873786407766991,0.386,research/results/p2c_lowshot_scaling/20260926T220629Z,PRELIMINARY (dev split)
6-6,12,1,2,4095,likelihood,,10300,0.6502912621359224,0.6171626213592234,0.6785533980582525,0.69,0.395,research/results/p2c_lowshot_scaling/20260926T220629Z,PRELIMINARY (dev split)
6-6,12,2,4,8190,awqpe,0.9,10300,0.714368932038835,0.6899975728155341,0.7362233009708737,0.7574757281553398,0.5235,research/results/p2c_lowshot_scaling/20260926T220629Z,PRELIMINARY (dev split)
6-6,12,2,4,8190,awqpe_eps_safe,0.91,10300,0.714368932038835,0.6899975728155341,0.7362233009708737,0.7574757281553398,0.5235,research/results/p2c_lowshot_scaling/20260926T220629Z,PRELIMINARY (dev split)
6-6,12,2,4,8190,likelihood,,10300,0.7392233009708737,0.7152160194174756,0.7618519417475728,0.7742718446601942,0.55,research/results/p2c_lowshot_scaling/20260926T220629Z,PRELIMINARY (dev split)
6-6,12,4,8,16380,awqpe,0.9,10300,0.8329126213592233,0.8067766990291261,0.85575,0.8455339805825243,0.5945,research/results/p2c_lowshot_scaling/20260926T220629Z,PRELIMINARY (dev split)
6-6,12,4,8,16380,awqpe_eps_safe,0.91,10300,0.8329126213592233,0.8067766990291261,0.85575,0.8455339805825243,0.5945,research/results/p2c_lowshot_scaling/20260926T220629Z,PRELIMINARY (dev split)
6-6,12,4,8,16380,likelihood,,10300,0.9050485436893204,0.8912572815533981,0.9170922330097089,0.9149514563106796,0.802,research/results/p2c_lowshot_scaling/20260926T220629Z,PRELIMINARY (dev split)
6-6,12,8,16,32760,awqpe,0.9,10300,0.8823300970873786,0.8596990291262137,0.9034053398058253,0.8857281553398059,0.6465,research/results/p2c_lowshot_scaling/20260926T220629Z,PRELIMINARY (dev split)
6-6,12,8,16,32760,awqpe_eps_safe,0.91,10300,0.8823300970873786,0.8596990291262137,0.9034053398058253,0.8857281553398059,0.6465,research/results/p2c_lowshot_scaling/20260926T220629Z,PRELIMINARY (dev split)
6-6,12,8,16,32760,likelihood,,10300,0.9735922330097088,0.9683495145631069,0.9780606796116506,0.9764077669902913,0.938,research/results/p2c_lowshot_scaling/20260926T220629Z,PRELIMINARY (dev split)
6-6,12,16,32,65520,awqpe,0.9,10300,0.8993203883495146,0.8763786407766991,0.9186650485436894,0.8994174757281553,0.6565,research/results/p2c_lowshot_scaling/20260926T220629Z,PRELIMINARY (dev split)
6-6,12,16,32,65520,awqpe_eps_safe,0.91,10300,0.8993203883495146,0.8763786407766991,0.9186650485436894,0.8994174757281553,0.6565,research/results/p2c_lowshot_scaling/20260926T220629Z,PRELIMINARY (dev split)
6-6,12,16,32,65520,likelihood,,10300,0.997378640776699,0.9962135922330099,0.9983495145631069,0.9976699029126214,0.992,research/results/p2c_lowshot_scaling/20260926T220629Z,PRELIMINARY (dev split)
8-8,16,1,2,65535,awqpe,0.9,10300,0.676504854368932,0.6479271844660194,0.702623786407767,0.713495145631068,0.4055,research/results/p2c_lowshot_scaling/20260926T220629Z,PRELIMINARY (dev split)
8-8,16,1,2,65535,awqpe_eps_safe,0.96,10300,0.676504854368932,0.6479271844660194,0.702623786407767,0.713495145631068,0.4055,research/results/p2c_lowshot_scaling/20260926T220629Z,PRELIMINARY (dev split)
8-8,16,1,2,65535,likelihood,,10300,0.6767961165048544,0.6477597087378641,0.7026237864077668,0.7139805825242719,0.4085,research/results/p2c_lowshot_scaling/20260926T220629Z,PRELIMINARY (dev split)
8-8,16,2,4,131070,awqpe,0.9,10300,0.7386407766990292,0.7159101941747574,0.7588519417475728,0.776504854368932,0.565,research/results/p2c_lowshot_scaling/20260926T220629Z,PRELIMINARY (dev split)
8-8,16,2,4,131070,awqpe_eps_safe,0.96,10300,0.7386407766990292,0.7159101941747574,0.7588519417475728,0.776504854368932,0.565,research/results/p2c_lowshot_scaling/20260926T220629Z,PRELIMINARY (dev split)
8-8,16,2,4,131070,likelihood,,10300,0.7559223300970874,0.7327912621359224,0.7764101941747572,0.7889320388349514,0.5735,research/results/p2c_lowshot_scaling/20260926T220629Z,PRELIMINARY (dev split)
8-8,16,4,8,262140,awqpe,0.9,10300,0.8441747572815534,0.8208665048543691,0.8646626213592232,0.8567961165048543,0.5945,research/results/p2c_lowshot_scaling/20260926T220629Z,PRELIMINARY (dev split)
8-8,16,4,8,262140,awqpe_eps_safe,0.96,10300,0.8441747572815534,0.8208665048543691,0.8646626213592232,0.8567961165048543,0.5945,research/results/p2c_lowshot_scaling/20260926T220629Z,PRELIMINARY (dev split)
8-8,16,4,8,262140,likelihood,,10300,0.9113592233009709,0.8998058252427185,0.9220461165048545,0.9209708737864077,0.7925,research/results/p2c_lowshot_scaling/20260926T220629Z,PRELIMINARY (dev split)
8-8,16,8,16,524280,awqpe,0.9,10300,0.8935922330097087,0.8744635922330097,0.9120412621359223,0.8958252427184467,0.6615,research/results/p2c_lowshot_scaling/20260926T220629Z,PRELIMINARY (dev split)
8-8,16,8,16,524280,awqpe_eps_safe,0.96,10300,0.8935922330097087,0.8744635922330097,0.9120412621359223,0.8958252427184467,0.6615,research/results/p2c_lowshot_scaling/20260926T220629Z,PRELIMINARY (dev split)
8-8,16,8,16,524280,likelihood,,10300,0.9771844660194174,0.9726213592233011,0.9812645631067961,0.9783495145631068,0.9375,research/results/p2c_lowshot_scaling/20260926T220629Z,PRELIMINARY (dev split)
8-8,16,16,32,1048560,awqpe,0.9,10300,0.9115533980582524,0.8930898058252427,0.9288567961165048,0.9115533980582524,0.6875,research/results/p2c_lowshot_scaling/20260926T220629Z,PRELIMINARY (dev split)
8-8,16,16,32,1048560,awqpe_eps_safe,0.96,10300,0.9115533980582524,0.8930898058252427,0.9288567961165048,0.9115533980582524,0.6875,research/results/p2c_lowshot_scaling/20260926T220629Z,PRELIMINARY (dev split)
8-8,16,16,32,1048560,likelihood,,10300,0.9964077669902912,0.9950485436893205,0.9975728155339806,0.9964077669902912,0.987,research/results/p2c_lowshot_scaling/20260926T220629Z,PRELIMINARY (dev split)
