widths,grid_location,shots_per_block,decoder,trials,phases,p_tol,true_max_top2_ratio,run,status
3-2-3,boundary_hard,16,awqpe,1000,5,0.586,0.900325896283757,research/results/p3_state_sensitivity/20260926T211750Z,PRELIMINARY
3-2-3,boundary_hard,16,awqpe_eps_safe,1000,5,0.846,0.900325896283757,research/results/p3_state_sensitivity/20260926T211750Z,PRELIMINARY
3-2-3,boundary_hard,16,likelihood,1000,5,0.993,0.900325896283757,research/results/p3_state_sensitivity/20260926T211750Z,PRELIMINARY
3-2-3,boundary_hard,256,awqpe,1000,5,0.821,0.900325896283757,research/results/p3_state_sensitivity/20260926T211750Z,PRELIMINARY
3-2-3,boundary_hard,256,awqpe_eps_safe,1000,5,1.0,0.900325896283757,research/results/p3_state_sensitivity/20260926T211750Z,PRELIMINARY
3-2-3,boundary_hard,256,likelihood,1000,5,1.0,0.900325896283757,research/results/p3_state_sensitivity/20260926T211750Z,PRELIMINARY
3-2-3,boundary_hard,2048,awqpe,1000,5,0.939,0.900325896283757,research/results/p3_state_sensitivity/20260926T211750Z,PRELIMINARY
3-2-3,boundary_hard,2048,awqpe_eps_safe,1000,5,1.0,0.900325896283757,research/results/p3_state_sensitivity/20260926T211750Z,PRELIMINARY
3-2-3,boundary_hard,2048,likelihood,1000,5,1.0,0.900325896283757,research/results/p3_state_sensitivity/20260926T211750Z,PRELIMINARY
3-2-3,dyadic_n,16,awqpe,2200,11,0.905,0.3691239835677905,research/results/p3_state_sensitivity/20260926T211750Z,PRELIMINARY
3-2-3,dyadic_n,16,awqpe_eps_safe,2200,11,0.9654545454545455,0.3691239835677905,research/results/p3_state_sensitivity/20260926T211750Z,PRELIMINARY
3-2-3,dyadic_n,16,likelihood,2200,11,0.9954545454545455,0.3691239835677905,research/results/p3_state_sensitivity/20260926T211750Z,PRELIMINARY
3-2-3,dyadic_n,256,awqpe,2200,11,0.9763636363636363,0.3691239835677905,research/results/p3_state_sensitivity/20260926T211750Z,PRELIMINARY
3-2-3,dyadic_n,256,awqpe_eps_safe,2200,11,1.0,0.3691239835677905,research/results/p3_state_sensitivity/20260926T211750Z,PRELIMINARY
3-2-3,dyadic_n,256,likelihood,2200,11,1.0,0.3691239835677905,research/results/p3_state_sensitivity/20260926T211750Z,PRELIMINARY
3-2-3,dyadic_n,2048,awqpe,2200,11,0.9990909090909091,0.3691239835677905,research/results/p3_state_sensitivity/20260926T211750Z,PRELIMINARY
3-2-3,dyadic_n,2048,awqpe_eps_safe,2200,11,1.0,0.3691239835677905,research/results/p3_state_sensitivity/20260926T211750Z,PRELIMINARY
3-2-3,dyadic_n,2048,likelihood,2200,11,1.0,0.3691239835677905,research/results/p3_state_sensitivity/20260926T211750Z,PRELIMINARY
3-2-3,final_half,16,awqpe,2200,11,0.85,0.8068983259224187,research/results/p3_state_sensitivity/20260926T211750Z,PRELIMINARY
3-2-3,final_half,16,awqpe_eps_safe,2200,11,0.9213636363636364,0.8068983259224187,research/results/p3_state_sensitivity/20260926T211750Z,PRELIMINARY
3-2-3,final_half,16,likelihood,2200,11,0.9986363636363637,0.8068983259224187,research/results/p3_state_sensitivity/20260926T211750Z,PRELIMINARY
3-2-3,final_half,256,awqpe,2200,11,0.8177272727272727,0.8068983259224187,research/results/p3_state_sensitivity/20260926T211750Z,PRELIMINARY
3-2-3,final_half,256,awqpe_eps_safe,2200,11,0.935,0.8068983259224187,research/results/p3_state_sensitivity/20260926T211750Z,PRELIMINARY
3-2-3,final_half,256,likelihood,2200,11,1.0,0.8068983259224187,research/results/p3_state_sensitivity/20260926T211750Z,PRELIMINARY
3-2-3,final_half,2048,awqpe,2200,11,0.8145454545454546,0.8068983259224187,research/results/p3_state_sensitivity/20260926T211750Z,PRELIMINARY
3-2-3,final_half,2048,awqpe_eps_safe,2200,11,0.9659090909090909,0.8068983259224187,research/results/p3_state_sensitivity/20260926T211750Z,PRELIMINARY
3-2-3,final_half,2048,likelihood,2200,11,1.0,0.8068983259224187,research/results/p3_state_sensitivity/20260926T211750Z,PRELIMINARY
3-2-3,generic,16,awqpe,5200,26,0.9786538461538462,0.2619210712754295,research/results/p3_state_sensitivity/20260926T211750Z,PRELIMINARY
3-2-3,generic,16,awqpe_eps_safe,5200,26,0.9948076923076923,0.2619210712754295,research/results/p3_state_sensitivity/20260926T211750Z,PRELIMINARY
3-2-3,generic,16,likelihood,5200,26,0.999423076923077,0.2619210712754295,research/results/p3_state_sensitivity/20260926T211750Z,PRELIMINARY
3-2-3,generic,256,awqpe,5200,26,1.0,0.2619210712754295,research/results/p3_state_sensitivity/20260926T211750Z,PRELIMINARY
3-2-3,generic,256,awqpe_eps_safe,5200,26,1.0,0.2619210712754295,research/results/p3_state_sensitivity/20260926T211750Z,PRELIMINARY
3-2-3,generic,256,likelihood,5200,26,1.0,0.2619210712754295,research/results/p3_state_sensitivity/20260926T211750Z,PRELIMINARY
3-2-3,generic,2048,awqpe,5200,26,1.0,0.2619210712754295,research/results/p3_state_sensitivity/20260926T211750Z,PRELIMINARY
3-2-3,generic,2048,awqpe_eps_safe,5200,26,1.0,0.2619210712754295,research/results/p3_state_sensitivity/20260926T211750Z,PRELIMINARY
3-2-3,generic,2048,likelihood,5200,26,1.0,0.2619210712754295,research/results/p3_state_sensitivity/20260926T211750Z,PRELIMINARY
4-4,boundary_hard,16,awqpe,2800,14,0.615,0.8622554654569591,research/results/p3_state_sensitivity/20260926T211750Z,PRELIMINARY
4-4,boundary_hard,16,awqpe_eps_safe,2800,14,0.7139285714285715,0.8622554654569591,research/results/p3_state_sensitivity/20260926T211750Z,PRELIMINARY
4-4,boundary_hard,16,likelihood,2800,14,0.9921428571428571,0.8622554654569591,research/results/p3_state_sensitivity/20260926T211750Z,PRELIMINARY
4-4,boundary_hard,256,awqpe,2800,14,0.8082142857142857,0.8622554654569591,research/results/p3_state_sensitivity/20260926T211750Z,PRELIMINARY
4-4,boundary_hard,256,awqpe_eps_safe,2800,14,0.9510714285714286,0.8622554654569591,research/results/p3_state_sensitivity/20260926T211750Z,PRELIMINARY
4-4,boundary_hard,256,likelihood,2800,14,1.0,0.8622554654569591,research/results/p3_state_sensitivity/20260926T211750Z,PRELIMINARY
4-4,boundary_hard,2048,awqpe,2800,14,0.8392857142857143,0.8622554654569591,research/results/p3_state_sensitivity/20260926T211750Z,PRELIMINARY
4-4,boundary_hard,2048,awqpe_eps_safe,2800,14,0.9860714285714286,0.8622554654569591,research/results/p3_state_sensitivity/20260926T211750Z,PRELIMINARY
4-4,boundary_hard,2048,likelihood,2800,14,1.0,0.8622554654569591,research/results/p3_state_sensitivity/20260926T211750Z,PRELIMINARY
4-4,dyadic_n,16,awqpe,2200,11,0.9709090909090909,0.18261623284008027,research/results/p3_state_sensitivity/20260926T211750Z,PRELIMINARY
4-4,dyadic_n,16,awqpe_eps_safe,2200,11,0.9804545454545455,0.18261623284008027,research/results/p3_state_sensitivity/20260926T211750Z,PRELIMINARY
4-4,dyadic_n,16,likelihood,2200,11,0.9990909090909091,0.18261623284008027,research/results/p3_state_sensitivity/20260926T211750Z,PRELIMINARY
4-4,dyadic_n,256,awqpe,2200,11,1.0,0.18261623284008027,research/results/p3_state_sensitivity/20260926T211750Z,PRELIMINARY
4-4,dyadic_n,256,awqpe_eps_safe,2200,11,1.0,0.18261623284008027,research/results/p3_state_sensitivity/20260926T211750Z,PRELIMINARY
4-4,dyadic_n,256,likelihood,2200,11,1.0,0.18261623284008027,research/results/p3_state_sensitivity/20260926T211750Z,PRELIMINARY
4-4,dyadic_n,2048,awqpe,2200,11,1.0,0.18261623284008027,research/results/p3_state_sensitivity/20260926T211750Z,PRELIMINARY
4-4,dyadic_n,2048,awqpe_eps_safe,2200,11,1.0,0.18261623284008027,research/results/p3_state_sensitivity/20260926T211750Z,PRELIMINARY
4-4,dyadic_n,2048,likelihood,2200,11,1.0,0.18261623284008027,research/results/p3_state_sensitivity/20260926T211750Z,PRELIMINARY
4-4,final_half,16,awqpe,1600,8,0.986875,0.8208608578247013,research/results/p3_state_sensitivity/20260926T211750Z,PRELIMINARY
4-4,final_half,16,awqpe_eps_safe,1600,8,0.99125,0.8208608578247013,research/results/p3_state_sensitivity/20260926T211750Z,PRELIMINARY
4-4,final_half,16,likelihood,1600,8,0.99875,0.8208608578247013,research/results/p3_state_sensitivity/20260926T211750Z,PRELIMINARY
4-4,final_half,256,awqpe,1600,8,1.0,0.8208608578247013,research/results/p3_state_sensitivity/20260926T211750Z,PRELIMINARY
4-4,final_half,256,awqpe_eps_safe,1600,8,1.0,0.8208608578247013,research/results/p3_state_sensitivity/20260926T211750Z,PRELIMINARY
4-4,final_half,256,likelihood,1600,8,1.0,0.8208608578247013,research/results/p3_state_sensitivity/20260926T211750Z,PRELIMINARY
4-4,final_half,2048,awqpe,1600,8,1.0,0.8208608578247013,research/results/p3_state_sensitivity/20260926T211750Z,PRELIMINARY
4-4,final_half,2048,awqpe_eps_safe,1600,8,1.0,0.8208608578247013,research/results/p3_state_sensitivity/20260926T211750Z,PRELIMINARY
4-4,final_half,2048,likelihood,1600,8,1.0,0.8208608578247013,research/results/p3_state_sensitivity/20260926T211750Z,PRELIMINARY
4-4,generic,16,awqpe,4000,20,0.9895,0.16382032899522514,research/results/p3_state_sensitivity/20260926T211750Z,PRELIMINARY
4-4,generic,16,awqpe_eps_safe,4000,20,0.9925,0.16382032899522514,research/results/p3_state_sensitivity/20260926T211750Z,PRELIMINARY
4-4,generic,16,likelihood,4000,20,0.9995,0.16382032899522514,research/results/p3_state_sensitivity/20260926T211750Z,PRELIMINARY
4-4,generic,256,awqpe,4000,20,1.0,0.16382032899522514,research/results/p3_state_sensitivity/20260926T211750Z,PRELIMINARY
4-4,generic,256,awqpe_eps_safe,4000,20,1.0,0.16382032899522514,research/results/p3_state_sensitivity/20260926T211750Z,PRELIMINARY
4-4,generic,256,likelihood,4000,20,1.0,0.16382032899522514,research/results/p3_state_sensitivity/20260926T211750Z,PRELIMINARY
4-4,generic,2048,awqpe,4000,20,1.0,0.16382032899522514,research/results/p3_state_sensitivity/20260926T211750Z,PRELIMINARY
4-4,generic,2048,awqpe_eps_safe,4000,20,1.0,0.16382032899522514,research/results/p3_state_sensitivity/20260926T211750Z,PRELIMINARY
4-4,generic,2048,likelihood,4000,20,1.0,0.16382032899522514,research/results/p3_state_sensitivity/20260926T211750Z,PRELIMINARY
