family,state_prep,widths,shots_per_block,decoder,trials,cases,p_tol_dominant,p_tol_any,max_eigen_residual,max_qiskit_diff,run,status
A_phase_gate,eigenstate,3-2-3,16,awqpe,10600,53,0.8996226415094339,0.8996226415094339,0.0,2.0953254242783714e-08,research/results/p3_state_sensitivity/20260926T211750Z,PRELIMINARY
A_phase_gate,eigenstate,3-2-3,16,awqpe_eps_safe,10600,53,0.9594339622641509,0.9594339622641509,0.0,2.0953254242783714e-08,research/results/p3_state_sensitivity/20260926T211750Z,PRELIMINARY
A_phase_gate,eigenstate,3-2-3,16,likelihood,10600,53,0.9978301886792453,0.9978301886792453,0.0,2.0953254242783714e-08,research/results/p3_state_sensitivity/20260926T211750Z,PRELIMINARY
A_phase_gate,eigenstate,3-2-3,256,awqpe,10600,53,0.940377358490566,0.940377358490566,0.0,2.0953254242783714e-08,research/results/p3_state_sensitivity/20260926T211750Z,PRELIMINARY
A_phase_gate,eigenstate,3-2-3,256,awqpe_eps_safe,10600,53,0.9865094339622642,0.9865094339622642,0.0,2.0953254242783714e-08,research/results/p3_state_sensitivity/20260926T211750Z,PRELIMINARY
A_phase_gate,eigenstate,3-2-3,256,likelihood,10600,53,1.0,1.0,0.0,2.0953254242783714e-08,research/results/p3_state_sensitivity/20260926T211750Z,PRELIMINARY
A_phase_gate,eigenstate,3-2-3,2048,awqpe,10600,53,0.955566037735849,0.955566037735849,0.0,2.0953254242783714e-08,research/results/p3_state_sensitivity/20260926T211750Z,PRELIMINARY
A_phase_gate,eigenstate,3-2-3,2048,awqpe_eps_safe,10600,53,0.9929245283018868,0.9929245283018868,0.0,2.0953254242783714e-08,research/results/p3_state_sensitivity/20260926T211750Z,PRELIMINARY
A_phase_gate,eigenstate,3-2-3,2048,likelihood,10600,53,1.0,1.0,0.0,2.0953254242783714e-08,research/results/p3_state_sensitivity/20260926T211750Z,PRELIMINARY
A_phase_gate,eigenstate,4-4,16,awqpe,10600,53,0.8863207547169811,0.8863207547169811,0.0,2.0953254242783714e-08,research/results/p3_state_sensitivity/20260926T211750Z,PRELIMINARY
A_phase_gate,eigenstate,4-4,16,awqpe_eps_safe,10600,53,0.9162264150943397,0.9162264150943397,0.0,2.0953254242783714e-08,research/results/p3_state_sensitivity/20260926T211750Z,PRELIMINARY
A_phase_gate,eigenstate,4-4,16,likelihood,10600,53,0.9973584905660378,0.9973584905660378,0.0,2.0953254242783714e-08,research/results/p3_state_sensitivity/20260926T211750Z,PRELIMINARY
A_phase_gate,eigenstate,4-4,256,awqpe,10600,53,0.9493396226415094,0.9493396226415094,0.0,2.0953254242783714e-08,research/results/p3_state_sensitivity/20260926T211750Z,PRELIMINARY
A_phase_gate,eigenstate,4-4,256,awqpe_eps_safe,10600,53,0.9870754716981132,0.9870754716981132,0.0,2.0953254242783714e-08,research/results/p3_state_sensitivity/20260926T211750Z,PRELIMINARY
A_phase_gate,eigenstate,4-4,256,likelihood,10600,53,1.0,1.0,0.0,2.0953254242783714e-08,research/results/p3_state_sensitivity/20260926T211750Z,PRELIMINARY
A_phase_gate,eigenstate,4-4,2048,awqpe,10600,53,0.9575471698113207,0.9575471698113207,0.0,2.0953254242783714e-08,research/results/p3_state_sensitivity/20260926T211750Z,PRELIMINARY
A_phase_gate,eigenstate,4-4,2048,awqpe_eps_safe,10600,53,0.9963207547169811,0.9963207547169811,0.0,2.0953254242783714e-08,research/results/p3_state_sensitivity/20260926T211750Z,PRELIMINARY
A_phase_gate,eigenstate,4-4,2048,likelihood,10600,53,1.0,1.0,0.0,2.0953254242783714e-08,research/results/p3_state_sensitivity/20260926T211750Z,PRELIMINARY
B_diagonal,eigenstate,3-2-3,16,awqpe,1600,8,0.908125,0.908125,0.0,1.381524528110134e-08,research/results/p3_state_sensitivity/20260926T211750Z,PRELIMINARY
B_diagonal,eigenstate,3-2-3,16,awqpe_eps_safe,1600,8,0.96375,0.96375,0.0,1.381524528110134e-08,research/results/p3_state_sensitivity/20260926T211750Z,PRELIMINARY
B_diagonal,eigenstate,3-2-3,16,likelihood,1600,8,0.995625,0.995625,0.0,1.381524528110134e-08,research/results/p3_state_sensitivity/20260926T211750Z,PRELIMINARY
B_diagonal,eigenstate,3-2-3,256,awqpe,1600,8,0.968125,0.968125,0.0,1.381524528110134e-08,research/results/p3_state_sensitivity/20260926T211750Z,PRELIMINARY
B_diagonal,eigenstate,3-2-3,256,awqpe_eps_safe,1600,8,1.0,1.0,0.0,1.381524528110134e-08,research/results/p3_state_sensitivity/20260926T211750Z,PRELIMINARY
B_diagonal,eigenstate,3-2-3,256,likelihood,1600,8,1.0,1.0,0.0,1.381524528110134e-08,research/results/p3_state_sensitivity/20260926T211750Z,PRELIMINARY
B_diagonal,eigenstate,3-2-3,2048,awqpe,1600,8,0.998125,0.998125,0.0,1.381524528110134e-08,research/results/p3_state_sensitivity/20260926T211750Z,PRELIMINARY
B_diagonal,eigenstate,3-2-3,2048,awqpe_eps_safe,1600,8,1.0,1.0,0.0,1.381524528110134e-08,research/results/p3_state_sensitivity/20260926T211750Z,PRELIMINARY
B_diagonal,eigenstate,3-2-3,2048,likelihood,1600,8,1.0,1.0,0.0,1.381524528110134e-08,research/results/p3_state_sensitivity/20260926T211750Z,PRELIMINARY
B_diagonal,eigenstate,4-4,16,awqpe,1600,8,0.9825,0.9825,0.0,1.381524528110134e-08,research/results/p3_state_sensitivity/20260926T211750Z,PRELIMINARY
B_diagonal,eigenstate,4-4,16,awqpe_eps_safe,1600,8,0.99,0.99,0.0,1.381524528110134e-08,research/results/p3_state_sensitivity/20260926T211750Z,PRELIMINARY
B_diagonal,eigenstate,4-4,16,likelihood,1600,8,0.998125,0.998125,0.0,1.381524528110134e-08,research/results/p3_state_sensitivity/20260926T211750Z,PRELIMINARY
B_diagonal,eigenstate,4-4,256,awqpe,1600,8,1.0,1.0,0.0,1.381524528110134e-08,research/results/p3_state_sensitivity/20260926T211750Z,PRELIMINARY
B_diagonal,eigenstate,4-4,256,awqpe_eps_safe,1600,8,1.0,1.0,0.0,1.381524528110134e-08,research/results/p3_state_sensitivity/20260926T211750Z,PRELIMINARY
B_diagonal,eigenstate,4-4,256,likelihood,1600,8,1.0,1.0,0.0,1.381524528110134e-08,research/results/p3_state_sensitivity/20260926T211750Z,PRELIMINARY
B_diagonal,eigenstate,4-4,2048,awqpe,1600,8,1.0,1.0,0.0,1.381524528110134e-08,research/results/p3_state_sensitivity/20260926T211750Z,PRELIMINARY
B_diagonal,eigenstate,4-4,2048,awqpe_eps_safe,1600,8,1.0,1.0,0.0,1.381524528110134e-08,research/results/p3_state_sensitivity/20260926T211750Z,PRELIMINARY
B_diagonal,eigenstate,4-4,2048,likelihood,1600,8,1.0,1.0,0.0,1.381524528110134e-08,research/results/p3_state_sensitivity/20260926T211750Z,PRELIMINARY
C_conjugated,eigenstate,3-2-3,16,awqpe,1600,8,0.9075,0.9075,9.348820781889382e-16,1.3815246724391272e-08,research/results/p3_state_sensitivity/20260926T211750Z,PRELIMINARY
C_conjugated,eigenstate,3-2-3,16,awqpe_eps_safe,1600,8,0.97,0.97,9.348820781889382e-16,1.3815246724391272e-08,research/results/p3_state_sensitivity/20260926T211750Z,PRELIMINARY
C_conjugated,eigenstate,3-2-3,16,likelihood,1600,8,0.99625,0.99625,9.348820781889382e-16,1.3815246724391272e-08,research/results/p3_state_sensitivity/20260926T211750Z,PRELIMINARY
C_conjugated,eigenstate,3-2-3,256,awqpe,1600,8,0.964375,0.964375,9.348820781889382e-16,1.3815246724391272e-08,research/results/p3_state_sensitivity/20260926T211750Z,PRELIMINARY
C_conjugated,eigenstate,3-2-3,256,awqpe_eps_safe,1600,8,1.0,1.0,9.348820781889382e-16,1.3815246724391272e-08,research/results/p3_state_sensitivity/20260926T211750Z,PRELIMINARY
C_conjugated,eigenstate,3-2-3,256,likelihood,1600,8,1.0,1.0,9.348820781889382e-16,1.3815246724391272e-08,research/results/p3_state_sensitivity/20260926T211750Z,PRELIMINARY
C_conjugated,eigenstate,3-2-3,2048,awqpe,1600,8,0.998125,0.998125,9.348820781889382e-16,1.3815246724391272e-08,research/results/p3_state_sensitivity/20260926T211750Z,PRELIMINARY
C_conjugated,eigenstate,3-2-3,2048,awqpe_eps_safe,1600,8,1.0,1.0,9.348820781889382e-16,1.3815246724391272e-08,research/results/p3_state_sensitivity/20260926T211750Z,PRELIMINARY
C_conjugated,eigenstate,3-2-3,2048,likelihood,1600,8,1.0,1.0,9.348820781889382e-16,1.3815246724391272e-08,research/results/p3_state_sensitivity/20260926T211750Z,PRELIMINARY
C_conjugated,eigenstate,4-4,16,awqpe,1600,8,0.989375,0.989375,9.348820781889382e-16,1.3815246724391272e-08,research/results/p3_state_sensitivity/20260926T211750Z,PRELIMINARY
C_conjugated,eigenstate,4-4,16,awqpe_eps_safe,1600,8,0.994375,0.994375,9.348820781889382e-16,1.3815246724391272e-08,research/results/p3_state_sensitivity/20260926T211750Z,PRELIMINARY
C_conjugated,eigenstate,4-4,16,likelihood,1600,8,0.998125,0.998125,9.348820781889382e-16,1.3815246724391272e-08,research/results/p3_state_sensitivity/20260926T211750Z,PRELIMINARY
C_conjugated,eigenstate,4-4,256,awqpe,1600,8,1.0,1.0,9.348820781889382e-16,1.3815246724391272e-08,research/results/p3_state_sensitivity/20260926T211750Z,PRELIMINARY
C_conjugated,eigenstate,4-4,256,awqpe_eps_safe,1600,8,1.0,1.0,9.348820781889382e-16,1.3815246724391272e-08,research/results/p3_state_sensitivity/20260926T211750Z,PRELIMINARY
C_conjugated,eigenstate,4-4,256,likelihood,1600,8,1.0,1.0,9.348820781889382e-16,1.3815246724391272e-08,research/results/p3_state_sensitivity/20260926T211750Z,PRELIMINARY
C_conjugated,eigenstate,4-4,2048,awqpe,1600,8,1.0,1.0,9.348820781889382e-16,1.3815246724391272e-08,research/results/p3_state_sensitivity/20260926T211750Z,PRELIMINARY
C_conjugated,eigenstate,4-4,2048,awqpe_eps_safe,1600,8,1.0,1.0,9.348820781889382e-16,1.3815246724391272e-08,research/results/p3_state_sensitivity/20260926T211750Z,PRELIMINARY
C_conjugated,eigenstate,4-4,2048,likelihood,1600,8,1.0,1.0,9.348820781889382e-16,1.3815246724391272e-08,research/results/p3_state_sensitivity/20260926T211750Z,PRELIMINARY
D_modmul_eigen,eigenstate,3-2-3,16,awqpe,6800,34,0.9848529411764706,0.9848529411764706,2.664480900577544e-15,1.3815282473572665e-08,research/results/p3_state_sensitivity/20260926T211750Z,PRELIMINARY
D_modmul_eigen,eigenstate,3-2-3,16,awqpe_eps_safe,6800,34,0.9966176470588235,0.9966176470588235,2.664480900577544e-15,1.3815282473572665e-08,research/results/p3_state_sensitivity/20260926T211750Z,PRELIMINARY
D_modmul_eigen,eigenstate,3-2-3,16,likelihood,6800,34,0.9980882352941176,0.9980882352941176,2.664480900577544e-15,1.3815282473572665e-08,research/results/p3_state_sensitivity/20260926T211750Z,PRELIMINARY
D_modmul_eigen,eigenstate,3-2-3,256,awqpe,6800,34,1.0,1.0,2.664480900577544e-15,1.3815282473572665e-08,research/results/p3_state_sensitivity/20260926T211750Z,PRELIMINARY
D_modmul_eigen,eigenstate,3-2-3,256,awqpe_eps_safe,6800,34,1.0,1.0,2.664480900577544e-15,1.3815282473572665e-08,research/results/p3_state_sensitivity/20260926T211750Z,PRELIMINARY
D_modmul_eigen,eigenstate,3-2-3,256,likelihood,6800,34,1.0,1.0,2.664480900577544e-15,1.3815282473572665e-08,research/results/p3_state_sensitivity/20260926T211750Z,PRELIMINARY
D_modmul_eigen,eigenstate,3-2-3,2048,awqpe,6800,34,1.0,1.0,2.664480900577544e-15,1.3815282473572665e-08,research/results/p3_state_sensitivity/20260926T211750Z,PRELIMINARY
D_modmul_eigen,eigenstate,3-2-3,2048,awqpe_eps_safe,6800,34,1.0,1.0,2.664480900577544e-15,1.3815282473572665e-08,research/results/p3_state_sensitivity/20260926T211750Z,PRELIMINARY
D_modmul_eigen,eigenstate,3-2-3,2048,likelihood,6800,34,1.0,1.0,2.664480900577544e-15,1.3815282473572665e-08,research/results/p3_state_sensitivity/20260926T211750Z,PRELIMINARY
D_modmul_eigen,eigenstate,4-4,16,awqpe,6800,34,0.9910294117647059,0.9910294117647059,2.664480900577544e-15,1.3815282473572665e-08,research/results/p3_state_sensitivity/20260926T211750Z,PRELIMINARY
D_modmul_eigen,eigenstate,4-4,16,awqpe_eps_safe,6800,34,0.9947058823529412,0.9947058823529412,2.664480900577544e-15,1.3815282473572665e-08,research/results/p3_state_sensitivity/20260926T211750Z,PRELIMINARY
D_modmul_eigen,eigenstate,4-4,16,likelihood,6800,34,0.9995588235294117,0.9995588235294117,2.664480900577544e-15,1.3815282473572665e-08,research/results/p3_state_sensitivity/20260926T211750Z,PRELIMINARY
D_modmul_eigen,eigenstate,4-4,256,awqpe,6800,34,1.0,1.0,2.664480900577544e-15,1.3815282473572665e-08,research/results/p3_state_sensitivity/20260926T211750Z,PRELIMINARY
D_modmul_eigen,eigenstate,4-4,256,awqpe_eps_safe,6800,34,1.0,1.0,2.664480900577544e-15,1.3815282473572665e-08,research/results/p3_state_sensitivity/20260926T211750Z,PRELIMINARY
D_modmul_eigen,eigenstate,4-4,256,likelihood,6800,34,1.0,1.0,2.664480900577544e-15,1.3815282473572665e-08,research/results/p3_state_sensitivity/20260926T211750Z,PRELIMINARY
D_modmul_eigen,eigenstate,4-4,2048,awqpe,6800,34,1.0,1.0,2.664480900577544e-15,1.3815282473572665e-08,research/results/p3_state_sensitivity/20260926T211750Z,PRELIMINARY
D_modmul_eigen,eigenstate,4-4,2048,awqpe_eps_safe,6800,34,1.0,1.0,2.664480900577544e-15,1.3815282473572665e-08,research/results/p3_state_sensitivity/20260926T211750Z,PRELIMINARY
D_modmul_eigen,eigenstate,4-4,2048,likelihood,6800,34,1.0,1.0,2.664480900577544e-15,1.3815282473572665e-08,research/results/p3_state_sensitivity/20260926T211750Z,PRELIMINARY
E_modmul_one,mixture,3-2-3,16,awqpe,1400,7,0.18714285714285714,0.6342857142857142,,4.565502864650739e-09,research/results/p3_state_sensitivity/20260926T211750Z,PRELIMINARY
E_modmul_one,mixture,3-2-3,16,awqpe_eps_safe,1400,7,0.14714285714285713,0.6185714285714285,,4.565502864650739e-09,research/results/p3_state_sensitivity/20260926T211750Z,PRELIMINARY
E_modmul_one,mixture,3-2-3,16,likelihood,1400,7,0.23714285714285716,0.6114285714285714,,4.565502864650739e-09,research/results/p3_state_sensitivity/20260926T211750Z,PRELIMINARY
E_modmul_one,mixture,3-2-3,256,awqpe,1400,7,0.14714285714285713,0.855,,4.565502864650739e-09,research/results/p3_state_sensitivity/20260926T211750Z,PRELIMINARY
E_modmul_one,mixture,3-2-3,256,awqpe_eps_safe,1400,7,0.10071428571428571,0.7242857142857143,,4.565502864650739e-09,research/results/p3_state_sensitivity/20260926T211750Z,PRELIMINARY
E_modmul_one,mixture,3-2-3,256,likelihood,1400,7,0.2342857142857143,0.6071428571428571,,4.565502864650739e-09,research/results/p3_state_sensitivity/20260926T211750Z,PRELIMINARY
E_modmul_one,mixture,3-2-3,2048,awqpe,1400,7,0.09785714285714285,0.875,,4.565502864650739e-09,research/results/p3_state_sensitivity/20260926T211750Z,PRELIMINARY
E_modmul_one,mixture,3-2-3,2048,awqpe_eps_safe,1400,7,0.09714285714285714,0.7257142857142858,,4.565502864650739e-09,research/results/p3_state_sensitivity/20260926T211750Z,PRELIMINARY
E_modmul_one,mixture,3-2-3,2048,likelihood,1400,7,0.20785714285714285,0.6064285714285714,,4.565502864650739e-09,research/results/p3_state_sensitivity/20260926T211750Z,PRELIMINARY
E_modmul_one,mixture,4-4,16,awqpe,1400,7,0.18071428571428572,0.7192857142857143,,4.565502864650739e-09,research/results/p3_state_sensitivity/20260926T211750Z,PRELIMINARY
E_modmul_one,mixture,4-4,16,awqpe_eps_safe,1400,7,0.14285714285714285,0.7192857142857143,,4.565502864650739e-09,research/results/p3_state_sensitivity/20260926T211750Z,PRELIMINARY
E_modmul_one,mixture,4-4,16,likelihood,1400,7,0.19142857142857142,0.66,,4.565502864650739e-09,research/results/p3_state_sensitivity/20260926T211750Z,PRELIMINARY
E_modmul_one,mixture,4-4,256,awqpe,1400,7,0.145,0.9078571428571428,,4.565502864650739e-09,research/results/p3_state_sensitivity/20260926T211750Z,PRELIMINARY
E_modmul_one,mixture,4-4,256,awqpe_eps_safe,1400,7,0.1,0.9007142857142857,,4.565502864650739e-09,research/results/p3_state_sensitivity/20260926T211750Z,PRELIMINARY
E_modmul_one,mixture,4-4,256,likelihood,1400,7,0.21928571428571428,0.6064285714285714,,4.565502864650739e-09,research/results/p3_state_sensitivity/20260926T211750Z,PRELIMINARY
E_modmul_one,mixture,4-4,2048,awqpe,1400,7,0.09785714285714285,0.9828571428571429,,4.565502864650739e-09,research/results/p3_state_sensitivity/20260926T211750Z,PRELIMINARY
E_modmul_one,mixture,4-4,2048,awqpe_eps_safe,1400,7,0.09428571428571429,0.9792857142857143,,4.565502864650739e-09,research/results/p3_state_sensitivity/20260926T211750Z,PRELIMINARY
E_modmul_one,mixture,4-4,2048,likelihood,1400,7,0.21214285714285713,0.5721428571428572,,4.565502864650739e-09,research/results/p3_state_sensitivity/20260926T211750Z,PRELIMINARY
F_controlled_mix,eigenstate,3-2-3,16,awqpe,1600,8,0.9325,0.9325,0.0,1.3815246058257458e-08,research/results/p3_state_sensitivity/20260926T211750Z,PRELIMINARY
F_controlled_mix,eigenstate,3-2-3,16,awqpe_eps_safe,1600,8,0.99,0.99,0.0,1.3815246058257458e-08,research/results/p3_state_sensitivity/20260926T211750Z,PRELIMINARY
F_controlled_mix,eigenstate,3-2-3,16,likelihood,1600,8,0.9975,0.9975,0.0,1.3815246058257458e-08,research/results/p3_state_sensitivity/20260926T211750Z,PRELIMINARY
F_controlled_mix,eigenstate,3-2-3,256,awqpe,1600,8,1.0,1.0,0.0,1.3815246058257458e-08,research/results/p3_state_sensitivity/20260926T211750Z,PRELIMINARY
F_controlled_mix,eigenstate,3-2-3,256,awqpe_eps_safe,1600,8,1.0,1.0,0.0,1.3815246058257458e-08,research/results/p3_state_sensitivity/20260926T211750Z,PRELIMINARY
F_controlled_mix,eigenstate,3-2-3,256,likelihood,1600,8,1.0,1.0,0.0,1.3815246058257458e-08,research/results/p3_state_sensitivity/20260926T211750Z,PRELIMINARY
F_controlled_mix,eigenstate,3-2-3,2048,awqpe,1600,8,1.0,1.0,0.0,1.3815246058257458e-08,research/results/p3_state_sensitivity/20260926T211750Z,PRELIMINARY
F_controlled_mix,eigenstate,3-2-3,2048,awqpe_eps_safe,1600,8,1.0,1.0,0.0,1.3815246058257458e-08,research/results/p3_state_sensitivity/20260926T211750Z,PRELIMINARY
F_controlled_mix,eigenstate,3-2-3,2048,likelihood,1600,8,1.0,1.0,0.0,1.3815246058257458e-08,research/results/p3_state_sensitivity/20260926T211750Z,PRELIMINARY
F_controlled_mix,eigenstate,4-4,16,awqpe,1600,8,0.996875,0.996875,0.0,1.3815246058257458e-08,research/results/p3_state_sensitivity/20260926T211750Z,PRELIMINARY
F_controlled_mix,eigenstate,4-4,16,awqpe_eps_safe,1600,8,0.99875,0.99875,0.0,1.3815246058257458e-08,research/results/p3_state_sensitivity/20260926T211750Z,PRELIMINARY
F_controlled_mix,eigenstate,4-4,16,likelihood,1600,8,1.0,1.0,0.0,1.3815246058257458e-08,research/results/p3_state_sensitivity/20260926T211750Z,PRELIMINARY
F_controlled_mix,eigenstate,4-4,256,awqpe,1600,8,1.0,1.0,0.0,1.3815246058257458e-08,research/results/p3_state_sensitivity/20260926T211750Z,PRELIMINARY
F_controlled_mix,eigenstate,4-4,256,awqpe_eps_safe,1600,8,1.0,1.0,0.0,1.3815246058257458e-08,research/results/p3_state_sensitivity/20260926T211750Z,PRELIMINARY
F_controlled_mix,eigenstate,4-4,256,likelihood,1600,8,1.0,1.0,0.0,1.3815246058257458e-08,research/results/p3_state_sensitivity/20260926T211750Z,PRELIMINARY
F_controlled_mix,eigenstate,4-4,2048,awqpe,1600,8,1.0,1.0,0.0,1.3815246058257458e-08,research/results/p3_state_sensitivity/20260926T211750Z,PRELIMINARY
F_controlled_mix,eigenstate,4-4,2048,awqpe_eps_safe,1600,8,1.0,1.0,0.0,1.3815246058257458e-08,research/results/p3_state_sensitivity/20260926T211750Z,PRELIMINARY
F_controlled_mix,eigenstate,4-4,2048,likelihood,1600,8,1.0,1.0,0.0,1.3815246058257458e-08,research/results/p3_state_sensitivity/20260926T211750Z,PRELIMINARY
F_controlled_mix,mixture,3-2-3,16,awqpe,4800,24,0.761875,0.7735416666666667,,1.2705274832214286e-08,research/results/p3_state_sensitivity/20260926T211750Z,PRELIMINARY
F_controlled_mix,mixture,3-2-3,16,awqpe_eps_safe,4800,24,0.75125,0.779375,,1.2705274832214286e-08,research/results/p3_state_sensitivity/20260926T211750Z,PRELIMINARY
F_controlled_mix,mixture,3-2-3,16,likelihood,4800,24,0.7779166666666667,0.7877083333333333,,1.2705274832214286e-08,research/results/p3_state_sensitivity/20260926T211750Z,PRELIMINARY
F_controlled_mix,mixture,3-2-3,256,awqpe,4800,24,0.94875,0.9522916666666666,,1.2705274832214286e-08,research/results/p3_state_sensitivity/20260926T211750Z,PRELIMINARY
F_controlled_mix,mixture,3-2-3,256,awqpe_eps_safe,4800,24,0.8572916666666667,0.8964583333333334,,1.2705274832214286e-08,research/results/p3_state_sensitivity/20260926T211750Z,PRELIMINARY
F_controlled_mix,mixture,3-2-3,256,likelihood,4800,24,0.86125,0.861875,,1.2705274832214286e-08,research/results/p3_state_sensitivity/20260926T211750Z,PRELIMINARY
F_controlled_mix,mixture,3-2-3,2048,awqpe,4800,24,0.9572916666666667,0.9572916666666667,,1.2705274832214286e-08,research/results/p3_state_sensitivity/20260926T211750Z,PRELIMINARY
F_controlled_mix,mixture,3-2-3,2048,awqpe_eps_safe,4800,24,0.8652083333333334,0.906875,,1.2705274832214286e-08,research/results/p3_state_sensitivity/20260926T211750Z,PRELIMINARY
F_controlled_mix,mixture,3-2-3,2048,likelihood,4800,24,0.8741666666666666,0.8741666666666666,,1.2705274832214286e-08,research/results/p3_state_sensitivity/20260926T211750Z,PRELIMINARY
F_controlled_mix,mixture,4-4,16,awqpe,4800,24,0.9372916666666666,0.9452083333333333,,1.2705274832214286e-08,research/results/p3_state_sensitivity/20260926T211750Z,PRELIMINARY
F_controlled_mix,mixture,4-4,16,awqpe_eps_safe,4800,24,0.925625,0.933125,,1.2705274832214286e-08,research/results/p3_state_sensitivity/20260926T211750Z,PRELIMINARY
F_controlled_mix,mixture,4-4,16,likelihood,4800,24,0.9377083333333334,0.944375,,1.2705274832214286e-08,research/results/p3_state_sensitivity/20260926T211750Z,PRELIMINARY
F_controlled_mix,mixture,4-4,256,awqpe,4800,24,0.9797916666666666,0.9797916666666666,,1.2705274832214286e-08,research/results/p3_state_sensitivity/20260926T211750Z,PRELIMINARY
F_controlled_mix,mixture,4-4,256,awqpe_eps_safe,4800,24,0.964375,0.964375,,1.2705274832214286e-08,research/results/p3_state_sensitivity/20260926T211750Z,PRELIMINARY
F_controlled_mix,mixture,4-4,256,likelihood,4800,24,0.9970833333333333,0.9970833333333333,,1.2705274832214286e-08,research/results/p3_state_sensitivity/20260926T211750Z,PRELIMINARY
F_controlled_mix,mixture,4-4,2048,awqpe,4800,24,0.981875,0.981875,,1.2705274832214286e-08,research/results/p3_state_sensitivity/20260926T211750Z,PRELIMINARY
F_controlled_mix,mixture,4-4,2048,awqpe_eps_safe,4800,24,0.9583333333333334,0.9583333333333334,,1.2705274832214286e-08,research/results/p3_state_sensitivity/20260926T211750Z,PRELIMINARY
F_controlled_mix,mixture,4-4,2048,likelihood,4800,24,1.0,1.0,,1.2705274832214286e-08,research/results/p3_state_sensitivity/20260926T211750Z,PRELIMINARY
