instance,widths,shots_per_block,decoder,state,trials,p_hit_nonzero_s_over_r,p_output_zero,flag_rate,true_max_top2_ratio,p_tol_target,run,status
"(15,13) r=4",3-2-3,16,awqpe,|1> (mixture),200,0.635,0.365,0.23,0.9999999999999999,,research/results/p3_state_sensitivity/20260926T211750Z,PRELIMINARY
"(15,13) r=4",3-2-3,16,awqpe_eps_safe,|1> (mixture),200,0.515,0.485,0.76,0.9999999999999999,,research/results/p3_state_sensitivity/20260926T211750Z,PRELIMINARY
"(15,13) r=4",3-2-3,16,likelihood,|1> (mixture),200,0.665,0.0,,0.9999999999999999,,research/results/p3_state_sensitivity/20260926T211750Z,PRELIMINARY
"(15,13) r=4",3-2-3,256,awqpe,|1> (mixture),200,0.6,0.4,0.665,0.9999999999999999,,research/results/p3_state_sensitivity/20260926T211750Z,PRELIMINARY
"(15,13) r=4",3-2-3,256,awqpe_eps_safe,|1> (mixture),200,0.515,0.485,1.0,0.9999999999999999,,research/results/p3_state_sensitivity/20260926T211750Z,PRELIMINARY
"(15,13) r=4",3-2-3,256,likelihood,|1> (mixture),200,0.78,0.0,,0.9999999999999999,,research/results/p3_state_sensitivity/20260926T211750Z,PRELIMINARY
"(15,13) r=4",3-2-3,2048,awqpe,|1> (mixture),200,0.53,0.47,0.975,0.9999999999999999,,research/results/p3_state_sensitivity/20260926T211750Z,PRELIMINARY
"(15,13) r=4",3-2-3,2048,awqpe_eps_safe,|1> (mixture),200,0.52,0.48,1.0,0.9999999999999999,,research/results/p3_state_sensitivity/20260926T211750Z,PRELIMINARY
"(15,13) r=4",3-2-3,2048,likelihood,|1> (mixture),200,0.75,0.0,,0.9999999999999999,,research/results/p3_state_sensitivity/20260926T211750Z,PRELIMINARY
"(15,13) r=4",4-4,16,awqpe,|1> (mixture),200,0.63,0.37,0.19,0.9999999999999999,,research/results/p3_state_sensitivity/20260926T211750Z,PRELIMINARY
"(15,13) r=4",4-4,16,awqpe_eps_safe,|1> (mixture),200,0.565,0.435,0.53,0.9999999999999999,,research/results/p3_state_sensitivity/20260926T211750Z,PRELIMINARY
"(15,13) r=4",4-4,16,likelihood,|1> (mixture),200,0.635,0.0,,0.9999999999999999,,research/results/p3_state_sensitivity/20260926T211750Z,PRELIMINARY
"(15,13) r=4",4-4,256,awqpe,|1> (mixture),200,0.57,0.43,0.64,0.9999999999999999,,research/results/p3_state_sensitivity/20260926T211750Z,PRELIMINARY
"(15,13) r=4",4-4,256,awqpe_eps_safe,|1> (mixture),200,0.49,0.51,0.98,0.9999999999999999,,research/results/p3_state_sensitivity/20260926T211750Z,PRELIMINARY
"(15,13) r=4",4-4,256,likelihood,|1> (mixture),200,0.72,0.0,,0.9999999999999999,,research/results/p3_state_sensitivity/20260926T211750Z,PRELIMINARY
"(15,13) r=4",4-4,2048,awqpe,|1> (mixture),200,0.47,0.53,0.98,0.9999999999999999,,research/results/p3_state_sensitivity/20260926T211750Z,PRELIMINARY
"(15,13) r=4",4-4,2048,awqpe_eps_safe,|1> (mixture),200,0.465,0.535,1.0,0.9999999999999999,,research/results/p3_state_sensitivity/20260926T211750Z,PRELIMINARY
"(15,13) r=4",4-4,2048,likelihood,|1> (mixture),200,0.765,0.0,,0.9999999999999999,,research/results/p3_state_sensitivity/20260926T211750Z,PRELIMINARY
"(15,2) r=4",3-2-3,16,awqpe,|1> (mixture),200,0.715,0.285,0.185,0.9999999999999999,,research/results/p3_state_sensitivity/20260926T211750Z,PRELIMINARY
"(15,2) r=4",3-2-3,16,awqpe_eps_safe,|1> (mixture),200,0.545,0.455,0.79,0.9999999999999999,,research/results/p3_state_sensitivity/20260926T211750Z,PRELIMINARY
"(15,2) r=4",3-2-3,16,likelihood,|1> (mixture),200,0.725,0.0,,0.9999999999999999,,research/results/p3_state_sensitivity/20260926T211750Z,PRELIMINARY
"(15,2) r=4",3-2-3,256,awqpe,|1> (mixture),200,0.645,0.355,0.655,0.9999999999999999,,research/results/p3_state_sensitivity/20260926T211750Z,PRELIMINARY
"(15,2) r=4",3-2-3,256,awqpe_eps_safe,|1> (mixture),200,0.52,0.48,1.0,0.9999999999999999,,research/results/p3_state_sensitivity/20260926T211750Z,PRELIMINARY
"(15,2) r=4",3-2-3,256,likelihood,|1> (mixture),200,0.76,0.0,,0.9999999999999999,,research/results/p3_state_sensitivity/20260926T211750Z,PRELIMINARY
"(15,2) r=4",3-2-3,2048,awqpe,|1> (mixture),200,0.56,0.44,0.98,0.9999999999999999,,research/results/p3_state_sensitivity/20260926T211750Z,PRELIMINARY
"(15,2) r=4",3-2-3,2048,awqpe_eps_safe,|1> (mixture),200,0.55,0.45,1.0,0.9999999999999999,,research/results/p3_state_sensitivity/20260926T211750Z,PRELIMINARY
"(15,2) r=4",3-2-3,2048,likelihood,|1> (mixture),200,0.725,0.0,,0.9999999999999999,,research/results/p3_state_sensitivity/20260926T211750Z,PRELIMINARY
"(15,2) r=4",4-4,16,awqpe,|1> (mixture),200,0.69,0.31,0.225,0.9999999999999999,,research/results/p3_state_sensitivity/20260926T211750Z,PRELIMINARY
"(15,2) r=4",4-4,16,awqpe_eps_safe,|1> (mixture),200,0.61,0.39,0.555,0.9999999999999999,,research/results/p3_state_sensitivity/20260926T211750Z,PRELIMINARY
"(15,2) r=4",4-4,16,likelihood,|1> (mixture),200,0.73,0.0,,0.9999999999999999,,research/results/p3_state_sensitivity/20260926T211750Z,PRELIMINARY
"(15,2) r=4",4-4,256,awqpe,|1> (mixture),200,0.58,0.42,0.695,0.9999999999999999,,research/results/p3_state_sensitivity/20260926T211750Z,PRELIMINARY
"(15,2) r=4",4-4,256,awqpe_eps_safe,|1> (mixture),200,0.49,0.51,0.99,0.9999999999999999,,research/results/p3_state_sensitivity/20260926T211750Z,PRELIMINARY
"(15,2) r=4",4-4,256,likelihood,|1> (mixture),200,0.765,0.0,,0.9999999999999999,,research/results/p3_state_sensitivity/20260926T211750Z,PRELIMINARY
"(15,2) r=4",4-4,2048,awqpe,|1> (mixture),200,0.555,0.445,0.995,0.9999999999999999,,research/results/p3_state_sensitivity/20260926T211750Z,PRELIMINARY
"(15,2) r=4",4-4,2048,awqpe_eps_safe,|1> (mixture),200,0.555,0.445,1.0,0.9999999999999999,,research/results/p3_state_sensitivity/20260926T211750Z,PRELIMINARY
"(15,2) r=4",4-4,2048,likelihood,|1> (mixture),200,0.77,0.0,,0.9999999999999999,,research/results/p3_state_sensitivity/20260926T211750Z,PRELIMINARY
"(15,4) r=2",3-2-3,16,awqpe,|1> (mixture),200,0.415,0.585,0.175,0.9999999999999999,,research/results/p3_state_sensitivity/20260926T211750Z,PRELIMINARY
"(15,4) r=2",3-2-3,16,awqpe_eps_safe,|1> (mixture),200,0.23,0.77,0.555,0.9999999999999999,,research/results/p3_state_sensitivity/20260926T211750Z,PRELIMINARY
"(15,4) r=2",3-2-3,16,likelihood,|1> (mixture),200,0.59,0.0,,0.9999999999999999,,research/results/p3_state_sensitivity/20260926T211750Z,PRELIMINARY
"(15,4) r=2",3-2-3,256,awqpe,|1> (mixture),200,0.19,0.81,0.655,0.9999999999999999,,research/results/p3_state_sensitivity/20260926T211750Z,PRELIMINARY
"(15,4) r=2",3-2-3,256,awqpe_eps_safe,|1> (mixture),200,0.0,1.0,1.0,0.9999999999999999,,research/results/p3_state_sensitivity/20260926T211750Z,PRELIMINARY
"(15,4) r=2",3-2-3,256,likelihood,|1> (mixture),200,0.545,0.0,,0.9999999999999999,,research/results/p3_state_sensitivity/20260926T211750Z,PRELIMINARY
"(15,4) r=2",3-2-3,2048,awqpe,|1> (mixture),200,0.0,1.0,0.985,0.9999999999999999,,research/results/p3_state_sensitivity/20260926T211750Z,PRELIMINARY
"(15,4) r=2",3-2-3,2048,awqpe_eps_safe,|1> (mixture),200,0.0,1.0,1.0,0.9999999999999999,,research/results/p3_state_sensitivity/20260926T211750Z,PRELIMINARY
"(15,4) r=2",3-2-3,2048,likelihood,|1> (mixture),200,0.535,0.0,,0.9999999999999999,,research/results/p3_state_sensitivity/20260926T211750Z,PRELIMINARY
"(15,4) r=2",4-4,16,awqpe,|1> (mixture),200,0.38,0.62,0.22,0.9999999999999999,,research/results/p3_state_sensitivity/20260926T211750Z,PRELIMINARY
"(15,4) r=2",4-4,16,awqpe_eps_safe,|1> (mixture),200,0.235,0.765,0.57,0.9999999999999999,,research/results/p3_state_sensitivity/20260926T211750Z,PRELIMINARY
"(15,4) r=2",4-4,16,likelihood,|1> (mixture),200,0.38,0.0,,0.9999999999999999,,research/results/p3_state_sensitivity/20260926T211750Z,PRELIMINARY
"(15,4) r=2",4-4,256,awqpe,|1> (mixture),200,0.185,0.815,0.585,0.9999999999999999,,research/results/p3_state_sensitivity/20260926T211750Z,PRELIMINARY
"(15,4) r=2",4-4,256,awqpe_eps_safe,|1> (mixture),200,0.015,0.985,0.965,0.9999999999999999,,research/results/p3_state_sensitivity/20260926T211750Z,PRELIMINARY
"(15,4) r=2",4-4,256,likelihood,|1> (mixture),200,0.465,0.0,,0.9999999999999999,,research/results/p3_state_sensitivity/20260926T211750Z,PRELIMINARY
"(15,4) r=2",4-4,2048,awqpe,|1> (mixture),200,0.01,0.99,0.98,0.9999999999999999,,research/results/p3_state_sensitivity/20260926T211750Z,PRELIMINARY
"(15,4) r=2",4-4,2048,awqpe_eps_safe,|1> (mixture),200,0.0,1.0,1.0,0.9999999999999999,,research/results/p3_state_sensitivity/20260926T211750Z,PRELIMINARY
"(15,4) r=2",4-4,2048,likelihood,|1> (mixture),200,0.44,0.0,,0.9999999999999999,,research/results/p3_state_sensitivity/20260926T211750Z,PRELIMINARY
"(21,19) r=6",3-2-3,16,awqpe,|1> (mixture),200,0.09,0.055,0.455,0.999999999999998,,research/results/p3_state_sensitivity/20260926T211750Z,PRELIMINARY
"(21,19) r=6",3-2-3,16,awqpe_eps_safe,|1> (mixture),200,0.05,0.055,0.96,0.999999999999998,,research/results/p3_state_sensitivity/20260926T211750Z,PRELIMINARY
"(21,19) r=6",3-2-3,16,likelihood,|1> (mixture),200,0.085,0.0,,0.999999999999998,,research/results/p3_state_sensitivity/20260926T211750Z,PRELIMINARY
"(21,19) r=6",3-2-3,256,awqpe,|1> (mixture),200,0.305,0.64,0.48,0.999999999999998,,research/results/p3_state_sensitivity/20260926T211750Z,PRELIMINARY
"(21,19) r=6",3-2-3,256,awqpe_eps_safe,|1> (mixture),200,0.035,0.505,1.0,0.999999999999998,,research/results/p3_state_sensitivity/20260926T211750Z,PRELIMINARY
"(21,19) r=6",3-2-3,256,likelihood,|1> (mixture),200,0.0,0.0,,0.999999999999998,,research/results/p3_state_sensitivity/20260926T211750Z,PRELIMINARY
"(21,19) r=6",3-2-3,2048,awqpe,|1> (mixture),200,0.09,0.91,0.845,0.999999999999998,,research/results/p3_state_sensitivity/20260926T211750Z,PRELIMINARY
"(21,19) r=6",3-2-3,2048,awqpe_eps_safe,|1> (mixture),200,0.0,0.47,1.0,0.999999999999998,,research/results/p3_state_sensitivity/20260926T211750Z,PRELIMINARY
"(21,19) r=6",3-2-3,2048,likelihood,|1> (mixture),200,0.0,0.0,,0.999999999999998,,research/results/p3_state_sensitivity/20260926T211750Z,PRELIMINARY
"(21,19) r=6",4-4,16,awqpe,|1> (mixture),200,0.185,0.185,0.42,0.999999999999997,,research/results/p3_state_sensitivity/20260926T211750Z,PRELIMINARY
"(21,19) r=6",4-4,16,awqpe_eps_safe,|1> (mixture),200,0.185,0.195,0.68,0.999999999999997,,research/results/p3_state_sensitivity/20260926T211750Z,PRELIMINARY
"(21,19) r=6",4-4,16,likelihood,|1> (mixture),200,0.265,0.0,,0.999999999999997,,research/results/p3_state_sensitivity/20260926T211750Z,PRELIMINARY
"(21,19) r=6",4-4,256,awqpe,|1> (mixture),200,0.28,0.66,0.485,0.999999999999997,,research/results/p3_state_sensitivity/20260926T211750Z,PRELIMINARY
"(21,19) r=6",4-4,256,awqpe_eps_safe,|1> (mixture),200,0.125,0.79,0.915,0.999999999999997,,research/results/p3_state_sensitivity/20260926T211750Z,PRELIMINARY
"(21,19) r=6",4-4,256,likelihood,|1> (mixture),200,0.12,0.0,,0.999999999999997,,research/results/p3_state_sensitivity/20260926T211750Z,PRELIMINARY
"(21,19) r=6",4-4,2048,awqpe,|1> (mixture),200,0.095,0.905,0.84,0.999999999999997,,research/results/p3_state_sensitivity/20260926T211750Z,PRELIMINARY
"(21,19) r=6",4-4,2048,awqpe_eps_safe,|1> (mixture),200,0.0,1.0,1.0,0.999999999999997,,research/results/p3_state_sensitivity/20260926T211750Z,PRELIMINARY
"(21,19) r=6",4-4,2048,likelihood,|1> (mixture),200,0.0,0.0,,0.999999999999997,,research/results/p3_state_sensitivity/20260926T211750Z,PRELIMINARY
"(21,2) r=6",3-2-3,16,awqpe,|1> (mixture),200,0.105,0.115,0.52,0.9999999999999983,,research/results/p3_state_sensitivity/20260926T211750Z,PRELIMINARY
"(21,2) r=6",3-2-3,16,awqpe_eps_safe,|1> (mixture),200,0.065,0.085,0.96,0.9999999999999983,,research/results/p3_state_sensitivity/20260926T211750Z,PRELIMINARY
"(21,2) r=6",3-2-3,16,likelihood,|1> (mixture),200,0.07,0.0,,0.9999999999999983,,research/results/p3_state_sensitivity/20260926T211750Z,PRELIMINARY
"(21,2) r=6",3-2-3,256,awqpe,|1> (mixture),200,0.325,0.605,0.47,0.9999999999999983,,research/results/p3_state_sensitivity/20260926T211750Z,PRELIMINARY
"(21,2) r=6",3-2-3,256,awqpe_eps_safe,|1> (mixture),200,0.02,0.425,1.0,0.9999999999999983,,research/results/p3_state_sensitivity/20260926T211750Z,PRELIMINARY
"(21,2) r=6",3-2-3,256,likelihood,|1> (mixture),200,0.0,0.0,,0.9999999999999983,,research/results/p3_state_sensitivity/20260926T211750Z,PRELIMINARY
"(21,2) r=6",3-2-3,2048,awqpe,|1> (mixture),200,0.06,0.94,0.88,0.9999999999999983,,research/results/p3_state_sensitivity/20260926T211750Z,PRELIMINARY
"(21,2) r=6",3-2-3,2048,awqpe_eps_safe,|1> (mixture),200,0.0,0.485,1.0,0.9999999999999983,,research/results/p3_state_sensitivity/20260926T211750Z,PRELIMINARY
"(21,2) r=6",3-2-3,2048,likelihood,|1> (mixture),200,0.0,0.0,,0.9999999999999983,,research/results/p3_state_sensitivity/20260926T211750Z,PRELIMINARY
"(21,2) r=6",4-4,16,awqpe,|1> (mixture),200,0.285,0.16,0.465,0.9999999999999989,,research/results/p3_state_sensitivity/20260926T211750Z,PRELIMINARY
"(21,2) r=6",4-4,16,awqpe_eps_safe,|1> (mixture),200,0.25,0.185,0.675,0.9999999999999989,,research/results/p3_state_sensitivity/20260926T211750Z,PRELIMINARY
"(21,2) r=6",4-4,16,likelihood,|1> (mixture),200,0.27,0.0,,0.9999999999999989,,research/results/p3_state_sensitivity/20260926T211750Z,PRELIMINARY
"(21,2) r=6",4-4,256,awqpe,|1> (mixture),200,0.255,0.7,0.495,0.9999999999999989,,research/results/p3_state_sensitivity/20260926T211750Z,PRELIMINARY
"(21,2) r=6",4-4,256,awqpe_eps_safe,|1> (mixture),200,0.08,0.835,0.935,0.9999999999999989,,research/results/p3_state_sensitivity/20260926T211750Z,PRELIMINARY
"(21,2) r=6",4-4,256,likelihood,|1> (mixture),200,0.125,0.0,,0.9999999999999989,,research/results/p3_state_sensitivity/20260926T211750Z,PRELIMINARY
"(21,2) r=6",4-4,2048,awqpe,|1> (mixture),200,0.075,0.925,0.84,0.9999999999999989,,research/results/p3_state_sensitivity/20260926T211750Z,PRELIMINARY
"(21,2) r=6",4-4,2048,awqpe_eps_safe,|1> (mixture),200,0.0,1.0,1.0,0.9999999999999989,,research/results/p3_state_sensitivity/20260926T211750Z,PRELIMINARY
"(21,2) r=6",4-4,2048,likelihood,|1> (mixture),200,0.005,0.0,,0.9999999999999989,,research/results/p3_state_sensitivity/20260926T211750Z,PRELIMINARY
"(21,8) r=2",3-2-3,16,awqpe,|1> (mixture),200,0.415,0.585,0.215,0.9999999999999999,,research/results/p3_state_sensitivity/20260926T211750Z,PRELIMINARY
"(21,8) r=2",3-2-3,16,awqpe_eps_safe,|1> (mixture),200,0.225,0.775,0.575,0.9999999999999999,,research/results/p3_state_sensitivity/20260926T211750Z,PRELIMINARY
"(21,8) r=2",3-2-3,16,likelihood,|1> (mixture),200,0.63,0.0,,0.9999999999999999,,research/results/p3_state_sensitivity/20260926T211750Z,PRELIMINARY
"(21,8) r=2",3-2-3,256,awqpe,|1> (mixture),200,0.175,0.825,0.65,0.9999999999999999,,research/results/p3_state_sensitivity/20260926T211750Z,PRELIMINARY
"(21,8) r=2",3-2-3,256,awqpe_eps_safe,|1> (mixture),200,0.0,1.0,1.0,0.9999999999999999,,research/results/p3_state_sensitivity/20260926T211750Z,PRELIMINARY
"(21,8) r=2",3-2-3,256,likelihood,|1> (mixture),200,0.52,0.0,,0.9999999999999999,,research/results/p3_state_sensitivity/20260926T211750Z,PRELIMINARY
"(21,8) r=2",3-2-3,2048,awqpe,|1> (mixture),200,0.01,0.99,0.975,0.9999999999999999,,research/results/p3_state_sensitivity/20260926T211750Z,PRELIMINARY
"(21,8) r=2",3-2-3,2048,awqpe_eps_safe,|1> (mixture),200,0.0,1.0,1.0,0.9999999999999999,,research/results/p3_state_sensitivity/20260926T211750Z,PRELIMINARY
"(21,8) r=2",3-2-3,2048,likelihood,|1> (mixture),200,0.505,0.0,,0.9999999999999999,,research/results/p3_state_sensitivity/20260926T211750Z,PRELIMINARY
"(21,8) r=2",4-4,16,awqpe,|1> (mixture),200,0.43,0.57,0.205,0.9999999999999999,,research/results/p3_state_sensitivity/20260926T211750Z,PRELIMINARY
"(21,8) r=2",4-4,16,awqpe_eps_safe,|1> (mixture),200,0.235,0.765,0.555,0.9999999999999999,,research/results/p3_state_sensitivity/20260926T211750Z,PRELIMINARY
"(21,8) r=2",4-4,16,likelihood,|1> (mixture),200,0.43,0.0,,0.9999999999999999,,research/results/p3_state_sensitivity/20260926T211750Z,PRELIMINARY
"(21,8) r=2",4-4,256,awqpe,|1> (mixture),200,0.2,0.8,0.585,0.9999999999999999,,research/results/p3_state_sensitivity/20260926T211750Z,PRELIMINARY
"(21,8) r=2",4-4,256,awqpe_eps_safe,|1> (mixture),200,0.0,1.0,0.98,0.9999999999999999,,research/results/p3_state_sensitivity/20260926T211750Z,PRELIMINARY
"(21,8) r=2",4-4,256,likelihood,|1> (mixture),200,0.485,0.0,,0.9999999999999999,,research/results/p3_state_sensitivity/20260926T211750Z,PRELIMINARY
"(21,8) r=2",4-4,2048,awqpe,|1> (mixture),200,0.015,0.985,0.975,0.9999999999999999,,research/results/p3_state_sensitivity/20260926T211750Z,PRELIMINARY
"(21,8) r=2",4-4,2048,awqpe_eps_safe,|1> (mixture),200,0.0,1.0,1.0,0.9999999999999999,,research/results/p3_state_sensitivity/20260926T211750Z,PRELIMINARY
"(21,8) r=2",4-4,2048,likelihood,|1> (mixture),200,0.475,0.0,,0.9999999999999999,,research/results/p3_state_sensitivity/20260926T211750Z,PRELIMINARY
"(33,2) r=10",3-2-3,16,awqpe,|1> (mixture),200,0.06,0.015,0.59,0.9999999999999999,,research/results/p3_state_sensitivity/20260926T211750Z,PRELIMINARY
"(33,2) r=10",3-2-3,16,awqpe_eps_safe,|1> (mixture),200,0.055,0.02,0.98,0.9999999999999999,,research/results/p3_state_sensitivity/20260926T211750Z,PRELIMINARY
"(33,2) r=10",3-2-3,16,likelihood,|1> (mixture),200,0.125,0.0,,0.9999999999999999,,research/results/p3_state_sensitivity/20260926T211750Z,PRELIMINARY
"(33,2) r=10",3-2-3,256,awqpe,|1> (mixture),200,0.06,0.05,0.95,0.9999999999999999,,research/results/p3_state_sensitivity/20260926T211750Z,PRELIMINARY
"(33,2) r=10",3-2-3,256,awqpe_eps_safe,|1> (mixture),200,0.03,0.055,1.0,0.9999999999999999,,research/results/p3_state_sensitivity/20260926T211750Z,PRELIMINARY
"(33,2) r=10",3-2-3,256,likelihood,|1> (mixture),200,0.25,0.0,,0.9999999999999999,,research/results/p3_state_sensitivity/20260926T211750Z,PRELIMINARY
"(33,2) r=10",3-2-3,2048,awqpe,|1> (mixture),200,0.04,0.085,1.0,0.9999999999999999,,research/results/p3_state_sensitivity/20260926T211750Z,PRELIMINARY
"(33,2) r=10",3-2-3,2048,awqpe_eps_safe,|1> (mixture),200,0.04,0.085,1.0,0.9999999999999999,,research/results/p3_state_sensitivity/20260926T211750Z,PRELIMINARY
"(33,2) r=10",3-2-3,2048,likelihood,|1> (mixture),200,0.245,0.0,,0.9999999999999999,,research/results/p3_state_sensitivity/20260926T211750Z,PRELIMINARY
"(33,2) r=10",4-4,16,awqpe,|1> (mixture),200,0.15,0.07,0.46,0.999999999999998,,research/results/p3_state_sensitivity/20260926T211750Z,PRELIMINARY
"(33,2) r=10",4-4,16,awqpe_eps_safe,|1> (mixture),200,0.15,0.07,0.56,0.999999999999998,,research/results/p3_state_sensitivity/20260926T211750Z,PRELIMINARY
"(33,2) r=10",4-4,16,likelihood,|1> (mixture),200,0.085,0.0,,0.999999999999998,,research/results/p3_state_sensitivity/20260926T211750Z,PRELIMINARY
"(33,2) r=10",4-4,256,awqpe,|1> (mixture),200,0.23,0.23,0.795,0.999999999999998,,research/results/p3_state_sensitivity/20260926T211750Z,PRELIMINARY
"(33,2) r=10",4-4,256,awqpe_eps_safe,|1> (mixture),200,0.18,0.295,1.0,0.999999999999998,,research/results/p3_state_sensitivity/20260926T211750Z,PRELIMINARY
"(33,2) r=10",4-4,256,likelihood,|1> (mixture),200,0.0,0.0,,0.999999999999998,,research/results/p3_state_sensitivity/20260926T211750Z,PRELIMINARY
"(33,2) r=10",4-4,2048,awqpe,|1> (mixture),200,0.18,0.7,0.875,0.999999999999998,,research/results/p3_state_sensitivity/20260926T211750Z,PRELIMINARY
"(33,2) r=10",4-4,2048,awqpe_eps_safe,|1> (mixture),200,0.085,0.77,1.0,0.999999999999998,,research/results/p3_state_sensitivity/20260926T211750Z,PRELIMINARY
"(33,2) r=10",4-4,2048,likelihood,|1> (mixture),200,0.0,0.0,,0.999999999999998,,research/results/p3_state_sensitivity/20260926T211750Z,PRELIMINARY
"(15,13) r=4",3-2-3,16,awqpe,eigenstates |u_s>,800,,,0.0,1.3183898417423734e-16,1.0,research/results/p3_state_sensitivity/20260926T211750Z,PRELIMINARY
"(15,13) r=4",3-2-3,16,awqpe_eps_safe,eigenstates |u_s>,800,,,0.0,1.3183898417423734e-16,1.0,research/results/p3_state_sensitivity/20260926T211750Z,PRELIMINARY
"(15,13) r=4",3-2-3,16,likelihood,eigenstates |u_s>,800,,,,1.3183898417423734e-16,1.0,research/results/p3_state_sensitivity/20260926T211750Z,PRELIMINARY
"(15,13) r=4",3-2-3,256,awqpe,eigenstates |u_s>,800,,,0.0,1.3183898417423734e-16,1.0,research/results/p3_state_sensitivity/20260926T211750Z,PRELIMINARY
"(15,13) r=4",3-2-3,256,awqpe_eps_safe,eigenstates |u_s>,800,,,0.0,1.3183898417423734e-16,1.0,research/results/p3_state_sensitivity/20260926T211750Z,PRELIMINARY
"(15,13) r=4",3-2-3,256,likelihood,eigenstates |u_s>,800,,,,1.3183898417423734e-16,1.0,research/results/p3_state_sensitivity/20260926T211750Z,PRELIMINARY
"(15,13) r=4",3-2-3,2048,awqpe,eigenstates |u_s>,800,,,0.0,1.3183898417423734e-16,1.0,research/results/p3_state_sensitivity/20260926T211750Z,PRELIMINARY
"(15,13) r=4",3-2-3,2048,awqpe_eps_safe,eigenstates |u_s>,800,,,0.0,1.3183898417423734e-16,1.0,research/results/p3_state_sensitivity/20260926T211750Z,PRELIMINARY
"(15,13) r=4",3-2-3,2048,likelihood,eigenstates |u_s>,800,,,,1.3183898417423734e-16,1.0,research/results/p3_state_sensitivity/20260926T211750Z,PRELIMINARY
"(15,13) r=4",4-4,16,awqpe,eigenstates |u_s>,800,,,0.0,2.246466901389965e-16,1.0,research/results/p3_state_sensitivity/20260926T211750Z,PRELIMINARY
"(15,13) r=4",4-4,16,awqpe_eps_safe,eigenstates |u_s>,800,,,0.0,2.246466901389965e-16,1.0,research/results/p3_state_sensitivity/20260926T211750Z,PRELIMINARY
"(15,13) r=4",4-4,16,likelihood,eigenstates |u_s>,800,,,,2.246466901389965e-16,1.0,research/results/p3_state_sensitivity/20260926T211750Z,PRELIMINARY
"(15,13) r=4",4-4,256,awqpe,eigenstates |u_s>,800,,,0.0,2.246466901389965e-16,1.0,research/results/p3_state_sensitivity/20260926T211750Z,PRELIMINARY
"(15,13) r=4",4-4,256,awqpe_eps_safe,eigenstates |u_s>,800,,,0.0,2.246466901389965e-16,1.0,research/results/p3_state_sensitivity/20260926T211750Z,PRELIMINARY
"(15,13) r=4",4-4,256,likelihood,eigenstates |u_s>,800,,,,2.246466901389965e-16,1.0,research/results/p3_state_sensitivity/20260926T211750Z,PRELIMINARY
"(15,13) r=4",4-4,2048,awqpe,eigenstates |u_s>,800,,,0.0,2.246466901389965e-16,1.0,research/results/p3_state_sensitivity/20260926T211750Z,PRELIMINARY
"(15,13) r=4",4-4,2048,awqpe_eps_safe,eigenstates |u_s>,800,,,0.0,2.246466901389965e-16,1.0,research/results/p3_state_sensitivity/20260926T211750Z,PRELIMINARY
"(15,13) r=4",4-4,2048,likelihood,eigenstates |u_s>,800,,,,2.246466901389965e-16,1.0,research/results/p3_state_sensitivity/20260926T211750Z,PRELIMINARY
"(15,2) r=4",3-2-3,16,awqpe,eigenstates |u_s>,800,,,0.0,1.3183898417423734e-16,1.0,research/results/p3_state_sensitivity/20260926T211750Z,PRELIMINARY
"(15,2) r=4",3-2-3,16,awqpe_eps_safe,eigenstates |u_s>,800,,,0.0,1.3183898417423734e-16,1.0,research/results/p3_state_sensitivity/20260926T211750Z,PRELIMINARY
"(15,2) r=4",3-2-3,16,likelihood,eigenstates |u_s>,800,,,,1.3183898417423734e-16,1.0,research/results/p3_state_sensitivity/20260926T211750Z,PRELIMINARY
"(15,2) r=4",3-2-3,256,awqpe,eigenstates |u_s>,800,,,0.0,1.3183898417423734e-16,1.0,research/results/p3_state_sensitivity/20260926T211750Z,PRELIMINARY
"(15,2) r=4",3-2-3,256,awqpe_eps_safe,eigenstates |u_s>,800,,,0.0,1.3183898417423734e-16,1.0,research/results/p3_state_sensitivity/20260926T211750Z,PRELIMINARY
"(15,2) r=4",3-2-3,256,likelihood,eigenstates |u_s>,800,,,,1.3183898417423734e-16,1.0,research/results/p3_state_sensitivity/20260926T211750Z,PRELIMINARY
"(15,2) r=4",3-2-3,2048,awqpe,eigenstates |u_s>,800,,,0.0,1.3183898417423734e-16,1.0,research/results/p3_state_sensitivity/20260926T211750Z,PRELIMINARY
"(15,2) r=4",3-2-3,2048,awqpe_eps_safe,eigenstates |u_s>,800,,,0.0,1.3183898417423734e-16,1.0,research/results/p3_state_sensitivity/20260926T211750Z,PRELIMINARY
"(15,2) r=4",3-2-3,2048,likelihood,eigenstates |u_s>,800,,,,1.3183898417423734e-16,1.0,research/results/p3_state_sensitivity/20260926T211750Z,PRELIMINARY
"(15,2) r=4",4-4,16,awqpe,eigenstates |u_s>,800,,,0.0,2.246466901389965e-16,1.0,research/results/p3_state_sensitivity/20260926T211750Z,PRELIMINARY
"(15,2) r=4",4-4,16,awqpe_eps_safe,eigenstates |u_s>,800,,,0.0,2.246466901389965e-16,1.0,research/results/p3_state_sensitivity/20260926T211750Z,PRELIMINARY
"(15,2) r=4",4-4,16,likelihood,eigenstates |u_s>,800,,,,2.246466901389965e-16,1.0,research/results/p3_state_sensitivity/20260926T211750Z,PRELIMINARY
"(15,2) r=4",4-4,256,awqpe,eigenstates |u_s>,800,,,0.0,2.246466901389965e-16,1.0,research/results/p3_state_sensitivity/20260926T211750Z,PRELIMINARY
"(15,2) r=4",4-4,256,awqpe_eps_safe,eigenstates |u_s>,800,,,0.0,2.246466901389965e-16,1.0,research/results/p3_state_sensitivity/20260926T211750Z,PRELIMINARY
"(15,2) r=4",4-4,256,likelihood,eigenstates |u_s>,800,,,,2.246466901389965e-16,1.0,research/results/p3_state_sensitivity/20260926T211750Z,PRELIMINARY
"(15,2) r=4",4-4,2048,awqpe,eigenstates |u_s>,800,,,0.0,2.246466901389965e-16,1.0,research/results/p3_state_sensitivity/20260926T211750Z,PRELIMINARY
"(15,2) r=4",4-4,2048,awqpe_eps_safe,eigenstates |u_s>,800,,,0.0,2.246466901389965e-16,1.0,research/results/p3_state_sensitivity/20260926T211750Z,PRELIMINARY
"(15,2) r=4",4-4,2048,likelihood,eigenstates |u_s>,800,,,,2.246466901389965e-16,1.0,research/results/p3_state_sensitivity/20260926T211750Z,PRELIMINARY
"(15,4) r=2",3-2-3,16,awqpe,eigenstates |u_s>,400,,,0.0,1.3183898417423734e-16,1.0,research/results/p3_state_sensitivity/20260926T211750Z,PRELIMINARY
"(15,4) r=2",3-2-3,16,awqpe_eps_safe,eigenstates |u_s>,400,,,0.0,1.3183898417423734e-16,1.0,research/results/p3_state_sensitivity/20260926T211750Z,PRELIMINARY
"(15,4) r=2",3-2-3,16,likelihood,eigenstates |u_s>,400,,,,1.3183898417423734e-16,1.0,research/results/p3_state_sensitivity/20260926T211750Z,PRELIMINARY
"(15,4) r=2",3-2-3,256,awqpe,eigenstates |u_s>,400,,,0.0,1.3183898417423734e-16,1.0,research/results/p3_state_sensitivity/20260926T211750Z,PRELIMINARY
"(15,4) r=2",3-2-3,256,awqpe_eps_safe,eigenstates |u_s>,400,,,0.0,1.3183898417423734e-16,1.0,research/results/p3_state_sensitivity/20260926T211750Z,PRELIMINARY
"(15,4) r=2",3-2-3,256,likelihood,eigenstates |u_s>,400,,,,1.3183898417423734e-16,1.0,research/results/p3_state_sensitivity/20260926T211750Z,PRELIMINARY
"(15,4) r=2",3-2-3,2048,awqpe,eigenstates |u_s>,400,,,0.0,1.3183898417423734e-16,1.0,research/results/p3_state_sensitivity/20260926T211750Z,PRELIMINARY
"(15,4) r=2",3-2-3,2048,awqpe_eps_safe,eigenstates |u_s>,400,,,0.0,1.3183898417423734e-16,1.0,research/results/p3_state_sensitivity/20260926T211750Z,PRELIMINARY
"(15,4) r=2",3-2-3,2048,likelihood,eigenstates |u_s>,400,,,,1.3183898417423734e-16,1.0,research/results/p3_state_sensitivity/20260926T211750Z,PRELIMINARY
"(15,4) r=2",4-4,16,awqpe,eigenstates |u_s>,400,,,0.0,2.246466901389965e-16,1.0,research/results/p3_state_sensitivity/20260926T211750Z,PRELIMINARY
"(15,4) r=2",4-4,16,awqpe_eps_safe,eigenstates |u_s>,400,,,0.0,2.246466901389965e-16,1.0,research/results/p3_state_sensitivity/20260926T211750Z,PRELIMINARY
"(15,4) r=2",4-4,16,likelihood,eigenstates |u_s>,400,,,,2.246466901389965e-16,1.0,research/results/p3_state_sensitivity/20260926T211750Z,PRELIMINARY
"(15,4) r=2",4-4,256,awqpe,eigenstates |u_s>,400,,,0.0,2.246466901389965e-16,1.0,research/results/p3_state_sensitivity/20260926T211750Z,PRELIMINARY
"(15,4) r=2",4-4,256,awqpe_eps_safe,eigenstates |u_s>,400,,,0.0,2.246466901389965e-16,1.0,research/results/p3_state_sensitivity/20260926T211750Z,PRELIMINARY
"(15,4) r=2",4-4,256,likelihood,eigenstates |u_s>,400,,,,2.246466901389965e-16,1.0,research/results/p3_state_sensitivity/20260926T211750Z,PRELIMINARY
"(15,4) r=2",4-4,2048,awqpe,eigenstates |u_s>,400,,,0.0,2.246466901389965e-16,1.0,research/results/p3_state_sensitivity/20260926T211750Z,PRELIMINARY
"(15,4) r=2",4-4,2048,awqpe_eps_safe,eigenstates |u_s>,400,,,0.0,2.246466901389965e-16,1.0,research/results/p3_state_sensitivity/20260926T211750Z,PRELIMINARY
"(15,4) r=2",4-4,2048,likelihood,eigenstates |u_s>,400,,,,2.246466901389965e-16,1.0,research/results/p3_state_sensitivity/20260926T211750Z,PRELIMINARY
"(21,19) r=6",3-2-3,16,awqpe,eigenstates |u_s>,1200,,,0.0075,0.17863279658949846,0.9941666666666666,research/results/p3_state_sensitivity/20260926T211750Z,PRELIMINARY
"(21,19) r=6",3-2-3,16,awqpe_eps_safe,eigenstates |u_s>,1200,,,0.1275,0.17863279658949846,0.9991666666666666,research/results/p3_state_sensitivity/20260926T211750Z,PRELIMINARY
"(21,19) r=6",3-2-3,16,likelihood,eigenstates |u_s>,1200,,,,0.17863279658949846,1.0,research/results/p3_state_sensitivity/20260926T211750Z,PRELIMINARY
"(21,19) r=6",3-2-3,256,awqpe,eigenstates |u_s>,1200,,,0.0,0.17863279658949846,1.0,research/results/p3_state_sensitivity/20260926T211750Z,PRELIMINARY
"(21,19) r=6",3-2-3,256,awqpe_eps_safe,eigenstates |u_s>,1200,,,0.0,0.17863279658949846,1.0,research/results/p3_state_sensitivity/20260926T211750Z,PRELIMINARY
"(21,19) r=6",3-2-3,256,likelihood,eigenstates |u_s>,1200,,,,0.17863279658949846,1.0,research/results/p3_state_sensitivity/20260926T211750Z,PRELIMINARY
"(21,19) r=6",3-2-3,2048,awqpe,eigenstates |u_s>,1200,,,0.0,0.17863279658949846,1.0,research/results/p3_state_sensitivity/20260926T211750Z,PRELIMINARY
"(21,19) r=6",3-2-3,2048,awqpe_eps_safe,eigenstates |u_s>,1200,,,0.0,0.17863279658949846,1.0,research/results/p3_state_sensitivity/20260926T211750Z,PRELIMINARY
"(21,19) r=6",3-2-3,2048,likelihood,eigenstates |u_s>,1200,,,,0.17863279658949846,1.0,research/results/p3_state_sensitivity/20260926T211750Z,PRELIMINARY
"(21,19) r=6",4-4,16,awqpe,eigenstates |u_s>,1200,,,0.006666666666666667,0.16738265678516223,0.9958333333333333,research/results/p3_state_sensitivity/20260926T211750Z,PRELIMINARY
"(21,19) r=6",4-4,16,awqpe_eps_safe,eigenstates |u_s>,1200,,,0.0225,0.16738265678516223,0.9983333333333333,research/results/p3_state_sensitivity/20260926T211750Z,PRELIMINARY
"(21,19) r=6",4-4,16,likelihood,eigenstates |u_s>,1200,,,,0.16738265678516223,1.0,research/results/p3_state_sensitivity/20260926T211750Z,PRELIMINARY
"(21,19) r=6",4-4,256,awqpe,eigenstates |u_s>,1200,,,0.0,0.16738265678516223,1.0,research/results/p3_state_sensitivity/20260926T211750Z,PRELIMINARY
"(21,19) r=6",4-4,256,awqpe_eps_safe,eigenstates |u_s>,1200,,,0.0,0.16738265678516223,1.0,research/results/p3_state_sensitivity/20260926T211750Z,PRELIMINARY
"(21,19) r=6",4-4,256,likelihood,eigenstates |u_s>,1200,,,,0.16738265678516223,1.0,research/results/p3_state_sensitivity/20260926T211750Z,PRELIMINARY
"(21,19) r=6",4-4,2048,awqpe,eigenstates |u_s>,1200,,,0.0,0.16738265678516223,1.0,research/results/p3_state_sensitivity/20260926T211750Z,PRELIMINARY
"(21,19) r=6",4-4,2048,awqpe_eps_safe,eigenstates |u_s>,1200,,,0.0,0.16738265678516223,1.0,research/results/p3_state_sensitivity/20260926T211750Z,PRELIMINARY
"(21,19) r=6",4-4,2048,likelihood,eigenstates |u_s>,1200,,,,0.16738265678516223,1.0,research/results/p3_state_sensitivity/20260926T211750Z,PRELIMINARY
"(21,2) r=6",3-2-3,16,awqpe,eigenstates |u_s>,1200,,,0.01,0.17863279658949846,0.9933333333333333,research/results/p3_state_sensitivity/20260926T211750Z,PRELIMINARY
"(21,2) r=6",3-2-3,16,awqpe_eps_safe,eigenstates |u_s>,1200,,,0.1275,0.17863279658949846,0.9983333333333333,research/results/p3_state_sensitivity/20260926T211750Z,PRELIMINARY
"(21,2) r=6",3-2-3,16,likelihood,eigenstates |u_s>,1200,,,,0.17863279658949846,0.9983333333333333,research/results/p3_state_sensitivity/20260926T211750Z,PRELIMINARY
"(21,2) r=6",3-2-3,256,awqpe,eigenstates |u_s>,1200,,,0.0,0.17863279658949846,1.0,research/results/p3_state_sensitivity/20260926T211750Z,PRELIMINARY
"(21,2) r=6",3-2-3,256,awqpe_eps_safe,eigenstates |u_s>,1200,,,0.0,0.17863279658949846,1.0,research/results/p3_state_sensitivity/20260926T211750Z,PRELIMINARY
"(21,2) r=6",3-2-3,256,likelihood,eigenstates |u_s>,1200,,,,0.17863279658949846,1.0,research/results/p3_state_sensitivity/20260926T211750Z,PRELIMINARY
"(21,2) r=6",3-2-3,2048,awqpe,eigenstates |u_s>,1200,,,0.0,0.17863279658949846,1.0,research/results/p3_state_sensitivity/20260926T211750Z,PRELIMINARY
"(21,2) r=6",3-2-3,2048,awqpe_eps_safe,eigenstates |u_s>,1200,,,0.0,0.17863279658949846,1.0,research/results/p3_state_sensitivity/20260926T211750Z,PRELIMINARY
"(21,2) r=6",3-2-3,2048,likelihood,eigenstates |u_s>,1200,,,,0.17863279658949846,1.0,research/results/p3_state_sensitivity/20260926T211750Z,PRELIMINARY
"(21,2) r=6",4-4,16,awqpe,eigenstates |u_s>,1200,,,0.005,0.16738265678516223,0.9975,research/results/p3_state_sensitivity/20260926T211750Z,PRELIMINARY
"(21,2) r=6",4-4,16,awqpe_eps_safe,eigenstates |u_s>,1200,,,0.03166666666666667,0.16738265678516223,0.9983333333333333,research/results/p3_state_sensitivity/20260926T211750Z,PRELIMINARY
"(21,2) r=6",4-4,16,likelihood,eigenstates |u_s>,1200,,,,0.16738265678516223,1.0,research/results/p3_state_sensitivity/20260926T211750Z,PRELIMINARY
"(21,2) r=6",4-4,256,awqpe,eigenstates |u_s>,1200,,,0.0,0.16738265678516223,1.0,research/results/p3_state_sensitivity/20260926T211750Z,PRELIMINARY
"(21,2) r=6",4-4,256,awqpe_eps_safe,eigenstates |u_s>,1200,,,0.0,0.16738265678516223,1.0,research/results/p3_state_sensitivity/20260926T211750Z,PRELIMINARY
"(21,2) r=6",4-4,256,likelihood,eigenstates |u_s>,1200,,,,0.16738265678516223,1.0,research/results/p3_state_sensitivity/20260926T211750Z,PRELIMINARY
"(21,2) r=6",4-4,2048,awqpe,eigenstates |u_s>,1200,,,0.0,0.16738265678516223,1.0,research/results/p3_state_sensitivity/20260926T211750Z,PRELIMINARY
"(21,2) r=6",4-4,2048,awqpe_eps_safe,eigenstates |u_s>,1200,,,0.0,0.16738265678516223,1.0,research/results/p3_state_sensitivity/20260926T211750Z,PRELIMINARY
"(21,2) r=6",4-4,2048,likelihood,eigenstates |u_s>,1200,,,,0.16738265678516223,1.0,research/results/p3_state_sensitivity/20260926T211750Z,PRELIMINARY
"(21,8) r=2",3-2-3,16,awqpe,eigenstates |u_s>,400,,,0.0,1.3183898417423734e-16,1.0,research/results/p3_state_sensitivity/20260926T211750Z,PRELIMINARY
"(21,8) r=2",3-2-3,16,awqpe_eps_safe,eigenstates |u_s>,400,,,0.0,1.3183898417423734e-16,1.0,research/results/p3_state_sensitivity/20260926T211750Z,PRELIMINARY
"(21,8) r=2",3-2-3,16,likelihood,eigenstates |u_s>,400,,,,1.3183898417423734e-16,1.0,research/results/p3_state_sensitivity/20260926T211750Z,PRELIMINARY
"(21,8) r=2",3-2-3,256,awqpe,eigenstates |u_s>,400,,,0.0,1.3183898417423734e-16,1.0,research/results/p3_state_sensitivity/20260926T211750Z,PRELIMINARY
"(21,8) r=2",3-2-3,256,awqpe_eps_safe,eigenstates |u_s>,400,,,0.0,1.3183898417423734e-16,1.0,research/results/p3_state_sensitivity/20260926T211750Z,PRELIMINARY
"(21,8) r=2",3-2-3,256,likelihood,eigenstates |u_s>,400,,,,1.3183898417423734e-16,1.0,research/results/p3_state_sensitivity/20260926T211750Z,PRELIMINARY
"(21,8) r=2",3-2-3,2048,awqpe,eigenstates |u_s>,400,,,0.0,1.3183898417423734e-16,1.0,research/results/p3_state_sensitivity/20260926T211750Z,PRELIMINARY
"(21,8) r=2",3-2-3,2048,awqpe_eps_safe,eigenstates |u_s>,400,,,0.0,1.3183898417423734e-16,1.0,research/results/p3_state_sensitivity/20260926T211750Z,PRELIMINARY
"(21,8) r=2",3-2-3,2048,likelihood,eigenstates |u_s>,400,,,,1.3183898417423734e-16,1.0,research/results/p3_state_sensitivity/20260926T211750Z,PRELIMINARY
"(21,8) r=2",4-4,16,awqpe,eigenstates |u_s>,400,,,0.0,2.246466901389965e-16,1.0,research/results/p3_state_sensitivity/20260926T211750Z,PRELIMINARY
"(21,8) r=2",4-4,16,awqpe_eps_safe,eigenstates |u_s>,400,,,0.0,2.246466901389965e-16,1.0,research/results/p3_state_sensitivity/20260926T211750Z,PRELIMINARY
"(21,8) r=2",4-4,16,likelihood,eigenstates |u_s>,400,,,,2.246466901389965e-16,1.0,research/results/p3_state_sensitivity/20260926T211750Z,PRELIMINARY
"(21,8) r=2",4-4,256,awqpe,eigenstates |u_s>,400,,,0.0,2.246466901389965e-16,1.0,research/results/p3_state_sensitivity/20260926T211750Z,PRELIMINARY
"(21,8) r=2",4-4,256,awqpe_eps_safe,eigenstates |u_s>,400,,,0.0,2.246466901389965e-16,1.0,research/results/p3_state_sensitivity/20260926T211750Z,PRELIMINARY
"(21,8) r=2",4-4,256,likelihood,eigenstates |u_s>,400,,,,2.246466901389965e-16,1.0,research/results/p3_state_sensitivity/20260926T211750Z,PRELIMINARY
"(21,8) r=2",4-4,2048,awqpe,eigenstates |u_s>,400,,,0.0,2.246466901389965e-16,1.0,research/results/p3_state_sensitivity/20260926T211750Z,PRELIMINARY
"(21,8) r=2",4-4,2048,awqpe_eps_safe,eigenstates |u_s>,400,,,0.0,2.246466901389965e-16,1.0,research/results/p3_state_sensitivity/20260926T211750Z,PRELIMINARY
"(21,8) r=2",4-4,2048,likelihood,eigenstates |u_s>,400,,,,2.246466901389965e-16,1.0,research/results/p3_state_sensitivity/20260926T211750Z,PRELIMINARY
"(33,2) r=10",3-2-3,16,awqpe,eigenstates |u_s>,2000,,,0.0545,0.36494366271110856,0.956,research/results/p3_state_sensitivity/20260926T211750Z,PRELIMINARY
"(33,2) r=10",3-2-3,16,awqpe_eps_safe,eigenstates |u_s>,2000,,,0.3255,0.36494366271110856,0.99,research/results/p3_state_sensitivity/20260926T211750Z,PRELIMINARY
"(33,2) r=10",3-2-3,16,likelihood,eigenstates |u_s>,2000,,,,0.36494366271110856,0.9945,research/results/p3_state_sensitivity/20260926T211750Z,PRELIMINARY
"(33,2) r=10",3-2-3,256,awqpe,eigenstates |u_s>,2000,,,0.0,0.36494366271110856,1.0,research/results/p3_state_sensitivity/20260926T211750Z,PRELIMINARY
"(33,2) r=10",3-2-3,256,awqpe_eps_safe,eigenstates |u_s>,2000,,,0.0355,0.36494366271110856,1.0,research/results/p3_state_sensitivity/20260926T211750Z,PRELIMINARY
"(33,2) r=10",3-2-3,256,likelihood,eigenstates |u_s>,2000,,,,0.36494366271110856,1.0,research/results/p3_state_sensitivity/20260926T211750Z,PRELIMINARY
"(33,2) r=10",3-2-3,2048,awqpe,eigenstates |u_s>,2000,,,0.0,0.36494366271110856,1.0,research/results/p3_state_sensitivity/20260926T211750Z,PRELIMINARY
"(33,2) r=10",3-2-3,2048,awqpe_eps_safe,eigenstates |u_s>,2000,,,0.0,0.36494366271110856,1.0,research/results/p3_state_sensitivity/20260926T211750Z,PRELIMINARY
"(33,2) r=10",3-2-3,2048,likelihood,eigenstates |u_s>,2000,,,,0.36494366271110856,1.0,research/results/p3_state_sensitivity/20260926T211750Z,PRELIMINARY
"(33,2) r=10",4-4,16,awqpe,eigenstates |u_s>,2000,,,0.0295,0.20342927886621476,0.9735,research/results/p3_state_sensitivity/20260926T211750Z,PRELIMINARY
"(33,2) r=10",4-4,16,awqpe_eps_safe,eigenstates |u_s>,2000,,,0.097,0.20342927886621476,0.984,research/results/p3_state_sensitivity/20260926T211750Z,PRELIMINARY
"(33,2) r=10",4-4,16,likelihood,eigenstates |u_s>,2000,,,,0.20342927886621476,0.9985,research/results/p3_state_sensitivity/20260926T211750Z,PRELIMINARY
"(33,2) r=10",4-4,256,awqpe,eigenstates |u_s>,2000,,,0.0,0.20342927886621476,1.0,research/results/p3_state_sensitivity/20260926T211750Z,PRELIMINARY
"(33,2) r=10",4-4,256,awqpe_eps_safe,eigenstates |u_s>,2000,,,0.0,0.20342927886621476,1.0,research/results/p3_state_sensitivity/20260926T211750Z,PRELIMINARY
"(33,2) r=10",4-4,256,likelihood,eigenstates |u_s>,2000,,,,0.20342927886621476,1.0,research/results/p3_state_sensitivity/20260926T211750Z,PRELIMINARY
"(33,2) r=10",4-4,2048,awqpe,eigenstates |u_s>,2000,,,0.0,0.20342927886621476,1.0,research/results/p3_state_sensitivity/20260926T211750Z,PRELIMINARY
"(33,2) r=10",4-4,2048,awqpe_eps_safe,eigenstates |u_s>,2000,,,0.0,0.20342927886621476,1.0,research/results/p3_state_sensitivity/20260926T211750Z,PRELIMINARY
"(33,2) r=10",4-4,2048,likelihood,eigenstates |u_s>,2000,,,,0.20342927886621476,1.0,research/results/p3_state_sensitivity/20260926T211750Z,PRELIMINARY
