widths,S0,bin,mean_predicted,observed_t1_correct,count,run,status
2-2-2-2,4,2,0.25000000000000006,0.2760416666666667,192,research/results/p4_information_study/20260926T212553Z,PRELIMINARY
2-2-2-2,4,3,0.39536692106573756,0.40625,128,research/results/p4_information_study/20260926T212553Z,PRELIMINARY
2-2-2-2,4,4,0.47441522787046664,0.4849081364829396,1524,research/results/p4_information_study/20260926T212553Z,PRELIMINARY
2-2-2-2,4,5,0.5689611599721437,0.553014553014553,1443,research/results/p4_information_study/20260926T212553Z,PRELIMINARY
2-2-2-2,4,6,0.6242613916438114,0.578215527230591,863,research/results/p4_information_study/20260926T212553Z,PRELIMINARY
2-2-2-2,4,7,0.7068682475870965,0.6747851002865329,1396,research/results/p4_information_study/20260926T212553Z,PRELIMINARY
2-2-2-2,4,8,0.8878333230336899,0.843140827108763,5489,research/results/p4_information_study/20260926T212553Z,PRELIMINARY
2-2-2-2,4,9,0.9870261328173978,0.9818779685787359,13685,research/results/p4_information_study/20260926T212553Z,PRELIMINARY
2-2-2-2,16,1,0.19322822882786447,0.6666666666666666,3,research/results/p4_information_study/20260926T212553Z,PRELIMINARY
2-2-2-2,16,2,0.26059789624085933,0.3333333333333333,3,research/results/p4_information_study/20260926T212553Z,PRELIMINARY
2-2-2-2,16,3,0.36728222869354077,0.375,16,research/results/p4_information_study/20260926T212553Z,PRELIMINARY
2-2-2-2,16,4,0.45440126032174144,0.5281385281385281,462,research/results/p4_information_study/20260926T212553Z,PRELIMINARY
2-2-2-2,16,5,0.5587419816870504,0.578125,768,research/results/p4_information_study/20260926T212553Z,PRELIMINARY
2-2-2-2,16,6,0.6529686002215679,0.5942806076854334,1119,research/results/p4_information_study/20260926T212553Z,PRELIMINARY
2-2-2-2,16,7,0.7456792475551695,0.6527777777777778,1296,research/results/p4_information_study/20260926T212553Z,PRELIMINARY
2-2-2-2,16,8,0.85084904389695,0.7781512605042017,1785,research/results/p4_information_study/20260926T212553Z,PRELIMINARY
2-2-2-2,16,9,0.9916379595812091,0.9835478513597675,19268,research/results/p4_information_study/20260926T212553Z,PRELIMINARY
2-2-2-2,64,3,0.3806494194570849,0.4,60,research/results/p4_information_study/20260926T212553Z,PRELIMINARY
2-2-2-2,64,4,0.4574248502134183,0.5576407506702413,373,research/results/p4_information_study/20260926T212553Z,PRELIMINARY
2-2-2-2,64,5,0.5533625412664824,0.6009174311926605,436,research/results/p4_information_study/20260926T212553Z,PRELIMINARY
2-2-2-2,64,6,0.6526394704537108,0.6383561643835617,730,research/results/p4_information_study/20260926T212553Z,PRELIMINARY
2-2-2-2,64,7,0.7493548405894499,0.7083798882681565,895,research/results/p4_information_study/20260926T212553Z,PRELIMINARY
2-2-2-2,64,8,0.8529939822329651,0.7673992673992674,1092,research/results/p4_information_study/20260926T212553Z,PRELIMINARY
2-2-2-2,64,9,0.9958503757263238,0.9912463329232516,21134,research/results/p4_information_study/20260926T212553Z,PRELIMINARY
3-2-3,4,0,0.05772070001287566,0.25,116,research/results/p4_information_study/20260926T212553Z,PRELIMINARY
3-2-3,4,1,0.15651059421443092,0.2727272727272727,77,research/results/p4_information_study/20260926T212553Z,PRELIMINARY
3-2-3,4,2,0.25441924200141014,0.29411764705882354,102,research/results/p4_information_study/20260926T212553Z,PRELIMINARY
3-2-3,4,3,0.38924674217615746,0.3619047619047619,105,research/results/p4_information_study/20260926T212553Z,PRELIMINARY
3-2-3,4,4,0.4752026281550201,0.47069116360454943,1143,research/results/p4_information_study/20260926T212553Z,PRELIMINARY
3-2-3,4,5,0.5669949286201121,0.5295536791314838,829,research/results/p4_information_study/20260926T212553Z,PRELIMINARY
3-2-3,4,6,0.6441725408324485,0.6246537396121884,722,research/results/p4_information_study/20260926T212553Z,PRELIMINARY
3-2-3,4,7,0.729675172723506,0.6598240469208211,1364,research/results/p4_information_study/20260926T212553Z,PRELIMINARY
3-2-3,4,8,0.8871217514444846,0.8322908522283033,2558,research/results/p4_information_study/20260926T212553Z,PRELIMINARY
3-2-3,4,9,0.9787993687245011,0.9690211732037487,11524,research/results/p4_information_study/20260926T212553Z,PRELIMINARY
3-2-3,16,1,0.18477186586824312,0.0,1,research/results/p4_information_study/20260926T212553Z,PRELIMINARY
3-2-3,16,2,0.26269057419554653,1.0,1,research/results/p4_information_study/20260926T212553Z,PRELIMINARY
3-2-3,16,3,0.3786036131428102,0.5,36,research/results/p4_information_study/20260926T212553Z,PRELIMINARY
3-2-3,16,4,0.456599242151634,0.4742857142857143,350,research/results/p4_information_study/20260926T212553Z,PRELIMINARY
3-2-3,16,5,0.5567051894225326,0.5102803738317757,535,research/results/p4_information_study/20260926T212553Z,PRELIMINARY
3-2-3,16,6,0.6537995870638771,0.6126526082130965,901,research/results/p4_information_study/20260926T212553Z,PRELIMINARY
3-2-3,16,7,0.7527429109307889,0.6833493743984601,1039,research/results/p4_information_study/20260926T212553Z,PRELIMINARY
3-2-3,16,8,0.8529534193048496,0.7709803921568628,1275,research/results/p4_information_study/20260926T212553Z,PRELIMINARY
3-2-3,16,9,0.9918870281569458,0.9816692126093598,14402,research/results/p4_information_study/20260926T212553Z,PRELIMINARY
3-2-3,64,2,0.2819049777661403,1.0,1,research/results/p4_information_study/20260926T212553Z,PRELIMINARY
3-2-3,64,3,0.37462310940486854,0.543859649122807,57,research/results/p4_information_study/20260926T212553Z,PRELIMINARY
3-2-3,64,4,0.45356196984706304,0.4280936454849498,299,research/results/p4_information_study/20260926T212553Z,PRELIMINARY
3-2-3,64,5,0.5509948432066116,0.5107692307692308,325,research/results/p4_information_study/20260926T212553Z,PRELIMINARY
3-2-3,64,6,0.6533094247367177,0.6177024482109228,531,research/results/p4_information_study/20260926T212553Z,PRELIMINARY
3-2-3,64,7,0.7523213261091825,0.6885007278020379,687,research/results/p4_information_study/20260926T212553Z,PRELIMINARY
3-2-3,64,8,0.853256099625155,0.7572327044025158,795,research/results/p4_information_study/20260926T212553Z,PRELIMINARY
3-2-3,64,9,0.9955843039182863,0.989775954559798,15845,research/results/p4_information_study/20260926T212553Z,PRELIMINARY
3-3-3-3,4,0,0.06582160764138217,0.2601626016260163,246,research/results/p4_information_study/20260926T212553Z,PRELIMINARY
3-3-3-3,4,1,0.1503438353186297,0.25925925925925924,108,research/results/p4_information_study/20260926T212553Z,PRELIMINARY
3-3-3-3,4,2,0.2523251922448011,0.24719101123595505,89,research/results/p4_information_study/20260926T212553Z,PRELIMINARY
3-3-3-3,4,3,0.38551624339891494,0.3358208955223881,134,research/results/p4_information_study/20260926T212553Z,PRELIMINARY
3-3-3-3,4,4,0.4752757455648643,0.4882837238758708,1579,research/results/p4_information_study/20260926T212553Z,PRELIMINARY
3-3-3-3,4,5,0.5698420485189315,0.554320987654321,810,research/results/p4_information_study/20260926T212553Z,PRELIMINARY
3-3-3-3,4,6,0.657148400224328,0.6052863436123348,1135,research/results/p4_information_study/20260926T212553Z,PRELIMINARY
3-3-3-3,4,7,0.7386936762184009,0.6968134957825679,2134,research/results/p4_information_study/20260926T212553Z,PRELIMINARY
3-3-3-3,4,8,0.8859278859921867,0.8584324989741485,2437,research/results/p4_information_study/20260926T212553Z,PRELIMINARY
3-3-3-3,4,9,0.9741302283366365,0.9636091724825523,16048,research/results/p4_information_study/20260926T212553Z,PRELIMINARY
3-3-3-3,16,0,0.05271233023325201,0.0,3,research/results/p4_information_study/20260926T212553Z,PRELIMINARY
3-3-3-3,16,2,0.22232039628494926,0.0,2,research/results/p4_information_study/20260926T212553Z,PRELIMINARY
3-3-3-3,16,3,0.3807506820424046,0.5535714285714286,56,research/results/p4_information_study/20260926T212553Z,PRELIMINARY
3-3-3-3,16,4,0.4541652520567012,0.512249443207127,449,research/results/p4_information_study/20260926T212553Z,PRELIMINARY
3-3-3-3,16,5,0.5548565065716752,0.528052805280528,606,research/results/p4_information_study/20260926T212553Z,PRELIMINARY
3-3-3-3,16,6,0.6527568882420126,0.6217354675652906,1187,research/results/p4_information_study/20260926T212553Z,PRELIMINARY
3-3-3-3,16,7,0.753395959817589,0.6924846625766872,1304,research/results/p4_information_study/20260926T212553Z,PRELIMINARY
3-3-3-3,16,8,0.8557153447054529,0.8125337655321447,1851,research/results/p4_information_study/20260926T212553Z,PRELIMINARY
3-3-3-3,16,9,0.9917653407480438,0.9872287405253868,19262,research/results/p4_information_study/20260926T212553Z,PRELIMINARY
3-3-3-3,64,3,0.3741098037438652,0.4,80,research/results/p4_information_study/20260926T212553Z,PRELIMINARY
3-3-3-3,64,4,0.4559434833462728,0.4883720930232558,301,research/results/p4_information_study/20260926T212553Z,PRELIMINARY
3-3-3-3,64,5,0.5510615664359245,0.6253602305475504,347,research/results/p4_information_study/20260926T212553Z,PRELIMINARY
3-3-3-3,64,6,0.6538978378649397,0.6224648985959438,641,research/results/p4_information_study/20260926T212553Z,PRELIMINARY
3-3-3-3,64,7,0.753238336735117,0.75,812,research/results/p4_information_study/20260926T212553Z,PRELIMINARY
3-3-3-3,64,8,0.8518426818043816,0.8091247672253259,1074,research/results/p4_information_study/20260926T212553Z,PRELIMINARY
3-3-3-3,64,9,0.9951625589689249,0.9930118798043326,21465,research/results/p4_information_study/20260926T212553Z,PRELIMINARY
4-4,4,0,0.03681776901202978,0.23444976076555024,209,research/results/p4_information_study/20260926T212553Z,PRELIMINARY
4-4,4,1,0.15439486018568868,0.27692307692307694,65,research/results/p4_information_study/20260926T212553Z,PRELIMINARY
4-4,4,2,0.24251977075780423,0.13513513513513514,37,research/results/p4_information_study/20260926T212553Z,PRELIMINARY
4-4,4,3,0.3669679895049221,0.23333333333333334,60,research/results/p4_information_study/20260926T212553Z,PRELIMINARY
4-4,4,4,0.47595743549929587,0.49176470588235294,850,research/results/p4_information_study/20260926T212553Z,PRELIMINARY
4-4,4,5,0.5723989149234601,0.4986225895316804,363,research/results/p4_information_study/20260926T212553Z,PRELIMINARY
4-4,4,6,0.6506176108748412,0.5645161290322581,558,research/results/p4_information_study/20260926T212553Z,PRELIMINARY
4-4,4,7,0.7453570175370674,0.6469230769230769,1300,research/results/p4_information_study/20260926T212553Z,PRELIMINARY
4-4,4,8,0.8849978808793496,0.8101153504880213,1127,research/results/p4_information_study/20260926T212553Z,PRELIMINARY
4-4,4,9,0.9753955026653636,0.9516108330124503,7791,research/results/p4_information_study/20260926T212553Z,PRELIMINARY
4-4,16,2,0.29803605862509897,1.0,1,research/results/p4_information_study/20260926T212553Z,PRELIMINARY
4-4,16,3,0.3751136736295492,0.5,32,research/results/p4_information_study/20260926T212553Z,PRELIMINARY
4-4,16,4,0.45461215388571213,0.5122699386503068,326,research/results/p4_information_study/20260926T212553Z,PRELIMINARY
4-4,16,5,0.5542301515263602,0.5447941888619855,413,research/results/p4_information_study/20260926T212553Z,PRELIMINARY
4-4,16,6,0.6540113078150513,0.5743243243243243,740,research/results/p4_information_study/20260926T212553Z,PRELIMINARY
4-4,16,7,0.7520864477189865,0.6629353233830846,804,research/results/p4_information_study/20260926T212553Z,PRELIMINARY
4-4,16,8,0.8559786462623512,0.7565036420395421,961,research/results/p4_information_study/20260926T212553Z,PRELIMINARY
4-4,16,9,0.9909305558811562,0.9771000770670484,9083,research/results/p4_information_study/20260926T212553Z,PRELIMINARY
4-4,64,3,0.37087497716407947,0.5,74,research/results/p4_information_study/20260926T212553Z,PRELIMINARY
4-4,64,4,0.450030495802936,0.512396694214876,242,research/results/p4_information_study/20260926T212553Z,PRELIMINARY
4-4,64,5,0.5530039535615188,0.6140350877192983,285,research/results/p4_information_study/20260926T212553Z,PRELIMINARY
4-4,64,6,0.6535965980262014,0.6196581196581197,468,research/results/p4_information_study/20260926T212553Z,PRELIMINARY
4-4,64,7,0.7535223426302596,0.6777583187390543,571,research/results/p4_information_study/20260926T212553Z,PRELIMINARY
4-4,64,8,0.8511855761381735,0.7928669410150891,729,research/results/p4_information_study/20260926T212553Z,PRELIMINARY
4-4,64,9,0.9941435112542915,0.9868881993794415,9991,research/results/p4_information_study/20260926T212553Z,PRELIMINARY
4-4-4,4,0,0.04124505874005051,0.17372881355932204,236,research/results/p4_information_study/20260926T212553Z,PRELIMINARY
4-4-4,4,1,0.15187167920611316,0.2222222222222222,99,research/results/p4_information_study/20260926T212553Z,PRELIMINARY
4-4-4,4,2,0.23801295389360524,0.24561403508771928,57,research/results/p4_information_study/20260926T212553Z,PRELIMINARY
4-4-4,4,3,0.3714912272464103,0.3026315789473684,76,research/results/p4_information_study/20260926T212553Z,PRELIMINARY
4-4-4,4,4,0.4756521877170553,0.49420160570918825,1121,research/results/p4_information_study/20260926T212553Z,PRELIMINARY
4-4-4,4,5,0.571367738567446,0.5417661097852029,419,research/results/p4_information_study/20260926T212553Z,PRELIMINARY
4-4-4,4,6,0.6518069084408407,0.6075268817204301,744,research/results/p4_information_study/20260926T212553Z,PRELIMINARY
4-4-4,4,7,0.7453425972242119,0.6814159292035398,1808,research/results/p4_information_study/20260926T212553Z,PRELIMINARY
4-4-4,4,8,0.8857239783098257,0.8657223796033995,1765,research/results/p4_information_study/20260926T212553Z,PRELIMINARY
4-4-4,4,9,0.9752806975430788,0.9610315186246419,12215,research/results/p4_information_study/20260926T212553Z,PRELIMINARY
4-4-4,16,0,0.07016974386130544,0.0,1,research/results/p4_information_study/20260926T212553Z,PRELIMINARY
4-4-4,16,1,0.1981110128186097,0.0,1,research/results/p4_information_study/20260926T212553Z,PRELIMINARY
4-4-4,16,2,0.213096895640134,1.0,1,research/results/p4_information_study/20260926T212553Z,PRELIMINARY
4-4-4,16,3,0.3726316712118221,0.5098039215686274,51,research/results/p4_information_study/20260926T212553Z,PRELIMINARY
4-4-4,16,4,0.45324498373908906,0.5436893203883495,412,research/results/p4_information_study/20260926T212553Z,PRELIMINARY
4-4-4,16,5,0.5548701049402794,0.5836820083682008,478,research/results/p4_information_study/20260926T212553Z,PRELIMINARY
4-4-4,16,6,0.6524884123778741,0.5979614949037373,883,research/results/p4_information_study/20260926T212553Z,PRELIMINARY
4-4-4,16,7,0.7532079487789283,0.6642411642411642,962,research/results/p4_information_study/20260926T212553Z,PRELIMINARY
4-4-4,16,8,0.8545197853558817,0.7853014037985137,1211,research/results/p4_information_study/20260926T212553Z,PRELIMINARY
4-4-4,16,9,0.991969431480876,0.9844566712517194,14540,research/results/p4_information_study/20260926T212553Z,PRELIMINARY
4-4-4,64,3,0.3716244226398001,0.6075949367088608,79,research/results/p4_information_study/20260926T212553Z,PRELIMINARY
4-4-4,64,4,0.4524929858844806,0.5687732342007435,269,research/results/p4_information_study/20260926T212553Z,PRELIMINARY
4-4-4,64,5,0.5516181816845723,0.6109422492401215,329,research/results/p4_information_study/20260926T212553Z,PRELIMINARY
4-4-4,64,6,0.6520656634336818,0.6408317580340265,529,research/results/p4_information_study/20260926T212553Z,PRELIMINARY
4-4-4,64,7,0.7517886163388741,0.6927803379416283,651,research/results/p4_information_study/20260926T212553Z,PRELIMINARY
4-4-4,64,8,0.852360070029454,0.7979539641943734,782,research/results/p4_information_study/20260926T212553Z,PRELIMINARY
4-4-4,64,9,0.9955202423858023,0.9910068549147852,15901,research/results/p4_information_study/20260926T212553Z,PRELIMINARY
