widths,n,B,S0,dS,decoder,trials,p_tol0,p_random,p_oracle,frac_failing_fixable_by_one_batch,run,status
2-2-2-2,8,4,4,4,awqpe,6180,0.6330097087378641,0.6472491909385113,0.7766990291262136,0.3915343915343915,research/results/p4_information_study/20260926T212553Z,PRELIMINARY
2-2-2-2,8,4,4,4,awqpe_eps_safe,6180,0.6024271844660194,0.6439320388349514,0.8197411003236246,0.5466015466015466,research/results/p4_information_study/20260926T212553Z,PRELIMINARY
2-2-2-2,8,4,4,4,likelihood,6180,0.7682847896440129,0.8105582524271845,0.9351132686084143,0.7206703910614525,research/results/p4_information_study/20260926T212553Z,PRELIMINARY
2-2-2-2,8,4,4,16,awqpe,6180,0.6406148867313916,0.6598300970873786,0.8186084142394822,0.49527239981990095,research/results/p4_information_study/20260926T212553Z,PRELIMINARY
2-2-2-2,8,4,4,16,awqpe_eps_safe,6180,0.6004854368932039,0.6758495145631068,0.9176375404530744,0.7938436614013771,research/results/p4_information_study/20260926T212553Z,PRELIMINARY
2-2-2-2,8,4,4,16,likelihood,6180,0.7736245954692557,0.8472491909385114,0.9865695792880259,0.9406719085060757,research/results/p4_information_study/20260926T212553Z,PRELIMINARY
2-2-2-2,8,4,16,16,awqpe,6180,0.7233009708737864,0.7353559870550161,0.8228155339805825,0.35964912280701755,research/results/p4_information_study/20260926T212553Z,PRELIMINARY
2-2-2-2,8,4,16,16,awqpe_eps_safe,6180,0.9331715210355987,0.9435275080906149,0.9854368932038835,0.7820823244552058,research/results/p4_information_study/20260926T212553Z,PRELIMINARY
2-2-2-2,8,4,16,16,likelihood,6180,0.9885113268608414,0.9918284789644013,0.9995145631067961,0.9577464788732394,research/results/p4_information_study/20260926T212553Z,PRELIMINARY
2-2-2-2,8,4,16,64,awqpe,6180,0.7106796116504854,0.733131067961165,0.8603559870550161,0.517337807606264,research/results/p4_information_study/20260926T212553Z,PRELIMINARY
2-2-2-2,8,4,16,64,awqpe_eps_safe,6180,0.9207119741100324,0.937742718446602,0.9932038834951457,0.9142857142857143,research/results/p4_information_study/20260926T212553Z,PRELIMINARY
2-2-2-2,8,4,16,64,likelihood,6180,0.9867313915857605,0.9917880258899676,1.0,1.0,research/results/p4_information_study/20260926T212553Z,PRELIMINARY
2-2-2-2,8,4,64,64,awqpe,6180,0.7935275080906149,0.7994336569579288,0.8566343042071197,0.3056426332288401,research/results/p4_information_study/20260926T212553Z,PRELIMINARY
2-2-2-2,8,4,64,64,awqpe_eps_safe,6180,0.9868932038834951,0.9880258899676375,0.9941747572815534,0.5555555555555556,research/results/p4_information_study/20260926T212553Z,PRELIMINARY
2-2-2-2,8,4,64,64,likelihood,6180,1.0,1.0,1.0,,research/results/p4_information_study/20260926T212553Z,PRELIMINARY
2-2-2-2,8,4,64,256,awqpe,6180,0.7961165048543689,0.8090614886731392,0.8857605177993527,0.4396825396825397,research/results/p4_information_study/20260926T212553Z,PRELIMINARY
2-2-2-2,8,4,64,256,awqpe_eps_safe,6180,0.9844660194174757,0.9868527508090615,0.9975728155339806,0.84375,research/results/p4_information_study/20260926T212553Z,PRELIMINARY
2-2-2-2,8,4,64,256,likelihood,6180,1.0,1.0,1.0,,research/results/p4_information_study/20260926T212553Z,PRELIMINARY
3-2-3,8,3,4,4,awqpe,6180,0.7359223300970874,0.7547464940668825,0.8503236245954693,0.4332107843137255,research/results/p4_information_study/20260926T212553Z,PRELIMINARY
3-2-3,8,3,4,4,awqpe_eps_safe,6180,0.7359223300970874,0.7713592233009708,0.8786407766990292,0.5404411764705882,research/results/p4_information_study/20260926T212553Z,PRELIMINARY
3-2-3,8,3,4,4,likelihood,6180,0.8423948220064725,0.8845199568500539,0.9681229773462783,0.7987679671457906,research/results/p4_information_study/20260926T212553Z,PRELIMINARY
3-2-3,8,3,4,16,awqpe,6180,0.737378640776699,0.7653182308522115,0.8928802588996764,0.59211337030191,research/results/p4_information_study/20260926T212553Z,PRELIMINARY
3-2-3,8,3,4,16,awqpe_eps_safe,6180,0.737378640776699,0.7988673139158576,0.943042071197411,0.7831176833025262,research/results/p4_information_study/20260926T212553Z,PRELIMINARY
3-2-3,8,3,4,16,likelihood,6180,0.8475728155339806,0.9108414239482201,0.9962783171521036,0.975583864118896,research/results/p4_information_study/20260926T212553Z,PRELIMINARY
3-2-3,8,3,16,16,awqpe,6180,0.8271844660194175,0.8401833872707659,0.9,0.42134831460674155,research/results/p4_information_study/20260926T212553Z,PRELIMINARY
3-2-3,8,3,16,16,awqpe_eps_safe,6180,0.9355987055016182,0.94487594390507,0.9754045307443365,0.6180904522613065,research/results/p4_information_study/20260926T212553Z,PRELIMINARY
3-2-3,8,3,16,16,likelihood,6180,0.9933656957928803,0.996116504854369,0.9998381877022654,0.975609756097561,research/results/p4_information_study/20260926T212553Z,PRELIMINARY
3-2-3,8,3,16,64,awqpe,6180,0.8237864077669903,0.8425566343042071,0.920873786407767,0.5509641873278237,research/results/p4_information_study/20260926T212553Z,PRELIMINARY
3-2-3,8,3,16,64,awqpe_eps_safe,6180,0.9281553398058252,0.94638619201726,0.9907766990291262,0.8716216216216216,research/results/p4_information_study/20260926T212553Z,PRELIMINARY
3-2-3,8,3,16,64,likelihood,6180,0.9944983818770227,0.9966019417475728,1.0,1.0,research/results/p4_information_study/20260926T212553Z,PRELIMINARY
3-2-3,8,3,64,64,awqpe,6180,0.8749190938511326,0.878101402373247,0.9105177993527508,0.2846054333764554,research/results/p4_information_study/20260926T212553Z,PRELIMINARY
3-2-3,8,3,64,64,awqpe_eps_safe,6180,0.9788025889967638,0.9811758360302049,0.9920711974110032,0.6259541984732825,research/results/p4_information_study/20260926T212553Z,PRELIMINARY
3-2-3,8,3,64,64,likelihood,6180,1.0,1.0,1.0,,research/results/p4_information_study/20260926T212553Z,PRELIMINARY
3-2-3,8,3,64,256,awqpe,6180,0.8703883495145631,0.8797734627831715,0.9286407766990291,0.449438202247191,research/results/p4_information_study/20260926T212553Z,PRELIMINARY
3-2-3,8,3,64,256,awqpe_eps_safe,6180,0.9762135922330097,0.981984897518878,0.9970873786407767,0.8775510204081632,research/results/p4_information_study/20260926T212553Z,PRELIMINARY
3-2-3,8,3,64,256,likelihood,6180,1.0,1.0,1.0,,research/results/p4_information_study/20260926T212553Z,PRELIMINARY
3-3-3-3,12,4,4,4,awqpe,6180,0.6720064724919094,0.6911003236245955,0.8145631067961165,0.4346324617661569,research/results/p4_information_study/20260926T212553Z,PRELIMINARY
3-3-3-3,12,4,4,4,awqpe_eps_safe,6180,0.6720064724919094,0.7113673139158576,0.8538834951456311,0.5545140601874692,research/results/p4_information_study/20260926T212553Z,PRELIMINARY
3-3-3-3,12,4,4,4,likelihood,6180,0.8,0.8368932038834952,0.9538834951456311,0.7694174757281553,research/results/p4_information_study/20260926T212553Z,PRELIMINARY
3-3-3-3,12,4,4,16,awqpe,6180,0.6715210355987055,0.7031553398058252,0.8694174757281553,0.6024630541871921,research/results/p4_information_study/20260926T212553Z,PRELIMINARY
3-3-3-3,12,4,4,16,awqpe_eps_safe,6180,0.6715210355987055,0.7317556634304208,0.9255663430420712,0.7733990147783252,research/results/p4_information_study/20260926T212553Z,PRELIMINARY
3-3-3-3,12,4,4,16,likelihood,6180,0.7962783171521035,0.8546116504854369,0.9865695792880259,0.9340746624305004,research/results/p4_information_study/20260926T212553Z,PRELIMINARY
3-3-3-3,12,4,16,16,awqpe,6180,0.7980582524271844,0.811448220064725,0.8867313915857605,0.4391025641025641,research/results/p4_information_study/20260926T212553Z,PRELIMINARY
3-3-3-3,12,4,16,16,awqpe_eps_safe,6180,0.9228155339805825,0.9340210355987055,0.9763754045307443,0.6939203354297694,research/results/p4_information_study/20260926T212553Z,PRELIMINARY
3-3-3-3,12,4,16,16,likelihood,6180,0.9943365695792881,0.9959142394822007,0.9996763754045307,0.9428571428571428,research/results/p4_information_study/20260926T212553Z,PRELIMINARY
3-3-3-3,12,4,16,64,awqpe,6180,0.804368932038835,0.8254449838187702,0.9257281553398058,0.6203473945409429,research/results/p4_information_study/20260926T212553Z,PRELIMINARY
3-3-3-3,12,4,16,64,awqpe_eps_safe,6180,0.926537216828479,0.9413025889967638,0.9914239482200647,0.8832599118942731,research/results/p4_information_study/20260926T212553Z,PRELIMINARY
3-3-3-3,12,4,16,64,likelihood,6180,0.9940129449838188,0.9960760517799353,1.0,1.0,research/results/p4_information_study/20260926T212553Z,PRELIMINARY
3-3-3-3,12,4,64,64,awqpe,6180,0.884789644012945,0.890331715210356,0.9276699029126214,0.37219101123595505,research/results/p4_information_study/20260926T212553Z,PRELIMINARY
3-3-3-3,12,4,64,64,awqpe_eps_safe,6180,0.9878640776699029,0.9896844660194175,0.997411003236246,0.7866666666666666,research/results/p4_information_study/20260926T212553Z,PRELIMINARY
3-3-3-3,12,4,64,64,likelihood,6180,1.0,1.0,1.0,,research/results/p4_information_study/20260926T212553Z,PRELIMINARY
3-3-3-3,12,4,64,256,awqpe,6180,0.883495145631068,0.8948220064724919,0.9493527508090615,0.5652777777777778,research/results/p4_information_study/20260926T212553Z,PRELIMINARY
3-3-3-3,12,4,64,256,awqpe_eps_safe,6180,0.9867313915857605,0.9893608414239482,0.9983818770226537,0.8780487804878049,research/results/p4_information_study/20260926T212553Z,PRELIMINARY
3-3-3-3,12,4,64,256,likelihood,6180,1.0,1.0,1.0,,research/results/p4_information_study/20260926T212553Z,PRELIMINARY
4-4,8,2,4,4,awqpe,6180,0.8118122977346278,0.8370550161812298,0.9003236245954692,0.472055030094583,research/results/p4_information_study/20260926T212553Z,PRELIMINARY
4-4,8,2,4,4,awqpe_eps_safe,6180,0.8118122977346278,0.8370550161812298,0.9003236245954692,0.472055030094583,research/results/p4_information_study/20260926T212553Z,PRELIMINARY
4-4,8,2,4,4,likelihood,6180,0.8977346278317152,0.9338996763754045,0.9807443365695793,0.8132911392405063,research/results/p4_information_study/20260926T212553Z,PRELIMINARY
4-4,8,2,4,16,awqpe,6180,0.8106796116504854,0.8435275080906149,0.9255663430420712,0.6188034188034188,research/results/p4_information_study/20260926T212553Z,PRELIMINARY
4-4,8,2,4,16,awqpe_eps_safe,6180,0.8106796116504854,0.8673139158576052,0.9514563106796117,0.7512820512820513,research/results/p4_information_study/20260926T212553Z,PRELIMINARY
4-4,8,2,4,16,likelihood,6180,0.8933656957928803,0.9470873786407767,0.997411003236246,0.9757207890743551,research/results/p4_information_study/20260926T212553Z,PRELIMINARY
4-4,8,2,16,16,awqpe,6180,0.8697411003236246,0.8866504854368932,0.9279935275080906,0.4509316770186335,research/results/p4_information_study/20260926T212553Z,PRELIMINARY
4-4,8,2,16,16,awqpe_eps_safe,6180,0.9033980582524271,0.920388349514563,0.9559870550161812,0.5460636515912898,research/results/p4_information_study/20260926T212553Z,PRELIMINARY
4-4,8,2,16,16,likelihood,6180,0.9966019417475728,0.998462783171521,1.0,1.0,research/results/p4_information_study/20260926T212553Z,PRELIMINARY
4-4,8,2,16,64,awqpe,6180,0.8745954692556634,0.9,0.9559870550161812,0.6567741935483871,research/results/p4_information_study/20260926T212553Z,PRELIMINARY
4-4,8,2,16,64,awqpe_eps_safe,6180,0.9092233009708738,0.9380258899676376,0.9818770226537217,0.803921568627451,research/results/p4_information_study/20260926T212553Z,PRELIMINARY
4-4,8,2,16,64,likelihood,6180,0.9956310679611651,0.9981391585760517,1.0,1.0,research/results/p4_information_study/20260926T212553Z,PRELIMINARY
4-4,8,2,64,64,awqpe,6180,0.9197411003236245,0.9288025889967637,0.9555016181229773,0.4475806451612903,research/results/p4_information_study/20260926T212553Z,PRELIMINARY
4-4,8,2,64,64,awqpe_eps_safe,6180,0.9650485436893204,0.970873786407767,0.9859223300970874,0.5972222222222222,research/results/p4_information_study/20260926T212553Z,PRELIMINARY
4-4,8,2,64,64,likelihood,6180,1.0,1.0,1.0,,research/results/p4_information_study/20260926T212553Z,PRELIMINARY
4-4,8,2,64,256,awqpe,6180,0.9144012944983819,0.9276699029126214,0.9624595469255663,0.5671077504725898,research/results/p4_information_study/20260926T212553Z,PRELIMINARY
4-4,8,2,64,256,awqpe_eps_safe,6180,0.9592233009708738,0.9716019417475729,0.9925566343042072,0.8174603174603174,research/results/p4_information_study/20260926T212553Z,PRELIMINARY
4-4,8,2,64,256,likelihood,6180,1.0,1.0,1.0,,research/results/p4_information_study/20260926T212553Z,PRELIMINARY
4-4-4,12,3,4,4,awqpe,6180,0.7574433656957928,0.7813376483279396,0.873948220064725,0.48032021347565046,research/results/p4_information_study/20260926T212553Z,PRELIMINARY
4-4-4,12,3,4,4,awqpe_eps_safe,6180,0.7574433656957928,0.7813376483279396,0.873948220064725,0.48032021347565046,research/results/p4_information_study/20260926T212553Z,PRELIMINARY
4-4-4,12,3,4,4,likelihood,6180,0.8504854368932039,0.8857065803667744,0.9663430420711974,0.7748917748917749,research/results/p4_information_study/20260926T212553Z,PRELIMINARY
4-4-4,12,3,4,16,awqpe,6180,0.7590614886731392,0.7928263214670982,0.912621359223301,0.6373404969778375,research/results/p4_information_study/20260926T212553Z,PRELIMINARY
4-4-4,12,3,4,16,awqpe_eps_safe,6180,0.7590614886731392,0.8099784250269686,0.9367313915857605,0.7374076561450638,research/results/p4_information_study/20260926T212553Z,PRELIMINARY
4-4-4,12,3,4,16,likelihood,6180,0.8559870550161812,0.9045846817691477,0.9927184466019418,0.950561797752809,research/results/p4_information_study/20260926T212553Z,PRELIMINARY
4-4-4,12,3,16,16,awqpe,6180,0.855663430420712,0.8704962243797196,0.9270226537216828,0.4943946188340807,research/results/p4_information_study/20260926T212553Z,PRELIMINARY
4-4-4,12,3,16,16,awqpe_eps_safe,6180,0.9004854368932039,0.9138079827400216,0.9584142394822006,0.5821138211382114,research/results/p4_information_study/20260926T212553Z,PRELIMINARY
4-4-4,12,3,16,16,likelihood,6180,0.9956310679611651,0.9971952535059332,1.0,1.0,research/results/p4_information_study/20260926T212553Z,PRELIMINARY
4-4-4,12,3,16,64,awqpe,6180,0.8634304207119741,0.8860302049622437,0.954368932038835,0.6658767772511849,research/results/p4_information_study/20260926T212553Z,PRELIMINARY
4-4-4,12,3,16,64,awqpe_eps_safe,6180,0.9014563106796116,0.9245954692556634,0.9809061488673139,0.80623973727422,research/results/p4_information_study/20260926T212553Z,PRELIMINARY
4-4-4,12,3,16,64,likelihood,6180,0.9943365695792881,0.9968176914778856,1.0,1.0,research/results/p4_information_study/20260926T212553Z,PRELIMINARY
4-4-4,12,3,64,64,awqpe,6180,0.9262135922330097,0.9335490830636463,0.9618122977346278,0.4824561403508772,research/results/p4_information_study/20260926T212553Z,PRELIMINARY
4-4-4,12,3,64,64,awqpe_eps_safe,6180,0.9660194174757282,0.9722761596548005,0.989967637540453,0.7047619047619048,research/results/p4_information_study/20260926T212553Z,PRELIMINARY
4-4-4,12,3,64,64,likelihood,6180,1.0,1.0,1.0,,research/results/p4_information_study/20260926T212553Z,PRELIMINARY
4-4-4,12,3,64,256,awqpe,6180,0.927831715210356,0.9386192017259979,0.9742718446601941,0.6434977578475336,research/results/p4_information_study/20260926T212553Z,PRELIMINARY
4-4-4,12,3,64,256,awqpe_eps_safe,6180,0.9676375404530745,0.9753505933117582,0.9941747572815534,0.82,research/results/p4_information_study/20260926T212553Z,PRELIMINARY
4-4-4,12,3,64,256,likelihood,6180,1.0,1.0,1.0,,research/results/p4_information_study/20260926T212553Z,PRELIMINARY
