variant,decoder,diagnostic,decoder_limited,p5_failures,shots_only,overlap_only,both,neither,frac_shots_only,frac_overlap_only,frac_both,frac_neither,run,status
bridge_half_eig_A1,awqpe,oracle_capability,False,208,47,0,0,161,0.22596153846153846,0.0,0.0,0.7740384615384616,research/results/p6_adaptive_overlap_pilot/20260927T152618Z,PILOT / DEV
bridge_half_eig_A1,awqpe,oracle_capability,True,36,8,0,0,28,0.2222222222222222,0.0,0.0,0.7777777777777778,research/results/p6_adaptive_overlap_pilot/20260927T152618Z,PILOT / DEV
bridge_half_eig_A1,awqpe,practical,False,208,25,0,0,183,0.1201923076923077,0.0,0.0,0.8798076923076923,research/results/p6_adaptive_overlap_pilot/20260927T152618Z,PILOT / DEV
bridge_half_eig_A1,awqpe,practical,True,36,5,0,0,31,0.1388888888888889,0.0,0.0,0.8611111111111112,research/results/p6_adaptive_overlap_pilot/20260927T152618Z,PILOT / DEV
bridge_half_eig_A1,awqpe_eps_safe,practical,False,191,44,0,0,147,0.23036649214659685,0.0,0.0,0.7696335078534031,research/results/p6_adaptive_overlap_pilot/20260927T152618Z,PILOT / DEV
bridge_half_eig_A1,likelihood,oracle_capability,False,77,1,23,48,5,0.012987012987012988,0.2987012987012987,0.6233766233766234,0.06493506493506493,research/results/p6_adaptive_overlap_pilot/20260927T152618Z,PILOT / DEV
bridge_half_eig_A1,likelihood,practical,False,77,1,28,37,11,0.012987012987012988,0.36363636363636365,0.4805194805194805,0.14285714285714285,research/results/p6_adaptive_overlap_pilot/20260927T152618Z,PILOT / DEV
bridge_half_eig_A2,awqpe,oracle_capability,False,208,65,0,0,143,0.3125,0.0,0.0,0.6875,research/results/p6_adaptive_overlap_pilot/20260927T152618Z,PILOT / DEV
bridge_half_eig_A2,awqpe,oracle_capability,True,36,9,0,0,27,0.25,0.0,0.0,0.75,research/results/p6_adaptive_overlap_pilot/20260927T152618Z,PILOT / DEV
bridge_half_eig_A2,awqpe,practical,False,208,38,0,0,170,0.18269230769230768,0.0,0.0,0.8173076923076923,research/results/p6_adaptive_overlap_pilot/20260927T152618Z,PILOT / DEV
bridge_half_eig_A2,awqpe,practical,True,36,5,0,0,31,0.1388888888888889,0.0,0.0,0.8611111111111112,research/results/p6_adaptive_overlap_pilot/20260927T152618Z,PILOT / DEV
bridge_half_eig_A2,awqpe_eps_safe,practical,False,191,58,0,0,133,0.3036649214659686,0.0,0.0,0.6963350785340314,research/results/p6_adaptive_overlap_pilot/20260927T152618Z,PILOT / DEV
bridge_half_eig_A2,likelihood,oracle_capability,False,77,1,15,59,2,0.012987012987012988,0.19480519480519481,0.7662337662337663,0.025974025974025976,research/results/p6_adaptive_overlap_pilot/20260927T152618Z,PILOT / DEV
bridge_half_eig_A2,likelihood,practical,False,77,0,24,50,3,0.0,0.3116883116883117,0.6493506493506493,0.03896103896103896,research/results/p6_adaptive_overlap_pilot/20260927T152618Z,PILOT / DEV
bridge_s1_eig_A1,awqpe,oracle_capability,False,208,47,0,0,161,0.22596153846153846,0.0,0.0,0.7740384615384616,research/results/p6_adaptive_overlap_pilot/20260927T152618Z,PILOT / DEV
bridge_s1_eig_A1,awqpe,oracle_capability,True,36,8,0,0,28,0.2222222222222222,0.0,0.0,0.7777777777777778,research/results/p6_adaptive_overlap_pilot/20260927T152618Z,PILOT / DEV
bridge_s1_eig_A1,awqpe,practical,False,208,25,0,0,183,0.1201923076923077,0.0,0.0,0.8798076923076923,research/results/p6_adaptive_overlap_pilot/20260927T152618Z,PILOT / DEV
bridge_s1_eig_A1,awqpe,practical,True,36,5,0,0,31,0.1388888888888889,0.0,0.0,0.8611111111111112,research/results/p6_adaptive_overlap_pilot/20260927T152618Z,PILOT / DEV
bridge_s1_eig_A1,awqpe_eps_safe,practical,False,191,44,0,0,147,0.23036649214659685,0.0,0.0,0.7696335078534031,research/results/p6_adaptive_overlap_pilot/20260927T152618Z,PILOT / DEV
bridge_s1_eig_A1,likelihood,oracle_capability,False,77,4,19,45,9,0.05194805194805195,0.24675324675324675,0.5844155844155844,0.11688311688311688,research/results/p6_adaptive_overlap_pilot/20260927T152618Z,PILOT / DEV
bridge_s1_eig_A1,likelihood,practical,False,77,4,25,34,14,0.05194805194805195,0.3246753246753247,0.44155844155844154,0.18181818181818182,research/results/p6_adaptive_overlap_pilot/20260927T152618Z,PILOT / DEV
bridge_s1_eig_A2,awqpe,oracle_capability,False,208,65,0,0,143,0.3125,0.0,0.0,0.6875,research/results/p6_adaptive_overlap_pilot/20260927T152618Z,PILOT / DEV
bridge_s1_eig_A2,awqpe,oracle_capability,True,36,9,0,0,27,0.25,0.0,0.0,0.75,research/results/p6_adaptive_overlap_pilot/20260927T152618Z,PILOT / DEV
bridge_s1_eig_A2,awqpe,practical,False,208,38,0,0,170,0.18269230769230768,0.0,0.0,0.8173076923076923,research/results/p6_adaptive_overlap_pilot/20260927T152618Z,PILOT / DEV
bridge_s1_eig_A2,awqpe,practical,True,36,5,0,0,31,0.1388888888888889,0.0,0.0,0.8611111111111112,research/results/p6_adaptive_overlap_pilot/20260927T152618Z,PILOT / DEV
bridge_s1_eig_A2,awqpe_eps_safe,practical,False,191,58,0,0,133,0.3036649214659686,0.0,0.0,0.6963350785340314,research/results/p6_adaptive_overlap_pilot/20260927T152618Z,PILOT / DEV
bridge_s1_eig_A2,likelihood,oracle_capability,False,77,8,15,52,2,0.1038961038961039,0.19480519480519481,0.6753246753246753,0.025974025974025976,research/results/p6_adaptive_overlap_pilot/20260927T152618Z,PILOT / DEV
bridge_s1_eig_A2,likelihood,practical,False,77,7,25,43,2,0.09090909090909091,0.3246753246753247,0.5584415584415584,0.025974025974025976,research/results/p6_adaptive_overlap_pilot/20260927T152618Z,PILOT / DEV
ext_v1_eig_A1,awqpe,oracle_capability,False,208,47,0,0,161,0.22596153846153846,0.0,0.0,0.7740384615384616,research/results/p6_adaptive_overlap_pilot/20260927T152618Z,PILOT / DEV
ext_v1_eig_A1,awqpe,oracle_capability,True,36,8,0,0,28,0.2222222222222222,0.0,0.0,0.7777777777777778,research/results/p6_adaptive_overlap_pilot/20260927T152618Z,PILOT / DEV
ext_v1_eig_A1,awqpe,practical,False,208,25,0,0,183,0.1201923076923077,0.0,0.0,0.8798076923076923,research/results/p6_adaptive_overlap_pilot/20260927T152618Z,PILOT / DEV
ext_v1_eig_A1,awqpe,practical,True,36,5,0,0,31,0.1388888888888889,0.0,0.0,0.8611111111111112,research/results/p6_adaptive_overlap_pilot/20260927T152618Z,PILOT / DEV
ext_v1_eig_A1,awqpe_eps_safe,practical,False,191,44,0,0,147,0.23036649214659685,0.0,0.0,0.7696335078534031,research/results/p6_adaptive_overlap_pilot/20260927T152618Z,PILOT / DEV
ext_v1_eig_A1,awqpe_eps_safe_ext,oracle_capability,False,191,49,55,27,60,0.25654450261780104,0.2879581151832461,0.14136125654450263,0.31413612565445026,research/results/p6_adaptive_overlap_pilot/20260927T152618Z,PILOT / DEV
ext_v1_eig_A1,awqpe_eps_safe_ext,practical,False,191,29,56,15,91,0.1518324607329843,0.2931937172774869,0.07853403141361257,0.47643979057591623,research/results/p6_adaptive_overlap_pilot/20260927T152618Z,PILOT / DEV
ext_v1_eig_A1,awqpe_ext,oracle_capability,False,208,33,71,14,90,0.15865384615384615,0.34134615384615385,0.0673076923076923,0.4326923076923077,research/results/p6_adaptive_overlap_pilot/20260927T152618Z,PILOT / DEV
ext_v1_eig_A1,awqpe_ext,oracle_capability,True,36,3,22,5,6,0.08333333333333333,0.6111111111111112,0.1388888888888889,0.16666666666666666,research/results/p6_adaptive_overlap_pilot/20260927T152618Z,PILOT / DEV
ext_v1_eig_A1,awqpe_ext,practical,False,208,16,68,9,115,0.07692307692307693,0.3269230769230769,0.04326923076923077,0.5528846153846154,research/results/p6_adaptive_overlap_pilot/20260927T152618Z,PILOT / DEV
ext_v1_eig_A1,awqpe_ext,practical,True,36,2,18,3,13,0.05555555555555555,0.5,0.08333333333333333,0.3611111111111111,research/results/p6_adaptive_overlap_pilot/20260927T152618Z,PILOT / DEV
ext_v1_eig_A1,likelihood,oracle_capability,False,77,3,24,46,4,0.03896103896103896,0.3116883116883117,0.5974025974025974,0.05194805194805195,research/results/p6_adaptive_overlap_pilot/20260927T152618Z,PILOT / DEV
ext_v1_eig_A1,likelihood,practical,False,77,3,29,35,10,0.03896103896103896,0.37662337662337664,0.45454545454545453,0.12987012987012986,research/results/p6_adaptive_overlap_pilot/20260927T152618Z,PILOT / DEV
ext_v1_eig_A2,awqpe,oracle_capability,False,208,65,0,0,143,0.3125,0.0,0.0,0.6875,research/results/p6_adaptive_overlap_pilot/20260927T152618Z,PILOT / DEV
ext_v1_eig_A2,awqpe,oracle_capability,True,36,9,0,0,27,0.25,0.0,0.0,0.75,research/results/p6_adaptive_overlap_pilot/20260927T152618Z,PILOT / DEV
ext_v1_eig_A2,awqpe,practical,False,208,38,0,0,170,0.18269230769230768,0.0,0.0,0.8173076923076923,research/results/p6_adaptive_overlap_pilot/20260927T152618Z,PILOT / DEV
ext_v1_eig_A2,awqpe,practical,True,36,5,0,0,31,0.1388888888888889,0.0,0.0,0.8611111111111112,research/results/p6_adaptive_overlap_pilot/20260927T152618Z,PILOT / DEV
ext_v1_eig_A2,awqpe_eps_safe,practical,False,191,58,0,0,133,0.3036649214659686,0.0,0.0,0.6963350785340314,research/results/p6_adaptive_overlap_pilot/20260927T152618Z,PILOT / DEV
ext_v1_eig_A2,awqpe_eps_safe_ext,oracle_capability,False,191,53,54,28,56,0.2774869109947644,0.28272251308900526,0.14659685863874344,0.2931937172774869,research/results/p6_adaptive_overlap_pilot/20260927T152618Z,PILOT / DEV
ext_v1_eig_A2,awqpe_eps_safe_ext,practical,False,191,38,62,20,71,0.19895287958115182,0.32460732984293195,0.10471204188481675,0.3717277486910995,research/results/p6_adaptive_overlap_pilot/20260927T152618Z,PILOT / DEV
ext_v1_eig_A2,awqpe_ext,oracle_capability,False,208,45,68,17,78,0.21634615384615385,0.3269230769230769,0.08173076923076923,0.375,research/results/p6_adaptive_overlap_pilot/20260927T152618Z,PILOT / DEV
ext_v1_eig_A2,awqpe_ext,oracle_capability,True,36,3,21,6,6,0.08333333333333333,0.5833333333333334,0.16666666666666666,0.16666666666666666,research/results/p6_adaptive_overlap_pilot/20260927T152618Z,PILOT / DEV
ext_v1_eig_A2,awqpe_ext,practical,False,208,26,73,12,97,0.125,0.35096153846153844,0.057692307692307696,0.46634615384615385,research/results/p6_adaptive_overlap_pilot/20260927T152618Z,PILOT / DEV
ext_v1_eig_A2,awqpe_ext,practical,True,36,1,23,4,8,0.027777777777777776,0.6388888888888888,0.1111111111111111,0.2222222222222222,research/results/p6_adaptive_overlap_pilot/20260927T152618Z,PILOT / DEV
ext_v1_eig_A2,likelihood,oracle_capability,False,77,2,16,58,1,0.025974025974025976,0.2077922077922078,0.7532467532467533,0.012987012987012988,research/results/p6_adaptive_overlap_pilot/20260927T152618Z,PILOT / DEV
ext_v1_eig_A2,likelihood,practical,False,77,1,25,49,2,0.012987012987012988,0.3246753246753247,0.6363636363636364,0.025974025974025976,research/results/p6_adaptive_overlap_pilot/20260927T152618Z,PILOT / DEV
ext_v1_lowerhalf_A1,awqpe,oracle_capability,False,208,47,0,0,161,0.22596153846153846,0.0,0.0,0.7740384615384616,research/results/p6_adaptive_overlap_pilot/20260927T152618Z,PILOT / DEV
ext_v1_lowerhalf_A1,awqpe,oracle_capability,True,36,8,0,0,28,0.2222222222222222,0.0,0.0,0.7777777777777778,research/results/p6_adaptive_overlap_pilot/20260927T152618Z,PILOT / DEV
ext_v1_lowerhalf_A1,awqpe,practical,False,208,25,0,0,183,0.1201923076923077,0.0,0.0,0.8798076923076923,research/results/p6_adaptive_overlap_pilot/20260927T152618Z,PILOT / DEV
ext_v1_lowerhalf_A1,awqpe,practical,True,36,5,0,0,31,0.1388888888888889,0.0,0.0,0.8611111111111112,research/results/p6_adaptive_overlap_pilot/20260927T152618Z,PILOT / DEV
ext_v1_lowerhalf_A1,awqpe_eps_safe,practical,False,191,44,0,0,147,0.23036649214659685,0.0,0.0,0.7696335078534031,research/results/p6_adaptive_overlap_pilot/20260927T152618Z,PILOT / DEV
ext_v1_lowerhalf_A1,awqpe_eps_safe_ext,oracle_capability,False,191,49,55,27,60,0.25654450261780104,0.2879581151832461,0.14136125654450263,0.31413612565445026,research/results/p6_adaptive_overlap_pilot/20260927T152618Z,PILOT / DEV
ext_v1_lowerhalf_A1,awqpe_eps_safe_ext,practical,False,191,29,67,15,80,0.1518324607329843,0.3507853403141361,0.07853403141361257,0.418848167539267,research/results/p6_adaptive_overlap_pilot/20260927T152618Z,PILOT / DEV
ext_v1_lowerhalf_A1,awqpe_ext,oracle_capability,False,208,33,71,14,90,0.15865384615384615,0.34134615384615385,0.0673076923076923,0.4326923076923077,research/results/p6_adaptive_overlap_pilot/20260927T152618Z,PILOT / DEV
ext_v1_lowerhalf_A1,awqpe_ext,oracle_capability,True,36,3,22,5,6,0.08333333333333333,0.6111111111111112,0.1388888888888889,0.16666666666666666,research/results/p6_adaptive_overlap_pilot/20260927T152618Z,PILOT / DEV
ext_v1_lowerhalf_A1,awqpe_ext,practical,False,208,16,76,9,107,0.07692307692307693,0.36538461538461536,0.04326923076923077,0.5144230769230769,research/results/p6_adaptive_overlap_pilot/20260927T152618Z,PILOT / DEV
ext_v1_lowerhalf_A1,awqpe_ext,practical,True,36,2,24,3,7,0.05555555555555555,0.6666666666666666,0.08333333333333333,0.19444444444444445,research/results/p6_adaptive_overlap_pilot/20260927T152618Z,PILOT / DEV
ext_v1_lowerhalf_A1,likelihood,oracle_capability,False,77,3,24,46,4,0.03896103896103896,0.3116883116883117,0.5974025974025974,0.05194805194805195,research/results/p6_adaptive_overlap_pilot/20260927T152618Z,PILOT / DEV
ext_v1_lowerhalf_A1,likelihood,practical,False,77,5,30,33,9,0.06493506493506493,0.38961038961038963,0.42857142857142855,0.11688311688311688,research/results/p6_adaptive_overlap_pilot/20260927T152618Z,PILOT / DEV
ext_v1_lowerhalf_A2,awqpe,oracle_capability,False,208,65,0,0,143,0.3125,0.0,0.0,0.6875,research/results/p6_adaptive_overlap_pilot/20260927T152618Z,PILOT / DEV
ext_v1_lowerhalf_A2,awqpe,oracle_capability,True,36,9,0,0,27,0.25,0.0,0.0,0.75,research/results/p6_adaptive_overlap_pilot/20260927T152618Z,PILOT / DEV
ext_v1_lowerhalf_A2,awqpe,practical,False,208,38,0,0,170,0.18269230769230768,0.0,0.0,0.8173076923076923,research/results/p6_adaptive_overlap_pilot/20260927T152618Z,PILOT / DEV
ext_v1_lowerhalf_A2,awqpe,practical,True,36,5,0,0,31,0.1388888888888889,0.0,0.0,0.8611111111111112,research/results/p6_adaptive_overlap_pilot/20260927T152618Z,PILOT / DEV
ext_v1_lowerhalf_A2,awqpe_eps_safe,practical,False,191,58,0,0,133,0.3036649214659686,0.0,0.0,0.6963350785340314,research/results/p6_adaptive_overlap_pilot/20260927T152618Z,PILOT / DEV
ext_v1_lowerhalf_A2,awqpe_eps_safe_ext,oracle_capability,False,191,53,54,28,56,0.2774869109947644,0.28272251308900526,0.14659685863874344,0.2931937172774869,research/results/p6_adaptive_overlap_pilot/20260927T152618Z,PILOT / DEV
ext_v1_lowerhalf_A2,awqpe_eps_safe_ext,practical,False,191,38,62,20,71,0.19895287958115182,0.32460732984293195,0.10471204188481675,0.3717277486910995,research/results/p6_adaptive_overlap_pilot/20260927T152618Z,PILOT / DEV
ext_v1_lowerhalf_A2,awqpe_ext,oracle_capability,False,208,45,68,17,78,0.21634615384615385,0.3269230769230769,0.08173076923076923,0.375,research/results/p6_adaptive_overlap_pilot/20260927T152618Z,PILOT / DEV
ext_v1_lowerhalf_A2,awqpe_ext,oracle_capability,True,36,3,21,6,6,0.08333333333333333,0.5833333333333334,0.16666666666666666,0.16666666666666666,research/results/p6_adaptive_overlap_pilot/20260927T152618Z,PILOT / DEV
ext_v1_lowerhalf_A2,awqpe_ext,practical,False,208,26,73,12,97,0.125,0.35096153846153844,0.057692307692307696,0.46634615384615385,research/results/p6_adaptive_overlap_pilot/20260927T152618Z,PILOT / DEV
ext_v1_lowerhalf_A2,awqpe_ext,practical,True,36,1,24,4,7,0.027777777777777776,0.6666666666666666,0.1111111111111111,0.19444444444444445,research/results/p6_adaptive_overlap_pilot/20260927T152618Z,PILOT / DEV
ext_v1_lowerhalf_A2,likelihood,oracle_capability,False,77,2,16,58,1,0.025974025974025976,0.2077922077922078,0.7532467532467533,0.012987012987012988,research/results/p6_adaptive_overlap_pilot/20260927T152618Z,PILOT / DEV
ext_v1_lowerhalf_A2,likelihood,practical,False,77,5,23,45,4,0.06493506493506493,0.2987012987012987,0.5844155844155844,0.05194805194805195,research/results/p6_adaptive_overlap_pilot/20260927T152618Z,PILOT / DEV
ext_v2_eig_A1,awqpe,oracle_capability,False,208,47,0,0,161,0.22596153846153846,0.0,0.0,0.7740384615384616,research/results/p6_adaptive_overlap_pilot/20260927T152618Z,PILOT / DEV
ext_v2_eig_A1,awqpe,oracle_capability,True,36,8,0,0,28,0.2222222222222222,0.0,0.0,0.7777777777777778,research/results/p6_adaptive_overlap_pilot/20260927T152618Z,PILOT / DEV
ext_v2_eig_A1,awqpe,practical,False,208,25,0,0,183,0.1201923076923077,0.0,0.0,0.8798076923076923,research/results/p6_adaptive_overlap_pilot/20260927T152618Z,PILOT / DEV
ext_v2_eig_A1,awqpe,practical,True,36,5,0,0,31,0.1388888888888889,0.0,0.0,0.8611111111111112,research/results/p6_adaptive_overlap_pilot/20260927T152618Z,PILOT / DEV
ext_v2_eig_A1,awqpe_eps_safe,practical,False,191,44,0,0,147,0.23036649214659685,0.0,0.0,0.7696335078534031,research/results/p6_adaptive_overlap_pilot/20260927T152618Z,PILOT / DEV
ext_v2_eig_A1,awqpe_eps_safe_ext,oracle_capability,False,191,48,55,28,60,0.2513089005235602,0.2879581151832461,0.14659685863874344,0.31413612565445026,research/results/p6_adaptive_overlap_pilot/20260927T152618Z,PILOT / DEV
ext_v2_eig_A1,awqpe_eps_safe_ext,practical,False,191,29,57,15,90,0.1518324607329843,0.29842931937172773,0.07853403141361257,0.4712041884816754,research/results/p6_adaptive_overlap_pilot/20260927T152618Z,PILOT / DEV
ext_v2_eig_A1,awqpe_ext,oracle_capability,False,208,32,71,15,90,0.15384615384615385,0.34134615384615385,0.07211538461538461,0.4326923076923077,research/results/p6_adaptive_overlap_pilot/20260927T152618Z,PILOT / DEV
ext_v2_eig_A1,awqpe_ext,oracle_capability,True,36,3,23,5,5,0.08333333333333333,0.6388888888888888,0.1388888888888889,0.1388888888888889,research/results/p6_adaptive_overlap_pilot/20260927T152618Z,PILOT / DEV
ext_v2_eig_A1,awqpe_ext,practical,False,208,16,67,9,116,0.07692307692307693,0.32211538461538464,0.04326923076923077,0.5576923076923077,research/results/p6_adaptive_overlap_pilot/20260927T152618Z,PILOT / DEV
ext_v2_eig_A1,awqpe_ext,practical,True,36,2,19,3,12,0.05555555555555555,0.5277777777777778,0.08333333333333333,0.3333333333333333,research/results/p6_adaptive_overlap_pilot/20260927T152618Z,PILOT / DEV
ext_v2_eig_A1,likelihood,oracle_capability,False,77,1,26,48,2,0.012987012987012988,0.33766233766233766,0.6233766233766234,0.025974025974025976,research/results/p6_adaptive_overlap_pilot/20260927T152618Z,PILOT / DEV
ext_v2_eig_A1,likelihood,practical,False,77,1,30,37,9,0.012987012987012988,0.38961038961038963,0.4805194805194805,0.11688311688311688,research/results/p6_adaptive_overlap_pilot/20260927T152618Z,PILOT / DEV
ext_v2_lowerhalf_A1,awqpe,oracle_capability,False,208,47,0,0,161,0.22596153846153846,0.0,0.0,0.7740384615384616,research/results/p6_adaptive_overlap_pilot/20260927T152618Z,PILOT / DEV
ext_v2_lowerhalf_A1,awqpe,oracle_capability,True,36,8,0,0,28,0.2222222222222222,0.0,0.0,0.7777777777777778,research/results/p6_adaptive_overlap_pilot/20260927T152618Z,PILOT / DEV
ext_v2_lowerhalf_A1,awqpe,practical,False,208,25,0,0,183,0.1201923076923077,0.0,0.0,0.8798076923076923,research/results/p6_adaptive_overlap_pilot/20260927T152618Z,PILOT / DEV
ext_v2_lowerhalf_A1,awqpe,practical,True,36,5,0,0,31,0.1388888888888889,0.0,0.0,0.8611111111111112,research/results/p6_adaptive_overlap_pilot/20260927T152618Z,PILOT / DEV
ext_v2_lowerhalf_A1,awqpe_eps_safe,practical,False,191,44,0,0,147,0.23036649214659685,0.0,0.0,0.7696335078534031,research/results/p6_adaptive_overlap_pilot/20260927T152618Z,PILOT / DEV
ext_v2_lowerhalf_A1,awqpe_eps_safe_ext,oracle_capability,False,191,48,55,28,60,0.2513089005235602,0.2879581151832461,0.14659685863874344,0.31413612565445026,research/results/p6_adaptive_overlap_pilot/20260927T152618Z,PILOT / DEV
ext_v2_lowerhalf_A1,awqpe_eps_safe_ext,practical,False,191,29,68,15,79,0.1518324607329843,0.35602094240837695,0.07853403141361257,0.41361256544502617,research/results/p6_adaptive_overlap_pilot/20260927T152618Z,PILOT / DEV
ext_v2_lowerhalf_A1,awqpe_ext,oracle_capability,False,208,32,71,15,90,0.15384615384615385,0.34134615384615385,0.07211538461538461,0.4326923076923077,research/results/p6_adaptive_overlap_pilot/20260927T152618Z,PILOT / DEV
ext_v2_lowerhalf_A1,awqpe_ext,oracle_capability,True,36,3,23,5,5,0.08333333333333333,0.6388888888888888,0.1388888888888889,0.1388888888888889,research/results/p6_adaptive_overlap_pilot/20260927T152618Z,PILOT / DEV
ext_v2_lowerhalf_A1,awqpe_ext,practical,False,208,16,77,9,106,0.07692307692307693,0.3701923076923077,0.04326923076923077,0.5096153846153846,research/results/p6_adaptive_overlap_pilot/20260927T152618Z,PILOT / DEV
ext_v2_lowerhalf_A1,awqpe_ext,practical,True,36,2,25,3,6,0.05555555555555555,0.6944444444444444,0.08333333333333333,0.16666666666666666,research/results/p6_adaptive_overlap_pilot/20260927T152618Z,PILOT / DEV
ext_v2_lowerhalf_A1,likelihood,oracle_capability,False,77,1,26,48,2,0.012987012987012988,0.33766233766233766,0.6233766233766234,0.025974025974025976,research/results/p6_adaptive_overlap_pilot/20260927T152618Z,PILOT / DEV
ext_v2_lowerhalf_A1,likelihood,practical,False,77,3,31,35,8,0.03896103896103896,0.4025974025974026,0.45454545454545453,0.1038961038961039,research/results/p6_adaptive_overlap_pilot/20260927T152618Z,PILOT / DEV
