variant,group,trials,mean_dtol,shots_displaced,u_added,decoder,epsilon_state,run,status
ext_v1_eig_A1,action_on_applicable,320,0.190625,2.99375,2681.275,awqpe_eps_safe_ext,safe,research/results/p6_safe_eps_diagnostic/20260927T155247Z,DIAGNOSTIC / DEV
ext_v1_eig_A1,actions_all_inapplicable,1070,-0.15981308411214953,2.9644859813084112,2061.388785046729,awqpe_eps_safe_ext,safe,research/results/p6_safe_eps_diagnostic/20260927T155247Z,DIAGNOSTIC / DEV
ext_v1_eig_A1,no_overlap_action,450,0.0,0.0,0.0,awqpe_eps_safe_ext,safe,research/results/p6_safe_eps_diagnostic/20260927T155247Z,DIAGNOSTIC / DEV
ext_v1_lowerhalf_A1,action_on_applicable,435,0.17701149425287357,3.0022988505747126,2144.055172413793,awqpe_eps_safe_ext,safe,research/results/p6_safe_eps_diagnostic/20260927T155247Z,DIAGNOSTIC / DEV
ext_v1_lowerhalf_A1,actions_all_inapplicable,957,-0.1536050156739812,2.955067920585162,2154.6687565308257,awqpe_eps_safe_ext,safe,research/results/p6_safe_eps_diagnostic/20260927T155247Z,DIAGNOSTIC / DEV
ext_v1_lowerhalf_A1,no_overlap_action,448,0.0,0.0,0.0,awqpe_eps_safe_ext,safe,research/results/p6_safe_eps_diagnostic/20260927T155247Z,DIAGNOSTIC / DEV
ext_v2_eig_A1,action_on_applicable,304,0.19078947368421054,3.0328947368421053,3168.032894736842,awqpe_eps_safe_ext,safe,research/results/p6_safe_eps_diagnostic/20260927T155247Z,DIAGNOSTIC / DEV
ext_v2_eig_A1,actions_all_inapplicable,1321,-0.1627554882664648,2.94776684330053,2235.884935654807,awqpe_eps_safe_ext,safe,research/results/p6_safe_eps_diagnostic/20260927T155247Z,DIAGNOSTIC / DEV
ext_v2_eig_A1,no_overlap_action,215,0.0,0.0,0.0,awqpe_eps_safe_ext,safe,research/results/p6_safe_eps_diagnostic/20260927T155247Z,DIAGNOSTIC / DEV
ext_v1_eig_A1,ALL,1840,-0.059782608695652176,2.244565217391304,1665.0510869565217,awqpe_eps_safe_ext,safe,research/results/p6_safe_eps_diagnostic/20260927T155247Z,DIAGNOSTIC / DEV
ext_v1_lowerhalf_A1,ALL,1840,-0.03804347826086957,2.246739130434783,1627.5445652173912,awqpe_eps_safe_ext,safe,research/results/p6_safe_eps_diagnostic/20260927T155247Z,DIAGNOSTIC / DEV
ext_v2_eig_A1,ALL,1840,-0.08532608695652173,2.617391304347826,2128.633695652174,awqpe_eps_safe_ext,safe,research/results/p6_safe_eps_diagnostic/20260927T155247Z,DIAGNOSTIC / DEV
ext_v1_eig_A1,action_on_applicable,320,0.296875,2.99375,2681.275,awqpe_ext,09,research/results/p6_safe_eps_diagnostic/20260927T155247Z,DIAGNOSTIC / DEV
ext_v1_eig_A1,actions_all_inapplicable,1070,-0.1261682242990654,2.9644859813084112,2061.388785046729,awqpe_ext,09,research/results/p6_safe_eps_diagnostic/20260927T155247Z,DIAGNOSTIC / DEV
ext_v1_eig_A1,no_overlap_action,450,0.0,0.0,0.0,awqpe_ext,09,research/results/p6_safe_eps_diagnostic/20260927T155247Z,DIAGNOSTIC / DEV
ext_v1_lowerhalf_A1,action_on_applicable,435,0.2689655172413793,3.0022988505747126,2144.055172413793,awqpe_ext,09,research/results/p6_safe_eps_diagnostic/20260927T155247Z,DIAGNOSTIC / DEV
ext_v1_lowerhalf_A1,actions_all_inapplicable,957,-0.12852664576802508,2.955067920585162,2154.6687565308257,awqpe_ext,09,research/results/p6_safe_eps_diagnostic/20260927T155247Z,DIAGNOSTIC / DEV
ext_v1_lowerhalf_A1,no_overlap_action,448,0.0,0.0,0.0,awqpe_ext,09,research/results/p6_safe_eps_diagnostic/20260927T155247Z,DIAGNOSTIC / DEV
ext_v2_eig_A1,action_on_applicable,304,0.2993421052631579,3.0328947368421053,3168.032894736842,awqpe_ext,09,research/results/p6_safe_eps_diagnostic/20260927T155247Z,DIAGNOSTIC / DEV
ext_v2_eig_A1,actions_all_inapplicable,1321,-0.13853141559424678,2.94776684330053,2235.884935654807,awqpe_ext,09,research/results/p6_safe_eps_diagnostic/20260927T155247Z,DIAGNOSTIC / DEV
ext_v2_eig_A1,no_overlap_action,215,0.0,0.0,0.0,awqpe_ext,09,research/results/p6_safe_eps_diagnostic/20260927T155247Z,DIAGNOSTIC / DEV
ext_v1_eig_A1,ALL,1840,-0.021739130434782608,2.244565217391304,1665.0510869565217,awqpe_ext,09,research/results/p6_safe_eps_diagnostic/20260927T155247Z,DIAGNOSTIC / DEV
ext_v1_lowerhalf_A1,ALL,1840,-0.003260869565217391,2.246739130434783,1627.5445652173912,awqpe_ext,09,research/results/p6_safe_eps_diagnostic/20260927T155247Z,DIAGNOSTIC / DEV
ext_v2_eig_A1,ALL,1840,-0.05,2.617391304347826,2128.633695652174,awqpe_ext,09,research/results/p6_safe_eps_diagnostic/20260927T155247Z,DIAGNOSTIC / DEV
ext_v1_eig_A1,action_on_applicable,320,0.078125,2.99375,2681.275,likelihood,safe,research/results/p6_safe_eps_diagnostic/20260927T155247Z,DIAGNOSTIC / DEV
ext_v1_eig_A1,actions_all_inapplicable,1070,0.03177570093457944,2.9644859813084112,2061.388785046729,likelihood,safe,research/results/p6_safe_eps_diagnostic/20260927T155247Z,DIAGNOSTIC / DEV
ext_v1_eig_A1,no_overlap_action,450,0.0,0.0,0.0,likelihood,safe,research/results/p6_safe_eps_diagnostic/20260927T155247Z,DIAGNOSTIC / DEV
ext_v1_lowerhalf_A1,action_on_applicable,435,0.07586206896551724,3.0022988505747126,2144.055172413793,likelihood,safe,research/results/p6_safe_eps_diagnostic/20260927T155247Z,DIAGNOSTIC / DEV
ext_v1_lowerhalf_A1,actions_all_inapplicable,957,0.02821316614420063,2.955067920585162,2154.6687565308257,likelihood,safe,research/results/p6_safe_eps_diagnostic/20260927T155247Z,DIAGNOSTIC / DEV
ext_v1_lowerhalf_A1,no_overlap_action,448,0.0,0.0,0.0,likelihood,safe,research/results/p6_safe_eps_diagnostic/20260927T155247Z,DIAGNOSTIC / DEV
ext_v2_eig_A1,action_on_applicable,304,0.0756578947368421,3.0328947368421053,3168.032894736842,likelihood,safe,research/results/p6_safe_eps_diagnostic/20260927T155247Z,DIAGNOSTIC / DEV
ext_v2_eig_A1,actions_all_inapplicable,1321,0.028766086298258896,2.94776684330053,2235.884935654807,likelihood,safe,research/results/p6_safe_eps_diagnostic/20260927T155247Z,DIAGNOSTIC / DEV
ext_v2_eig_A1,no_overlap_action,215,0.0,0.0,0.0,likelihood,safe,research/results/p6_safe_eps_diagnostic/20260927T155247Z,DIAGNOSTIC / DEV
ext_v1_eig_A1,ALL,1840,0.03206521739130435,2.244565217391304,1665.0510869565217,likelihood,safe,research/results/p6_safe_eps_diagnostic/20260927T155247Z,DIAGNOSTIC / DEV
ext_v1_lowerhalf_A1,ALL,1840,0.03260869565217391,2.246739130434783,1627.5445652173912,likelihood,safe,research/results/p6_safe_eps_diagnostic/20260927T155247Z,DIAGNOSTIC / DEV
ext_v2_eig_A1,ALL,1840,0.03315217391304348,2.617391304347826,2128.633695652174,likelihood,safe,research/results/p6_safe_eps_diagnostic/20260927T155247Z,DIAGNOSTIC / DEV
