variant,arm,ambiguous_unflagged,resolved_by_flag,rule_inapplicable,epsilon_state,run,status
ext_v1_eig_A1,B3_overlap_alone,0.09293478260869566,0.08097826086956522,0.8260869565217391,safe,research/results/p6_safe_eps_diagnostic/20260927T155247Z,DIAGNOSTIC / DEV
ext_v1_eig_A1,B4_eig_plus_overlap,0.12302158273381295,0.10719424460431655,0.7697841726618705,safe,research/results/p6_safe_eps_diagnostic/20260927T155247Z,DIAGNOSTIC / DEV
ext_v1_eig_A1,R_trigger_overlap,0.10380434782608695,0.1,0.7961956521739131,safe,research/results/p6_safe_eps_diagnostic/20260927T155247Z,DIAGNOSTIC / DEV
ext_v1_lowerhalf_A1,B3_overlap_alone,0.11847826086956521,0.11576086956521739,0.7657608695652174,safe,research/results/p6_safe_eps_diagnostic/20260927T155247Z,DIAGNOSTIC / DEV
ext_v1_lowerhalf_A1,B4_eig_plus_overlap,0.15948275862068967,0.15301724137931033,0.6875,safe,research/results/p6_safe_eps_diagnostic/20260927T155247Z,DIAGNOSTIC / DEV
ext_v1_lowerhalf_A1,R_trigger_overlap,0.11195652173913044,0.12445652173913044,0.7635869565217391,safe,research/results/p6_safe_eps_diagnostic/20260927T155247Z,DIAGNOSTIC / DEV
ext_v2_eig_A1,B3_overlap_alone,0.0875,0.07771739130434782,0.8347826086956521,safe,research/results/p6_safe_eps_diagnostic/20260927T155247Z,DIAGNOSTIC / DEV
ext_v2_eig_A1,B4_eig_plus_overlap,0.09907692307692308,0.088,0.812923076923077,safe,research/results/p6_safe_eps_diagnostic/20260927T155247Z,DIAGNOSTIC / DEV
ext_v2_eig_A1,R_trigger_overlap,0.10271739130434783,0.09782608695652174,0.7994565217391304,safe,research/results/p6_safe_eps_diagnostic/20260927T155247Z,DIAGNOSTIC / DEV
ext_v1_eig_A1,B3_overlap_alone,0.10326086956521739,0.07065217391304347,0.8260869565217391,09,research/results/p6_safe_eps_diagnostic/20260927T155247Z,DIAGNOSTIC / DEV
ext_v1_eig_A1,B4_eig_plus_overlap,0.1366906474820144,0.09352517985611511,0.7697841726618705,09,research/results/p6_safe_eps_diagnostic/20260927T155247Z,DIAGNOSTIC / DEV
ext_v1_eig_A1,R_trigger_overlap,0.1592391304347826,0.04456521739130435,0.7961956521739131,09,research/results/p6_safe_eps_diagnostic/20260927T155247Z,DIAGNOSTIC / DEV
ext_v1_lowerhalf_A1,B3_overlap_alone,0.13206521739130433,0.10217391304347827,0.7657608695652174,09,research/results/p6_safe_eps_diagnostic/20260927T155247Z,DIAGNOSTIC / DEV
ext_v1_lowerhalf_A1,B4_eig_plus_overlap,0.17744252873563218,0.13505747126436782,0.6875,09,research/results/p6_safe_eps_diagnostic/20260927T155247Z,DIAGNOSTIC / DEV
ext_v1_lowerhalf_A1,R_trigger_overlap,0.18097826086956523,0.05543478260869565,0.7635869565217391,09,research/results/p6_safe_eps_diagnostic/20260927T155247Z,DIAGNOSTIC / DEV
ext_v2_eig_A1,B3_overlap_alone,0.09782608695652174,0.06739130434782609,0.8347826086956521,09,research/results/p6_safe_eps_diagnostic/20260927T155247Z,DIAGNOSTIC / DEV
ext_v2_eig_A1,B4_eig_plus_overlap,0.11076923076923077,0.07630769230769231,0.812923076923077,09,research/results/p6_safe_eps_diagnostic/20260927T155247Z,DIAGNOSTIC / DEV
ext_v2_eig_A1,R_trigger_overlap,0.1565217391304348,0.044021739130434785,0.7994565217391304,09,research/results/p6_safe_eps_diagnostic/20260927T155247Z,DIAGNOSTIC / DEV
