variant,arm,state,actions,mean_gain_err_lsb,frac_improved,frac_worsened,decoder,epsilon_state,run,status
ext_v1_eig_A1,B3_overlap_alone,ambiguous_unflagged,171,19.304441254212378,0.5029239766081871,0.05263157894736842,awqpe_eps_safe_ext,safe,research/results/p6_safe_eps_diagnostic/20260927T155247Z,DIAGNOSTIC / DEV
ext_v1_eig_A1,B3_overlap_alone,resolved_by_flag,149,11.425248839283848,0.37583892617449666,0.053691275167785234,awqpe_eps_safe_ext,safe,research/results/p6_safe_eps_diagnostic/20260927T155247Z,DIAGNOSTIC / DEV
ext_v1_eig_A1,B3_overlap_alone,rule_inapplicable,1520,0.0,0.0,0.0,awqpe_eps_safe_ext,safe,research/results/p6_safe_eps_diagnostic/20260927T155247Z,DIAGNOSTIC / DEV
ext_v1_eig_A1,B4_eig_plus_overlap,ambiguous_unflagged,171,19.21087400275039,0.5029239766081871,0.05847953216374269,awqpe_eps_safe_ext,safe,research/results/p6_safe_eps_diagnostic/20260927T155247Z,DIAGNOSTIC / DEV
ext_v1_eig_A1,B4_eig_plus_overlap,resolved_by_flag,149,11.425248839283848,0.37583892617449666,0.053691275167785234,awqpe_eps_safe_ext,safe,research/results/p6_safe_eps_diagnostic/20260927T155247Z,DIAGNOSTIC / DEV
ext_v1_eig_A1,B4_eig_plus_overlap,rule_inapplicable,1070,0.0,0.0,0.0,awqpe_eps_safe_ext,safe,research/results/p6_safe_eps_diagnostic/20260927T155247Z,DIAGNOSTIC / DEV
ext_v1_eig_A1,R_trigger_overlap,ambiguous_unflagged,191,16.895726343915964,0.4293193717277487,0.04712041884816754,awqpe_eps_safe_ext,safe,research/results/p6_safe_eps_diagnostic/20260927T155247Z,DIAGNOSTIC / DEV
ext_v1_eig_A1,R_trigger_overlap,resolved_by_flag,184,-2.6440230249972747,0.059782608695652176,0.03804347826086957,awqpe_eps_safe_ext,safe,research/results/p6_safe_eps_diagnostic/20260927T155247Z,DIAGNOSTIC / DEV
ext_v1_eig_A1,R_trigger_overlap,rule_inapplicable,1465,0.0,0.0,0.0,awqpe_eps_safe_ext,safe,research/results/p6_safe_eps_diagnostic/20260927T155247Z,DIAGNOSTIC / DEV
ext_v1_lowerhalf_A1,B3_overlap_alone,ambiguous_unflagged,218,17.80450733507092,0.45871559633027525,0.05504587155963303,awqpe_eps_safe_ext,safe,research/results/p6_safe_eps_diagnostic/20260927T155247Z,DIAGNOSTIC / DEV
ext_v1_lowerhalf_A1,B3_overlap_alone,resolved_by_flag,213,5.919980623537395,0.3004694835680751,0.07042253521126761,awqpe_eps_safe_ext,safe,research/results/p6_safe_eps_diagnostic/20260927T155247Z,DIAGNOSTIC / DEV
ext_v1_lowerhalf_A1,B3_overlap_alone,rule_inapplicable,1409,0.0,0.0,0.0,awqpe_eps_safe_ext,safe,research/results/p6_safe_eps_diagnostic/20260927T155247Z,DIAGNOSTIC / DEV
ext_v1_lowerhalf_A1,B4_eig_plus_overlap,ambiguous_unflagged,222,17.411633329033606,0.45045045045045046,0.05855855855855856,awqpe_eps_safe_ext,safe,research/results/p6_safe_eps_diagnostic/20260927T155247Z,DIAGNOSTIC / DEV
ext_v1_lowerhalf_A1,B4_eig_plus_overlap,resolved_by_flag,213,5.919980623537395,0.3004694835680751,0.07042253521126761,awqpe_eps_safe_ext,safe,research/results/p6_safe_eps_diagnostic/20260927T155247Z,DIAGNOSTIC / DEV
ext_v1_lowerhalf_A1,B4_eig_plus_overlap,rule_inapplicable,957,0.0,0.0,0.0,awqpe_eps_safe_ext,safe,research/results/p6_safe_eps_diagnostic/20260927T155247Z,DIAGNOSTIC / DEV
ext_v1_lowerhalf_A1,R_trigger_overlap,ambiguous_unflagged,206,15.7770057933036,0.41262135922330095,0.043689320388349516,awqpe_eps_safe_ext,safe,research/results/p6_safe_eps_diagnostic/20260927T155247Z,DIAGNOSTIC / DEV
ext_v1_lowerhalf_A1,R_trigger_overlap,resolved_by_flag,229,-2.1069879327489023,0.05240174672489083,0.03056768558951965,awqpe_eps_safe_ext,safe,research/results/p6_safe_eps_diagnostic/20260927T155247Z,DIAGNOSTIC / DEV
ext_v1_lowerhalf_A1,R_trigger_overlap,rule_inapplicable,1405,0.0,0.0,0.0,awqpe_eps_safe_ext,safe,research/results/p6_safe_eps_diagnostic/20260927T155247Z,DIAGNOSTIC / DEV
ext_v2_eig_A1,B3_overlap_alone,ambiguous_unflagged,161,20.37554231245519,0.4906832298136646,0.031055900621118012,awqpe_eps_safe_ext,safe,research/results/p6_safe_eps_diagnostic/20260927T155247Z,DIAGNOSTIC / DEV
ext_v2_eig_A1,B3_overlap_alone,resolved_by_flag,143,11.359403843499088,0.36363636363636365,0.055944055944055944,awqpe_eps_safe_ext,safe,research/results/p6_safe_eps_diagnostic/20260927T155247Z,DIAGNOSTIC / DEV
ext_v2_eig_A1,B3_overlap_alone,rule_inapplicable,1536,0.0,0.0,0.0,awqpe_eps_safe_ext,safe,research/results/p6_safe_eps_diagnostic/20260927T155247Z,DIAGNOSTIC / DEV
ext_v2_eig_A1,B4_eig_plus_overlap,ambiguous_unflagged,161,20.37554231245519,0.4906832298136646,0.031055900621118012,awqpe_eps_safe_ext,safe,research/results/p6_safe_eps_diagnostic/20260927T155247Z,DIAGNOSTIC / DEV
ext_v2_eig_A1,B4_eig_plus_overlap,resolved_by_flag,143,11.359403843499088,0.36363636363636365,0.055944055944055944,awqpe_eps_safe_ext,safe,research/results/p6_safe_eps_diagnostic/20260927T155247Z,DIAGNOSTIC / DEV
ext_v2_eig_A1,B4_eig_plus_overlap,rule_inapplicable,1321,0.0,0.0,0.0,awqpe_eps_safe_ext,safe,research/results/p6_safe_eps_diagnostic/20260927T155247Z,DIAGNOSTIC / DEV
ext_v2_eig_A1,R_trigger_overlap,ambiguous_unflagged,189,17.250923086693046,0.43386243386243384,0.042328042328042326,awqpe_eps_safe_ext,safe,research/results/p6_safe_eps_diagnostic/20260927T155247Z,DIAGNOSTIC / DEV
ext_v2_eig_A1,R_trigger_overlap,resolved_by_flag,180,-2.702329895555231,0.05555555555555555,0.03333333333333333,awqpe_eps_safe_ext,safe,research/results/p6_safe_eps_diagnostic/20260927T155247Z,DIAGNOSTIC / DEV
ext_v2_eig_A1,R_trigger_overlap,rule_inapplicable,1471,0.0,0.0,0.0,awqpe_eps_safe_ext,safe,research/results/p6_safe_eps_diagnostic/20260927T155247Z,DIAGNOSTIC / DEV
ext_v1_eig_A1,B3_overlap_alone,ambiguous_unflagged,190,18.192762940933594,0.48947368421052634,0.05263157894736842,awqpe_ext,09,research/results/p6_safe_eps_diagnostic/20260927T155247Z,DIAGNOSTIC / DEV
ext_v1_eig_A1,B3_overlap_alone,resolved_by_flag,130,12.26373008733938,0.3923076923076923,0.038461538461538464,awqpe_ext,09,research/results/p6_safe_eps_diagnostic/20260927T155247Z,DIAGNOSTIC / DEV
ext_v1_eig_A1,B3_overlap_alone,rule_inapplicable,1520,0.0,0.0,0.0,awqpe_ext,09,research/results/p6_safe_eps_diagnostic/20260927T155247Z,DIAGNOSTIC / DEV
ext_v1_eig_A1,B4_eig_plus_overlap,ambiguous_unflagged,190,18.108552414617808,0.48947368421052634,0.05789473684210526,awqpe_ext,09,research/results/p6_safe_eps_diagnostic/20260927T155247Z,DIAGNOSTIC / DEV
ext_v1_eig_A1,B4_eig_plus_overlap,resolved_by_flag,130,12.26373008733938,0.3923076923076923,0.038461538461538464,awqpe_ext,09,research/results/p6_safe_eps_diagnostic/20260927T155247Z,DIAGNOSTIC / DEV
ext_v1_eig_A1,B4_eig_plus_overlap,rule_inapplicable,1070,0.0,0.0,0.0,awqpe_ext,09,research/results/p6_safe_eps_diagnostic/20260927T155247Z,DIAGNOSTIC / DEV
ext_v1_eig_A1,R_trigger_overlap,ambiguous_unflagged,293,13.833388272728563,0.4300341296928328,0.03754266211604096,awqpe_ext,09,research/results/p6_safe_eps_diagnostic/20260927T155247Z,DIAGNOSTIC / DEV
ext_v1_eig_A1,R_trigger_overlap,resolved_by_flag,82,-6.254042307799495,0.08536585365853659,0.04878048780487805,awqpe_ext,09,research/results/p6_safe_eps_diagnostic/20260927T155247Z,DIAGNOSTIC / DEV
ext_v1_eig_A1,R_trigger_overlap,rule_inapplicable,1465,0.0,0.0,0.0,awqpe_ext,09,research/results/p6_safe_eps_diagnostic/20260927T155247Z,DIAGNOSTIC / DEV
ext_v1_lowerhalf_A1,B3_overlap_alone,ambiguous_unflagged,243,17.296326813930822,0.45267489711934156,0.053497942386831275,awqpe_ext,09,research/results/p6_safe_eps_diagnostic/20260927T155247Z,DIAGNOSTIC / DEV
ext_v1_lowerhalf_A1,B3_overlap_alone,resolved_by_flag,188,6.004673974012188,0.2978723404255319,0.05319148936170213,awqpe_ext,09,research/results/p6_safe_eps_diagnostic/20260927T155247Z,DIAGNOSTIC / DEV
ext_v1_lowerhalf_A1,B3_overlap_alone,rule_inapplicable,1409,0.0,0.0,0.0,awqpe_ext,09,research/results/p6_safe_eps_diagnostic/20260927T155247Z,DIAGNOSTIC / DEV
ext_v1_lowerhalf_A1,B4_eig_plus_overlap,ambiguous_unflagged,247,16.951447027470405,0.44534412955465585,0.05668016194331984,awqpe_ext,09,research/results/p6_safe_eps_diagnostic/20260927T155247Z,DIAGNOSTIC / DEV
ext_v1_lowerhalf_A1,B4_eig_plus_overlap,resolved_by_flag,188,6.004673974012188,0.2978723404255319,0.05319148936170213,awqpe_ext,09,research/results/p6_safe_eps_diagnostic/20260927T155247Z,DIAGNOSTIC / DEV
ext_v1_lowerhalf_A1,B4_eig_plus_overlap,rule_inapplicable,957,0.0,0.0,0.0,awqpe_ext,09,research/results/p6_safe_eps_diagnostic/20260927T155247Z,DIAGNOSTIC / DEV
ext_v1_lowerhalf_A1,R_trigger_overlap,ambiguous_unflagged,333,12.695708680727813,0.4144144144144144,0.042042042042042045,awqpe_ext,09,research/results/p6_safe_eps_diagnostic/20260927T155247Z,DIAGNOSTIC / DEV
ext_v1_lowerhalf_A1,R_trigger_overlap,resolved_by_flag,102,-5.027759502348614,0.06862745098039216,0.0392156862745098,awqpe_ext,09,research/results/p6_safe_eps_diagnostic/20260927T155247Z,DIAGNOSTIC / DEV
ext_v1_lowerhalf_A1,R_trigger_overlap,rule_inapplicable,1405,0.0,0.0,0.0,awqpe_ext,09,research/results/p6_safe_eps_diagnostic/20260927T155247Z,DIAGNOSTIC / DEV
ext_v2_eig_A1,B3_overlap_alone,ambiguous_unflagged,180,19.08904342562418,0.4777777777777778,0.03333333333333333,awqpe_ext,09,research/results/p6_safe_eps_diagnostic/20260927T155247Z,DIAGNOSTIC / DEV
ext_v2_eig_A1,B3_overlap_alone,resolved_by_flag,124,12.228367612267709,0.3790322580645161,0.04032258064516129,awqpe_ext,09,research/results/p6_safe_eps_diagnostic/20260927T155247Z,DIAGNOSTIC / DEV
ext_v2_eig_A1,B3_overlap_alone,rule_inapplicable,1536,0.0,0.0,0.0,awqpe_ext,09,research/results/p6_safe_eps_diagnostic/20260927T155247Z,DIAGNOSTIC / DEV
ext_v2_eig_A1,B4_eig_plus_overlap,ambiguous_unflagged,180,19.08904342562418,0.4777777777777778,0.03333333333333333,awqpe_ext,09,research/results/p6_safe_eps_diagnostic/20260927T155247Z,DIAGNOSTIC / DEV
ext_v2_eig_A1,B4_eig_plus_overlap,resolved_by_flag,124,12.228367612267709,0.3790322580645161,0.04032258064516129,awqpe_ext,09,research/results/p6_safe_eps_diagnostic/20260927T155247Z,DIAGNOSTIC / DEV
ext_v2_eig_A1,B4_eig_plus_overlap,rule_inapplicable,1321,0.0,0.0,0.0,awqpe_ext,09,research/results/p6_safe_eps_diagnostic/20260927T155247Z,DIAGNOSTIC / DEV
ext_v2_eig_A1,R_trigger_overlap,ambiguous_unflagged,288,13.96737621877105,0.4305555555555556,0.03819444444444445,awqpe_ext,09,research/results/p6_safe_eps_diagnostic/20260927T155247Z,DIAGNOSTIC / DEV
ext_v2_eig_A1,R_trigger_overlap,resolved_by_flag,81,-6.281869990611836,0.08641975308641975,0.037037037037037035,awqpe_ext,09,research/results/p6_safe_eps_diagnostic/20260927T155247Z,DIAGNOSTIC / DEV
ext_v2_eig_A1,R_trigger_overlap,rule_inapplicable,1471,0.0,0.0,0.0,awqpe_ext,09,research/results/p6_safe_eps_diagnostic/20260927T155247Z,DIAGNOSTIC / DEV
ext_v1_eig_A1,B3_overlap_alone,ambiguous_unflagged,171,14.010987493184054,0.30994152046783624,0.023391812865497075,likelihood,safe,research/results/p6_safe_eps_diagnostic/20260927T155247Z,DIAGNOSTIC / DEV
ext_v1_eig_A1,B3_overlap_alone,resolved_by_flag,149,16.92941214974748,0.348993288590604,0.08053691275167785,likelihood,safe,research/results/p6_safe_eps_diagnostic/20260927T155247Z,DIAGNOSTIC / DEV
ext_v1_eig_A1,B3_overlap_alone,rule_inapplicable,1520,31.85958561997519,0.23157894736842105,0.09078947368421053,likelihood,safe,research/results/p6_safe_eps_diagnostic/20260927T155247Z,DIAGNOSTIC / DEV
ext_v1_eig_A1,B4_eig_plus_overlap,ambiguous_unflagged,171,14.09782461844306,0.30994152046783624,0.023391812865497075,likelihood,safe,research/results/p6_safe_eps_diagnostic/20260927T155247Z,DIAGNOSTIC / DEV
ext_v1_eig_A1,B4_eig_plus_overlap,resolved_by_flag,149,16.92941214974748,0.348993288590604,0.08053691275167785,likelihood,safe,research/results/p6_safe_eps_diagnostic/20260927T155247Z,DIAGNOSTIC / DEV
ext_v1_eig_A1,B4_eig_plus_overlap,rule_inapplicable,1070,44.9550338283099,0.2794392523364486,0.06448598130841121,likelihood,safe,research/results/p6_safe_eps_diagnostic/20260927T155247Z,DIAGNOSTIC / DEV
ext_v1_eig_A1,R_trigger_overlap,ambiguous_unflagged,191,1.8543344270470645,0.1256544502617801,0.031413612565445025,likelihood,safe,research/results/p6_safe_eps_diagnostic/20260927T155247Z,DIAGNOSTIC / DEV
ext_v1_eig_A1,R_trigger_overlap,resolved_by_flag,184,0.6217083008088979,0.07608695652173914,0.021739130434782608,likelihood,safe,research/results/p6_safe_eps_diagnostic/20260927T155247Z,DIAGNOSTIC / DEV
ext_v1_eig_A1,R_trigger_overlap,rule_inapplicable,1465,2.8393106562142845,0.06484641638225255,0.03617747440273038,likelihood,safe,research/results/p6_safe_eps_diagnostic/20260927T155247Z,DIAGNOSTIC / DEV
ext_v1_lowerhalf_A1,B3_overlap_alone,ambiguous_unflagged,218,13.677245238952006,0.3119266055045872,0.05504587155963303,likelihood,safe,research/results/p6_safe_eps_diagnostic/20260927T155247Z,DIAGNOSTIC / DEV
ext_v1_lowerhalf_A1,B3_overlap_alone,resolved_by_flag,213,13.732299703521827,0.3145539906103286,0.07042253521126761,likelihood,safe,research/results/p6_safe_eps_diagnostic/20260927T155247Z,DIAGNOSTIC / DEV
ext_v1_lowerhalf_A1,B3_overlap_alone,rule_inapplicable,1409,29.536018011799467,0.22285308729595457,0.09510290986515259,likelihood,safe,research/results/p6_safe_eps_diagnostic/20260927T155247Z,DIAGNOSTIC / DEV
ext_v1_lowerhalf_A1,B4_eig_plus_overlap,ambiguous_unflagged,222,13.435312892304221,0.3108108108108108,0.05405405405405406,likelihood,safe,research/results/p6_safe_eps_diagnostic/20260927T155247Z,DIAGNOSTIC / DEV
ext_v1_lowerhalf_A1,B4_eig_plus_overlap,resolved_by_flag,213,13.732299703521827,0.3145539906103286,0.07042253521126761,likelihood,safe,research/results/p6_safe_eps_diagnostic/20260927T155247Z,DIAGNOSTIC / DEV
ext_v1_lowerhalf_A1,B4_eig_plus_overlap,rule_inapplicable,957,43.14688132973328,0.2727272727272727,0.06792058516196448,likelihood,safe,research/results/p6_safe_eps_diagnostic/20260927T155247Z,DIAGNOSTIC / DEV
ext_v1_lowerhalf_A1,R_trigger_overlap,ambiguous_unflagged,206,1.7194097758902764,0.12135922330097088,0.03398058252427184,likelihood,safe,research/results/p6_safe_eps_diagnostic/20260927T155247Z,DIAGNOSTIC / DEV
ext_v1_lowerhalf_A1,R_trigger_overlap,resolved_by_flag,229,0.4891673683355337,0.06986899563318777,0.021834061135371178,likelihood,safe,research/results/p6_safe_eps_diagnostic/20260927T155247Z,DIAGNOSTIC / DEV
ext_v1_lowerhalf_A1,R_trigger_overlap,rule_inapplicable,1405,2.056449255948846,0.06120996441281139,0.036298932384341634,likelihood,safe,research/results/p6_safe_eps_diagnostic/20260927T155247Z,DIAGNOSTIC / DEV
ext_v2_eig_A1,B3_overlap_alone,ambiguous_unflagged,161,14.842973753219862,0.40372670807453415,0.08695652173913043,likelihood,safe,research/results/p6_safe_eps_diagnostic/20260927T155247Z,DIAGNOSTIC / DEV
ext_v2_eig_A1,B3_overlap_alone,resolved_by_flag,143,16.684937910681235,0.3776223776223776,0.0979020979020979,likelihood,safe,research/results/p6_safe_eps_diagnostic/20260927T155247Z,DIAGNOSTIC / DEV
ext_v2_eig_A1,B3_overlap_alone,rule_inapplicable,1536,32.3966304192197,0.3020833333333333,0.11393229166666667,likelihood,safe,research/results/p6_safe_eps_diagnostic/20260927T155247Z,DIAGNOSTIC / DEV
ext_v2_eig_A1,B4_eig_plus_overlap,ambiguous_unflagged,161,14.842973753219862,0.40372670807453415,0.08695652173913043,likelihood,safe,research/results/p6_safe_eps_diagnostic/20260927T155247Z,DIAGNOSTIC / DEV
ext_v2_eig_A1,B4_eig_plus_overlap,resolved_by_flag,143,16.684937910681235,0.3776223776223776,0.0979020979020979,likelihood,safe,research/results/p6_safe_eps_diagnostic/20260927T155247Z,DIAGNOSTIC / DEV
ext_v2_eig_A1,B4_eig_plus_overlap,rule_inapplicable,1321,37.40128764327288,0.3096139288417865,0.08932626797880394,likelihood,safe,research/results/p6_safe_eps_diagnostic/20260927T155247Z,DIAGNOSTIC / DEV
ext_v2_eig_A1,R_trigger_overlap,ambiguous_unflagged,189,1.5629166342934615,0.19047619047619047,0.0582010582010582,likelihood,safe,research/results/p6_safe_eps_diagnostic/20260927T155247Z,DIAGNOSTIC / DEV
ext_v2_eig_A1,R_trigger_overlap,resolved_by_flag,180,0.6358789952899998,0.13333333333333333,0.07222222222222222,likelihood,safe,research/results/p6_safe_eps_diagnostic/20260927T155247Z,DIAGNOSTIC / DEV
ext_v2_eig_A1,R_trigger_overlap,rule_inapplicable,1471,2.985214769006475,0.10333106730115568,0.054384772263766146,likelihood,safe,research/results/p6_safe_eps_diagnostic/20260927T155247Z,DIAGNOSTIC / DEV
