widths,grid_offset,epsilon,decodes,agree,run
2-2-2-2,0.0,0.3,4096,4096,research/results/verify_epsilon_floor/20260926T210310Z
2-2-2-2,0.0,0.5,4096,4096,research/results/verify_epsilon_floor/20260926T210310Z
2-2-2-2,0.0,0.61,4096,4096,research/results/verify_epsilon_floor/20260926T210310Z
2-2-2-2,0.0,0.7,4096,4096,research/results/verify_epsilon_floor/20260926T210310Z
2-2-2-2,0.0,0.78,4096,4096,research/results/verify_epsilon_floor/20260926T210310Z
2-2-2-2,0.0,0.8,4096,4096,research/results/verify_epsilon_floor/20260926T210310Z
2-2-2-2,0.0,0.9,4096,4096,research/results/verify_epsilon_floor/20260926T210310Z
2-2-2-2,0.0,0.95,4096,4096,research/results/verify_epsilon_floor/20260926T210310Z
2-2-2-2,0.37,0.3,4096,4096,research/results/verify_epsilon_floor/20260926T210310Z
2-2-2-2,0.37,0.5,4096,4096,research/results/verify_epsilon_floor/20260926T210310Z
2-2-2-2,0.37,0.61,4096,4096,research/results/verify_epsilon_floor/20260926T210310Z
2-2-2-2,0.37,0.7,4096,4096,research/results/verify_epsilon_floor/20260926T210310Z
2-2-2-2,0.37,0.78,4096,4096,research/results/verify_epsilon_floor/20260926T210310Z
2-2-2-2,0.37,0.8,4096,4096,research/results/verify_epsilon_floor/20260926T210310Z
2-2-2-2,0.37,0.9,4096,4096,research/results/verify_epsilon_floor/20260926T210310Z
2-2-2-2,0.37,0.95,4096,4096,research/results/verify_epsilon_floor/20260926T210310Z
3-2-3,0.0,0.3,4096,4096,research/results/verify_epsilon_floor/20260926T210310Z
3-2-3,0.0,0.5,4096,4096,research/results/verify_epsilon_floor/20260926T210310Z
3-2-3,0.0,0.61,4096,4096,research/results/verify_epsilon_floor/20260926T210310Z
3-2-3,0.0,0.7,4096,4096,research/results/verify_epsilon_floor/20260926T210310Z
3-2-3,0.0,0.78,4096,4096,research/results/verify_epsilon_floor/20260926T210310Z
3-2-3,0.0,0.8,4096,4096,research/results/verify_epsilon_floor/20260926T210310Z
3-2-3,0.0,0.9,4096,4096,research/results/verify_epsilon_floor/20260926T210310Z
3-2-3,0.0,0.95,4096,4096,research/results/verify_epsilon_floor/20260926T210310Z
3-2-3,0.37,0.3,4096,4096,research/results/verify_epsilon_floor/20260926T210310Z
3-2-3,0.37,0.5,4096,4096,research/results/verify_epsilon_floor/20260926T210310Z
3-2-3,0.37,0.61,4096,4096,research/results/verify_epsilon_floor/20260926T210310Z
3-2-3,0.37,0.7,4096,4096,research/results/verify_epsilon_floor/20260926T210310Z
3-2-3,0.37,0.78,4096,4096,research/results/verify_epsilon_floor/20260926T210310Z
3-2-3,0.37,0.8,4096,4096,research/results/verify_epsilon_floor/20260926T210310Z
3-2-3,0.37,0.9,4096,4096,research/results/verify_epsilon_floor/20260926T210310Z
3-2-3,0.37,0.95,4096,4096,research/results/verify_epsilon_floor/20260926T210310Z
3-3-2,0.0,0.3,4096,4096,research/results/verify_epsilon_floor/20260926T210310Z
3-3-2,0.0,0.5,4096,4096,research/results/verify_epsilon_floor/20260926T210310Z
3-3-2,0.0,0.61,4096,4096,research/results/verify_epsilon_floor/20260926T210310Z
3-3-2,0.0,0.7,4096,4096,research/results/verify_epsilon_floor/20260926T210310Z
3-3-2,0.0,0.78,4096,4096,research/results/verify_epsilon_floor/20260926T210310Z
3-3-2,0.0,0.8,4096,4096,research/results/verify_epsilon_floor/20260926T210310Z
3-3-2,0.0,0.9,4096,4096,research/results/verify_epsilon_floor/20260926T210310Z
3-3-2,0.0,0.95,4096,4096,research/results/verify_epsilon_floor/20260926T210310Z
3-3-2,0.37,0.3,4096,4096,research/results/verify_epsilon_floor/20260926T210310Z
3-3-2,0.37,0.5,4096,4096,research/results/verify_epsilon_floor/20260926T210310Z
3-3-2,0.37,0.61,4096,4096,research/results/verify_epsilon_floor/20260926T210310Z
3-3-2,0.37,0.7,4096,4096,research/results/verify_epsilon_floor/20260926T210310Z
3-3-2,0.37,0.78,4096,4096,research/results/verify_epsilon_floor/20260926T210310Z
3-3-2,0.37,0.8,4096,4096,research/results/verify_epsilon_floor/20260926T210310Z
3-3-2,0.37,0.9,4096,4096,research/results/verify_epsilon_floor/20260926T210310Z
3-3-2,0.37,0.95,4096,4096,research/results/verify_epsilon_floor/20260926T210310Z
4-4,0.0,0.3,4096,4096,research/results/verify_epsilon_floor/20260926T210310Z
4-4,0.0,0.5,4096,4096,research/results/verify_epsilon_floor/20260926T210310Z
4-4,0.0,0.61,4096,4096,research/results/verify_epsilon_floor/20260926T210310Z
4-4,0.0,0.7,4096,4096,research/results/verify_epsilon_floor/20260926T210310Z
4-4,0.0,0.78,4096,4096,research/results/verify_epsilon_floor/20260926T210310Z
4-4,0.0,0.8,4096,4096,research/results/verify_epsilon_floor/20260926T210310Z
4-4,0.0,0.9,4096,4096,research/results/verify_epsilon_floor/20260926T210310Z
4-4,0.0,0.95,4096,4096,research/results/verify_epsilon_floor/20260926T210310Z
4-4,0.37,0.3,4096,4096,research/results/verify_epsilon_floor/20260926T210310Z
4-4,0.37,0.5,4096,4096,research/results/verify_epsilon_floor/20260926T210310Z
4-4,0.37,0.61,4096,4096,research/results/verify_epsilon_floor/20260926T210310Z
4-4,0.37,0.7,4096,4096,research/results/verify_epsilon_floor/20260926T210310Z
4-4,0.37,0.78,4096,4096,research/results/verify_epsilon_floor/20260926T210310Z
4-4,0.37,0.8,4096,4096,research/results/verify_epsilon_floor/20260926T210310Z
4-4,0.37,0.9,4096,4096,research/results/verify_epsilon_floor/20260926T210310Z
4-4,0.37,0.95,4096,4096,research/results/verify_epsilon_floor/20260926T210310Z
