trial_id,phase,param_swept,runtime_seconds,peak_memory_bytes,error,spec_total_precision,spec_window_size,spec_overlap,spec_candidate_count,spec_max_paths,spec_shots,spec_noise_1q,spec_noise_2q,spec_noise_ro,spec_simulator_method,spec_seed,spec_N,spec_a,result_order,result_factors,result_success,result_best_phase,result_num_candidates
062ef97a1dee4f78b4ab7c514e1f959c,phase1b_combined_stress,combined,8.530623200000264,951489,,16,4,0,2,1,4,0.0,0.0,0.0,automatic,95290104,21,19,,,False,11/16,1
06a3440c920f4e98b36268109c40b0ad,phase1b_combined_stress,combined,45.169673299998976,3090632,,24,4,3,2,1,4,0.0,0.0,0.0,automatic,388776721,21,19,6.0,"[3, 7]",True,0,1
088c674334e94539832a64bfb2bdcef3,phase1b_combined_stress,combined,45.64066729997285,3096004,,24,4,3,2,1,4,0.0,0.0,0.0,automatic,8170090,21,19,6.0,"[3, 7]",True,13981013/16777216,1
0c676861b8544a0c89bcaed84ad7a119,phase1b_combined_stress,combined,14.020693900005426,951395,,16,4,0,1,1,8,0.0,0.0,0.0,automatic,1394873479,21,19,,,False,5/16,1
0fe7f348a5204ec1acfd612342670150,phase1b_combined_stress,combined,71.02157290000468,3086020,,24,4,3,1,1,4,0.0,0.0,0.0,automatic,82801252,21,19,,,False,,0
115c8d4397a54041ad2e61705b2d1cdd,phase1b_combined_stress,combined,8.749537100025918,921195,,16,4,0,1,2,4,0.0,0.0,0.0,automatic,707000557,21,19,30.0,"[3, 7]",True,48059/65536,1
11a6a320f0694fb1ae5bdf334a3e769f,phase1b_combined_stress,combined,26.273924199980684,1463216,,32,4,0,1,1,4,0.0,0.0,0.0,automatic,15759182,21,19,30.0,"[3, 7]",True,420548881/2147483648,1
16f3eb1fe8244d14a104db4f2a0ec1f6,phase1b_combined_stress,combined,7.851355499999954,952298,,16,4,0,2,2,16,0.0,0.0,0.0,automatic,1195606787,21,19,6.0,"[3, 7]",True,1/2,2
18baf459c0b0433f96f067b9e1003180,phase1b_combined_stress,combined,7.981920200000104,946700,,16,4,0,2,2,8,0.0,0.0,0.0,automatic,470470343,21,19,,,False,11/16,2
1b8f2c0e2841492da562a973de26642a,phase1b_combined_stress,combined,12.57653710001614,1202672,,24,4,0,2,1,4,0.0,0.0,0.0,automatic,527124898,21,19,102.0,"[3, 7]",True,11883861/16777216,1
1cb5b513575b482a8c298698416b8328,phase1b_combined_stress,combined,9.768208699999377,948347,,16,4,0,1,2,8,0.0,0.0,0.0,automatic,1755461106,21,19,,,False,5/16,1
1ded4af45f89426f9bfa83a329988ce9,phase1b_combined_stress,combined,7.815380100000084,948815,,16,4,0,2,2,4,0.0,0.0,0.0,automatic,1010623098,21,19,,,False,11/16,2
1e0e286f7bc94aa28d1cc30b0c5afb12,phase1b_combined_stress,combined,9.501510400034022,4114252,,16,4,0,1,2,16,0.0,0.0,0.0,automatic,380731915,21,19,6.0,"[3, 7]",True,0,1
1e70a5fdeda64b6ab9d20ec58be654cc,phase1b_combined_stress,combined,19.296642699977383,1452956,,32,4,0,1,2,8,0.0,0.0,0.0,automatic,2056264407,21,19,42.0,"[3, 7]",True,196852667/4294967296,1
1f4a44c8905645b59a51d8fb50ce2bc6,phase1b_combined_stress,combined,27.286868199997116,1844934,,16,4,3,1,2,16,0.0,0.0,0.0,automatic,1961642742,21,19,6.0,"[3, 7]",True,0,1
2242c46c1b9447fea4f7bbf7b0b86519,phase1b_combined_stress,combined,17.05259069998283,1311506,,32,4,0,1,2,4,0.0,0.0,0.0,automatic,1783589944,21,19,6.0,"[3, 7]",True,0,1
22ec3b91512e4e8a9dd1a1ea1a88b8f5,phase1b_combined_stress,combined,78.32624919997761,3089661,,24,4,3,1,1,8,0.0,0.0,0.0,automatic,835421233,21,19,,,False,,0
27dd33f831744e8c829ad3da7cb0d392,phase1b_combined_stress,combined,15.51800860000003,1453486,,32,4,0,2,2,8,0.0,0.0,0.0,automatic,1675933381,21,19,6.0,"[3, 7]",True,3579139413/4294967296,2
2a441261624a47b2a55f588efd44f8ee,phase1b_combined_stress,combined,46.45854100002907,2098323,,16,4,3,1,1,8,0.0,0.0,0.0,automatic,22979808,21,19,,,False,,0
2aac2b1074a843038ba6ac5668e2ee33,phase1b_combined_stress,combined,26.43137180000008,2083825,,16,4,3,2,2,8,0.0,0.0,0.0,automatic,383843040,21,19,6.0,"[3, 7]",True,1/2,1
2b9788a0b3ec4fe4b80fe6ced1287854,phase1b_combined_stress,combined,8.617084199970122,949905,,16,4,0,2,1,4,0.0,0.0,0.0,automatic,1862167121,21,19,66.0,"[3, 7]",True,35771/65536,1
2beb40801441442cbce046e5cfea32a3,phase1b_combined_stress,combined,77.17390960000921,3084888,,24,4,3,1,1,8,0.0,0.0,0.0,automatic,1216027864,21,19,,,False,,0
2da4b3605d4946818d96d14f5e35af76,phase1b_combined_stress,combined,16.86864949995652,1452379,,32,4,0,1,2,16,0.0,0.0,0.0,automatic,1937266820,21,19,,,False,13/16,1
2ff0426967174b018c6702bccd0a0c26,phase1b_combined_stress,combined,57.30853869999987,3610782,,32,4,3,2,1,16,0.0,0.0,0.0,automatic,836136323,21,19,6.0,"[3, 7]",True,0,1
31edb04a99d54a228cd891b5b3a953d4,phase1b_combined_stress,combined,25.783499399999982,1715348,,16,4,3,2,2,16,0.0,0.0,0.0,automatic,303658634,21,19,6.0,"[3, 7]",True,1/2,2
31f7943298104f7ca228d2e84f6095bc,phase1b_combined_stress,combined,7.912268499999982,827694,,16,4,0,2,2,16,0.0,0.0,0.0,automatic,1576213418,21,19,66.0,"[3, 7]",True,35771/65536,2
337f269bfa614fccb3b774e79baddc39,phase1b_combined_stress,combined,8.46240580000449,808793,,16,4,0,1,2,4,0.0,0.0,0.0,automatic,227055039,21,19,,,False,3/16,1
33c02724a7464bd8a68a2e0828ac2c91,phase1b_combined_stress,combined,9.523389699985273,947572,,16,4,0,1,2,8,0.0,0.0,0.0,automatic,87922976,21,19,6.0,"[3, 7]",True,21845/65536,1
36e6abf0f9ad44fa8a2fe532e846cfff,phase1b_combined_stress,combined,27.454439099994488,1464960,,32,4,0,1,1,4,0.0,0.0,0.0,automatic,1782636199,21,19,,,False,5/8,1
379252f59da04b70a2dfeda0e442d507,phase1b_combined_stress,combined,60.72206209995784,1843703,,24,4,3,1,1,16,0.0,0.0,0.0,automatic,755236827,21,19,,,False,,0
3b2bb1a055d04356acded9e4e3731594,phase1b_combined_stress,combined,12.248500499990769,835741,,24,4,0,1,2,4,0.0,0.0,0.0,automatic,1914621437,21,19,6.0,"[3, 7]",True,0,1
3c51d7cdb9d0412ea227ac3bd0b1aee7,phase1b_combined_stress,combined,15.456364600000143,1451589,,32,4,0,2,2,4,0.0,0.0,0.0,automatic,1791371917,21,19,42.0,"[3, 7]",True,1530082099/2147483648,2
3e3f871503664d3583f2900b98116db9,phase1b_combined_stress,combined,62.64432520000264,1588386,,32,4,3,2,1,8,0.0,0.0,0.0,automatic,110999879,21,19,6.0,"[3, 7]",True,1431655765/4294967296,1
3f2273b1d95844679f8092389fedc637,phase1b_combined_stress,combined,14.399482100037858,947362,,16,4,0,1,1,16,0.0,0.0,0.0,automatic,1314689073,21,19,6.0,"[3, 7]",True,1/2,1
408c0f7e064b4f0bab26d9409bdc9dcf,phase1b_combined_stress,combined,16.365842600003816,1453490,,32,4,0,2,1,8,0.0,0.0,0.0,automatic,629954687,21,19,6.0,"[3, 7]",True,1431655765/4294967296,1
437300fff9e24346bbfd73dc8d9a0574,phase1b_combined_stress,combined,27.587771499995142,1212697,,16,4,3,1,2,4,0.0,0.0,0.0,automatic,140427736,21,19,,,False,,0
46879e6a07e54af68367256a08b6732f,phase1b_combined_stress,combined,43.47236940000016,6101746,,24,4,3,2,1,16,0.0,0.0,0.0,automatic,646347115,21,19,,,False,,0
4761e3e5d8384729b52c7ba9ea7dc098,phase1b_combined_stress,combined,12.01474630000007,1052314,,24,4,0,2,2,16,0.0,0.0,0.0,automatic,1163914181,21,19,6.0,"[3, 7]",True,1/2,2
47789c1cf82749b58b1fe4ba81ba8e28,phase1b_combined_stress,combined,43.22682939999504,1840488,,24,4,3,2,1,8,0.0,0.0,0.0,automatic,242031372,21,19,,,False,,0
4883c5cec34646edadd4a7fb46e2c9bb,phase1b_combined_stress,combined,46.954078799986746,2837454,,24,4,3,1,2,4,0.0,0.0,0.0,automatic,1395666629,21,19,,,False,,0
491734747b5b486abf9719e4e497d3f8,phase1b_combined_stress,combined,28.6864607000025,1216046,,16,4,3,2,1,16,0.0,0.0,0.0,automatic,313851208,21,19,,,False,,0
4bc8b152f5f94e2fb73c766128beff51,phase1b_combined_stress,combined,26.940524899982847,1107035,,16,4,3,1,2,4,0.0,0.0,0.0,automatic,1807965866,21,19,,,False,,0
4c085f27b3c8493a8c4695207ea04783,phase1b_combined_stress,combined,11.97193070000003,1190447,,24,4,0,2,2,8,0.0,0.0,0.0,automatic,10553093,21,19,6.0,"[3, 7]",True,0,2
4f6501ac3f4048c08be157aff612b756,phase1b_combined_stress,combined,43.18351470000016,6102760,,24,4,3,2,1,16,0.0,0.0,0.0,automatic,1126292633,21,19,6.0,"[3, 7]",True,0,1
4f756357263844feb2828526078e9c3b,phase1b_combined_stress,combined,12.287167899950873,4154092,,16,4,0,1,1,4,0.0,0.0,0.0,automatic,1541618828,21,19,42.0,"[3, 7]",True,3003/65536,1
514758103f774977bc6a12480c5c0d5d,phase1b_combined_stress,combined,27.341021200001705,1454687,,32,4,0,1,1,16,0.0,0.0,0.0,automatic,1996099005,21,19,,,False,11/16,1
5194fd1d4b074b369c6f3d5ff8c3cdf2,phase1b_combined_stress,combined,43.925470699963626,2832172,,24,4,3,1,2,16,0.0,0.0,0.0,automatic,1929950136,21,19,,,False,,0
51da16d8e3f14c0f97ce5483d88faa51,phase1b_combined_stress,combined,11.566561799999818,1204965,,24,4,0,2,2,4,0.0,0.0,0.0,automatic,155526393,21,19,6.0,"[3, 7]",True,5/16,2
538933d47935494dbf59e45f18ce24fc,phase1b_combined_stress,combined,9.18676960002631,4111121,,16,4,0,1,2,16,0.0,0.0,0.0,automatic,761338546,21,19,,,False,3/16,1
55a46184bd6d4e65be9870be4ebcda2e,phase1b_combined_stress,combined,7.743868300000031,956053,,16,4,0,2,2,4,0.0,0.0,0.0,automatic,1391229729,21,19,6.0,"[3, 7]",True,54613/65536,2
55b6a18c86dd4569b89846c0a8b2c77b,phase1b_combined_stress,combined,33.13404099998297,1109866,,16,4,3,2,1,16,0.0,0.0,0.0,automatic,1981389338,21,19,,,False,,0
56e33dc288494d49b2c9bd81d8a5940a,phase1b_combined_stress,combined,26.546209599997383,2081668,,16,4,3,2,1,8,0.0,0.0,0.0,automatic,394035614,21,19,6.0,"[3, 7]",True,0,1
579b6d84bbe3499aa0c1f2c23e5dc36c,phase1b_combined_stress,combined,19.79308159998618,1451819,,32,4,0,1,2,8,0.0,0.0,0.0,automatic,388726277,21,19,,,False,5/16,1
57a865047a7e432dbe4d3712c3547c8f,phase1b_combined_stress,combined,12.492677799949888,952213,,24,4,0,2,1,8,0.0,0.0,0.0,automatic,760986180,21,19,,,False,11/16,1
5be92ea757694bbabb6f1253466354b6,phase1b_combined_stress,combined,26.526883400000088,1218905,,16,4,3,2,2,16,0.0,0.0,0.0,automatic,1971196764,21,19,6.0,"[3, 7]",True,1/2,2
60b1e04852764841a937d998807f1d5d,phase1b_combined_stress,combined,46.80349810002372,2567284,,24,4,3,1,2,4,0.0,0.0,0.0,automatic,1776273260,21,19,,,False,,0
616ef0c369e34a43b5dd7e0a495a1683,phase1b_combined_stress,combined,8.113234299991746,947716,,16,4,0,2,1,8,0.0,0.0,0.0,automatic,532383791,21,19,6.0,"[3, 7]",True,11195/65536,1
619949ee761a41ac8699d830b2155a3c,phase1b_combined_stress,combined,16.992715600004885,1455335,,32,4,0,1,2,16,0.0,0.0,0.0,automatic,1556660189,21,19,,,False,5/16,1
62cc5ba4f82247419c30ba75a8d86726,phase1b_combined_stress,combined,16.341217700000016,1083296,,32,4,0,2,2,16,0.0,0.0,0.0,automatic,1496410088,21,19,66.0,"[3, 7]",True,2344336315/4294967296,2
62e0d333445b47739ba981f5dff270c1,phase1b_combined_stress,combined,9.44849370000884,928648,,16,4,0,2,1,8,0.0,0.0,0.0,automatic,912990422,21,19,42.0,"[3, 7]",True,23347/32768,1
6a5099f3f51a43a98b45fbb356fd2000,phase1b_combined_stress,combined,64.84360399999423,2097841,,24,4,3,1,1,16,0.0,0.0,0.0,automatic,1135843458,21,19,,,False,,0
6bddf70f73194270b4e11e6a32c77e8f,phase1b_combined_stress,combined,73.09633189998567,4093417,,32,4,3,1,2,4,0.0,0.0,0.0,automatic,1689349355,21,19,,,False,,0
6e000b743f794197b96c8b034434fc5e,phase1b_combined_stress,combined,7.93321949999995,947862,,16,4,0,2,2,8,0.0,0.0,0.0,automatic,851076974,21,19,6.0,"[3, 7]",True,1/2,2
6ffc30d0c3cc4c3e989a56dcdc5b9eb6,phase1b_combined_stress,combined,45.67343470000196,2079936,,16,4,3,1,1,16,0.0,0.0,0.0,automatic,323402033,21,19,,,False,,0
713eaa5e7d8f4d9ea0078c599e1fad89,phase1b_combined_stress,combined,59.66607219999992,4095588,,32,4,3,2,2,4,0.0,0.0,0.0,automatic,1224799096,21,19,,,False,,0
71a9e749a9284268b515ba3f3f357a6e,phase1b_combined_stress,combined,71.51707629999146,2830076,,24,4,3,1,1,4,0.0,0.0,0.0,automatic,562746770,21,19,,,False,,0
77b85188a7444c7fb3f0963e78ae02a1,phase1b_combined_stress,combined,62.062848999979906,4084180,,32,4,3,1,2,16,0.0,0.0,0.0,automatic,76149214,21,19,,,False,,0
781c30a67d314b898899efdd45dbc001,phase1b_combined_stress,combined,25.11535929999991,2089047,,16,4,3,2,2,4,0.0,0.0,0.0,automatic,1786213075,21,19,,,False,,0
7821ceb80bc24d6b874f1c4ccef37ae0,phase1b_combined_stress,combined,49.83096680000017,3090475,,24,4,3,2,2,8,0.0,0.0,0.0,automatic,1639081933,21,19,,,False,,0
7afc09a024ce49acbf27accd86b5d815,phase1b_combined_stress,combined,14.013062999991234,1198826,,24,4,0,1,2,8,0.0,0.0,0.0,automatic,381605702,21,19,,,False,5/16,1
7e69c86386ed4ba0a51e26ed203a72a4,phase1b_combined_stress,combined,103.98225229996024,3736402,,32,4,3,1,1,8,0.0,0.0,0.0,automatic,1609049477,21,19,6.0,"[3, 7]",True,0,1
7e7d9ebc3ed440058c803e28ed655a92,phase1b_combined_stress,combined,12.979076999996323,4110098,,16,4,0,1,1,4,0.0,0.0,0.0,automatic,1161012197,21,19,,,False,3/16,1
808be7de271144d1af2b2ae1fc4a2959,phase1b_combined_stress,combined,21.049822300032247,1200619,,24,4,0,1,1,8,0.0,0.0,0.0,automatic,59831256,21,19,6.0,"[3, 7]",True,5592405/16777216,1
819c5c7db1ba410197824d126f761783,phase1b_combined_stress,combined,69.53208219999215,4108950,,32,4,3,1,2,8,0.0,0.0,0.0,automatic,675092319,21,19,,,False,,0
84d8eaac106445e1b069487c73f2aad1,phase1b_combined_stress,combined,45.902966399968136,5221024,,16,4,3,1,1,4,0.0,0.0,0.0,automatic,169725157,21,19,,,False,,0
84f2b0e8952c410b9d12538e2082e6f6,phase1b_combined_stress,combined,49.808561100000134,3086912,,24,4,3,2,2,8,0.0,0.0,0.0,automatic,2019688564,21,19,,,False,,0
86707df0102a4c36a275f159de403a2c,phase1b_combined_stress,combined,15.589578000000074,1450917,,32,4,0,2,2,4,0.0,0.0,0.0,automatic,1311426399,21,19,42.0,"[3, 7]",True,1539029947/4294967296,2
8681d24c80024fc89ec3da3ae680a124,phase1b_combined_stress,combined,61.58605230000103,1618179,,32,4,3,1,1,16,0.0,0.0,0.0,automatic,1048919553,21,19,6.0,"[3, 7]",True,1/2,1
90065684b58449da971430a5b1feaa75,phase1b_combined_stress,combined,63.62566329998663,1613498,,32,4,3,2,1,8,0.0,0.0,0.0,automatic,1877876896,21,19,6.0,"[3, 7]",True,0,1
91ced5fe8eac4ef88cc737196f04fdca,phase1b_combined_stress,combined,17.49220849998528,1454337,,32,4,0,2,1,4,0.0,0.0,0.0,automatic,15486774,21,19,,,False,5/8,1
93aa68f0ca4f438e878e0780575a9ccf,phase1b_combined_stress,combined,16.448684000002686,1089181,,32,4,0,2,1,8,0.0,0.0,0.0,automatic,249348056,21,19,,,False,11/16,1
99bddc372fd4406e98d00983b3d0b970,phase1b_combined_stress,combined,13.835755099949893,1061197,,24,4,0,2,1,16,0.0,0.0,0.0,automatic,1645247441,21,19,6.0,"[3, 7]",True,0,1
99c86bf06ce143cba102e974e8fb9a92,phase1b_combined_stress,combined,46.56456219998654,1584574,,16,4,3,1,1,16,0.0,0.0,0.0,automatic,2090279050,21,19,,,False,,0
99ecf77d2e2144b1b0d3f720ee5cc92b,phase1b_combined_stress,combined,58.985815499999944,3846116,,32,4,3,2,2,4,0.0,0.0,0.0,automatic,844192465,21,19,6.0,"[3, 7]",True,0,1
9a6445f9a1e24a729de3f3ddad47fc4d,phase1b_combined_stress,combined,21.598307900014333,1089446,,32,4,0,1,1,16,0.0,0.0,0.0,automatic,1615492374,21,19,6.0,"[3, 7]",True,0,1
9c4399674fd84fb8bc5fc6c409e269f7,phase1b_combined_stress,combined,21.037285300029907,1202404,,24,4,0,1,1,8,0.0,0.0,0.0,automatic,440437887,21,19,42.0,"[3, 7]",True,8738133/16777216,1
a0866fc54d814c949f3c91744c4e2853,phase1b_combined_stress,combined,44.87090129998978,1853024,,16,4,3,1,1,4,0.0,0.0,0.0,automatic,1936602174,21,19,,,False,,0
a269fbf4ddc044fba35c1a69afbf3479,phase1b_combined_stress,combined,33.227613399969414,2084938,,16,4,3,1,2,8,0.0,0.0,0.0,automatic,1617112929,21,19,,,False,,0
a2e63f54c891486fa58b5c8c85441bbc,phase1b_combined_stress,combined,18.769600700004958,1451960,,32,4,0,1,2,4,0.0,0.0,0.0,automatic,1402983313,21,19,6.0,"[3, 7]",True,1431655765/4294967296,1
a3dcb42faf9b45169381f98977fb7a30,phase1b_combined_stress,combined,110.87268110003788,4093508,,32,4,3,1,1,4,0.0,0.0,0.0,automatic,1644288022,21,19,,,False,,0
a586fdac037c4c8cb68d272e90331c35,phase1b_combined_stress,combined,61.854749399994034,4110092,,32,4,3,1,2,16,0.0,0.0,0.0,automatic,1843026231,21,19,,,False,,0
a7310de7897944bb8f8334f4a42f2413,phase1b_combined_stress,combined,27.52509700000519,2097063,,16,4,3,2,1,4,0.0,0.0,0.0,automatic,1343212313,21,19,6.0,"[3, 7]",True,43691/65536,1
a9d818544d744e1db38c420ac4eb84b2,phase1b_combined_stress,combined,35.44681139999989,1725511,,16,4,3,2,2,8,0.0,0.0,0.0,automatic,2051381170,21,19,,,False,,0
ab6cc7935ae54e7bb1a1c89ae3739c9c,phase1b_combined_stress,combined,8.444419399951585,807177,,16,4,0,2,1,16,0.0,0.0,0.0,automatic,352860498,21,19,,,False,3/16,1
b491105b6509421fa1d8ade4155d4fa1,phase1b_combined_stress,combined,13.87898999999743,951019,,16,4,0,1,1,8,0.0,0.0,0.0,automatic,1775480110,21,19,,,False,11/16,1
b568cd96b808452c81b7be9f5186f7fc,phase1b_combined_stress,combined,43.299015499999996,1375345,,24,4,3,2,2,16,0.0,0.0,0.0,automatic,1459558640,21,19,6.0,"[3, 7]",True,5592405/8388608,1
b6bd88ef26654d02bb5fd88776618df3,phase1b_combined_stress,combined,53.772033700000065,3731946,,32,4,3,2,2,16,0.0,0.0,0.0,automatic,124516417,21,19,,,False,,0
b834a4af04de49a4a98daed8ae5c389b,phase1b_combined_stress,combined,11.596886900000072,1203740,,24,4,0,2,2,4,0.0,0.0,0.0,automatic,1823064523,21,19,114.0,"[3, 7]",True,15029589/16777216,2
b87c7fcb7ada40e09ad1ac33057bf213,phase1b_combined_stress,combined,30.226400499988813,2083350,,16,4,3,1,2,8,0.0,0.0,0.0,automatic,1236506298,21,19,,,False,,0
bda67b94a05c410281e3188e6b7154d0,phase1b_combined_stress,combined,13.748781000031158,836677,,24,4,0,2,1,16,0.0,0.0,0.0,automatic,1264640810,21,19,6.0,"[3, 7]",True,349525/16777216,1
bfe36b5cb42541f99a1da678008997fe,phase1b_combined_stress,combined,104.51211609999882,3960128,,32,4,3,1,1,8,0.0,0.0,0.0,automatic,1129103959,21,19,,,False,,0
c2400ac01e014245b40d7787a8f791bc,phase1b_combined_stress,combined,43.83689700003015,3091636,,24,4,3,1,2,16,0.0,0.0,0.0,automatic,1450004618,21,19,,,False,,0
c25d68ab139f4b5694fb9e8bb8713960,phase1b_combined_stress,combined,30.408924699993804,5230358,,16,4,3,1,2,16,0.0,0.0,0.0,automatic,194765725,21,19,,,False,,0
c26e5fc6a6794f92bd8adab47b9bda10,phase1b_combined_stress,combined,20.120985999994446,1084346,,24,4,0,1,1,4,0.0,0.0,0.0,automatic,1454694923,21,19,,,False,3/16,1
c3d0280f5a5f4324867194c378f624c8,phase1b_combined_stress,combined,55.32008829999995,3567057,,32,4,3,2,2,16,0.0,0.0,0.0,automatic,604461935,21,19,6.0,"[3, 7]",True,0,1
c3ec5cca404d47d38c9b06f0aa86bd58,phase1b_combined_stress,combined,12.570122300006915,1204453,,24,4,0,1,2,16,0.0,0.0,0.0,automatic,301421296,21,19,6.0,"[3, 7]",True,0,1
c4caeb3a6c7e4296a9c280a2b473ac8b,phase1b_combined_stress,combined,21.77689780003857,951904,,24,4,0,1,1,16,0.0,0.0,0.0,automatic,2127130498,21,19,42.0,"[3, 7]",True,6011835/16777216,1
c9c2ed32fd294fc192c1bf0d6f0b1a73,phase1b_combined_stress,combined,17.348042999976315,1452972,,32,4,0,2,1,4,0.0,0.0,0.0,automatic,495432292,21,19,6.0,"[3, 7]",True,1/2,1
cb27f4a296b84cb79ae0685223e373f1,phase1b_combined_stress,combined,50.51755659998162,3089541,,24,4,3,1,2,8,0.0,0.0,0.0,automatic,1530189024,21,19,,,False,,0
cc803cfb0b9b49269b916f6e2be327ff,phase1b_combined_stress,combined,60.97252259997185,3731034,,32,4,3,2,1,4,0.0,0.0,0.0,automatic,781798334,21,19,,,False,,0
ce7510f034b945c6942970fb3448ded6,phase1b_combined_stress,combined,27.52062660001684,2086940,,16,4,3,2,1,4,0.0,0.0,0.0,automatic,1723818944,21,19,6.0,"[3, 7]",True,10923/65536,1
cfb7bff29e1a4018a38f0964bfe02df2,phase1b_combined_stress,combined,61.052549799962435,3957950,,32,4,3,2,1,4,0.0,0.0,0.0,automatic,301852816,21,19,,,False,,0
d4fcc1836c8a470ab38284949de115ff,phase1b_combined_stress,combined,20.660436500038486,957970,,24,4,0,1,1,16,0.0,0.0,0.0,automatic,360253481,21,19,6.0,"[3, 7]",True,0,1
d56ec734551043e5b02cae74affb2937,phase1b_combined_stress,combined,61.87168570002541,1594309,,32,4,3,1,1,16,0.0,0.0,0.0,automatic,1528865071,21,19,6.0,"[3, 7]",True,0,1
d7958d5073b04568a77b389acf428b3c,phase1b_combined_stress,combined,57.28570889999992,2367493,,32,4,3,2,2,8,0.0,0.0,0.0,automatic,684646341,21,19,6.0,"[3, 7]",True,1431655765/4294967296,2
d902506757d34aaab55e564d03b84dbe,phase1b_combined_stress,combined,11.481245800000124,1201298,,24,4,0,2,2,8,0.0,0.0,0.0,automatic,391159724,21,19,6.0,"[3, 7]",True,0,2
dacd536a79e64242b638009163c5709e,phase1b_combined_stress,combined,56.85271979999993,4091405,,32,4,3,2,1,16,0.0,0.0,0.0,automatic,455529692,21,19,6.0,"[3, 7]",True,3579139413/4294967296,1
dbaa6fa0c21945488d37a6393f144f59,phase1b_combined_stress,combined,40.94207449999999,3091672,,24,4,3,2,2,4,0.0,0.0,0.0,automatic,451170852,21,19,6.0,"[3, 7]",True,1/2,1
dc33255a43364446ab15bb8369a64a8d,phase1b_combined_stress,combined,27.88577329996042,1453024,,32,4,0,1,1,8,0.0,0.0,0.0,automatic,2076283411,21,19,6.0,"[3, 7]",True,1/2,1
dd3080c7208b4dbe9832bd4af2cfc50a,phase1b_combined_stress,combined,43.30952820001403,2093147,,24,4,3,2,1,8,0.0,0.0,0.0,automatic,622638003,21,19,6.0,"[3, 7]",True,13981013/16777216,1
dff77ddc34cc4a8fa39f176d6815f4c0,phase1b_combined_stress,combined,20.336653700040188,1208097,,24,4,0,1,1,4,0.0,0.0,0.0,automatic,1934640441,21,19,6.0,"[3, 7]",True,11254715/16777216,1
e027da464f1f423c8a30b6b9e9efffce,phase1b_combined_stress,combined,68.25333129998762,4093467,,32,4,3,1,2,8,0.0,0.0,0.0,automatic,294485688,21,19,,,False,,0
e0d017040e7c417b9d289e682b6cb7f5,phase1b_combined_stress,combined,8.32778569997754,921504,,16,4,0,2,1,16,0.0,0.0,0.0,automatic,832806016,21,19,6.0,"[3, 7]",True,0,1
e0d44b1beca849728664aa6a9440c431,phase1b_combined_stress,combined,15.68680560000007,4609725,,32,4,0,2,1,16,0.0,0.0,0.0,automatic,549770281,21,19,,,False,3/16,1
e127f7c196014303835ec415e2bdf561,phase1b_combined_stress,combined,25.44454429999996,2091146,,16,4,3,2,2,4,0.0,0.0,0.0,automatic,118674945,21,19,,,False,,0
e3bbfcc3339e4f888fde47f3d2ea34fe,phase1b_combined_stress,combined,12.642580899992026,1200587,,24,4,0,2,1,4,0.0,0.0,0.0,automatic,907731529,21,19,,,False,13/16,1
e484dbde8a50407a99c8d38b4679ee88,phase1b_combined_stress,combined,29.73257900000317,1453624,,32,4,0,1,1,8,0.0,0.0,0.0,automatic,1695676780,21,19,6.0,"[3, 7]",True,1431655765/4294967296,1
e787960b39754fe4b7ea1c5ca9244b86,phase1b_combined_stress,combined,58.05357490000006,2326827,,32,4,3,2,2,8,0.0,0.0,0.0,automatic,304039710,21,19,6.0,"[3, 7]",True,1/2,1
e7a349d426b541c1adeca29e13a45844,phase1b_combined_stress,combined,16.373719400000027,1065546,,32,4,0,2,2,16,0.0,0.0,0.0,automatic,1976355606,21,19,6.0,"[3, 7]",True,0,2
e8a865463b934ee7b40a40c02cf55433,phase1b_combined_stress,combined,12.3939988000202,1061250,,24,4,0,1,2,4,0.0,0.0,0.0,automatic,147744420,21,19,,,False,3/4,1
ee1dc983467f49a3aa2fcb75fa7ab91f,phase1b_combined_stress,combined,13.948019500006922,1198414,,24,4,0,1,2,8,0.0,0.0,0.0,automatic,999071,21,19,66.0,"[3, 7]",True,9157563/16777216,1
f265063681ed4737b7486d60f63b90c4,phase1b_combined_stress,combined,73.75023030000739,4085343,,32,4,3,1,2,4,0.0,0.0,0.0,automatic,21811225,21,19,,,False,,0
f3bbe2be11834c2ea961c28960766e44,phase1b_combined_stress,combined,50.59302139998181,3091365,,24,4,3,1,2,8,0.0,0.0,0.0,automatic,2010134542,21,19,,,False,,0
f4b55f3e1b4749b99b70e8ca3d3aa011,phase1b_combined_stress,combined,14.180280100030359,933396,,16,4,0,1,1,16,0.0,0.0,0.0,automatic,1695295704,21,19,6.0,"[3, 7]",True,0,1
f4fd242869f641f586f0d32d0a5a3690,phase1b_combined_stress,combined,26.705638099985663,1585946,,16,4,3,2,1,8,0.0,0.0,0.0,automatic,2061573744,21,19,6.0,"[3, 7]",True,0,1
f5abddaae6be4811bd265286a61fc4e9,phase1b_combined_stress,combined,14.80069709999998,1453380,,32,4,0,2,2,8,0.0,0.0,0.0,automatic,2056540012,21,19,66.0,"[3, 7]",True,2344336315/4294967296,2
f5df4dd2426a490f9d3b97da06920a8e,phase1b_combined_stress,combined,12.358427599945571,954982,,24,4,0,2,1,8,0.0,0.0,0.0,automatic,1141592811,21,19,6.0,"[3, 7]",True,0,1
f6c474c9752c48bd97c0db4026375f95,phase1b_combined_stress,combined,42.43914080000013,1374854,,24,4,3,2,2,16,0.0,0.0,0.0,automatic,1939504158,21,19,,,False,,0
f8f0acc437ef4b65917e43ab40e18b08,phase1b_combined_stress,combined,54.706416599976365,2089019,,16,4,3,1,1,8,0.0,0.0,0.0,automatic,403586439,21,19,,,False,,0
faa93c9f029b40c79cbf015183ad66ec,phase1b_combined_stress,combined,12.295838400023058,1088481,,24,4,0,1,2,16,0.0,0.0,0.0,automatic,1968959426,21,19,6.0,"[3, 7]",True,1/2,1
fab666bf4dd24313839042a7d3453bba,phase1b_combined_stress,combined,41.12146410000014,3097342,,24,4,3,2,2,4,0.0,0.0,0.0,automatic,931116370,21,19,6.0,"[3, 7]",True,1/2,2
facd0a764da441a48e2a2140919b2a3c,phase1b_combined_stress,combined,111.31328770000255,4085373,,32,4,3,1,1,4,0.0,0.0,0.0,automatic,1164342504,21,19,,,False,,0
fb5ecbd204cd437483fb042942b1509b,phase1b_combined_stress,combined,14.437666199999967,1463128,,32,4,0,2,1,16,0.0,0.0,0.0,automatic,169163650,21,19,6.0,"[3, 7]",True,1431655765/4294967296,1
fe34abf043e54e2a982532334eef02d8,phase1b_combined_stress,combined,12.33955630000014,946131,,24,4,0,2,2,16,0.0,0.0,0.0,automatic,683968663,21,19,6.0,"[3, 7]",True,1/2,2
