overlap,tail,head,carry_bit_input,accepted,ground_truth_consistent,outcome
1,0,0,0,True,True,true_accept
1,0,0,1,True,True,true_accept
1,0,1,0,False,False,true_reject
1,0,1,1,True,True,true_accept
1,1,0,0,False,False,true_reject
1,1,0,1,True,True,true_accept
1,1,1,0,True,True,true_accept
1,1,1,1,True,True,true_accept
2,00,00,0,True,True,true_accept
2,00,00,1,True,True,true_accept
2,00,01,0,False,False,true_reject
2,00,01,1,False,False,true_reject
2,00,10,0,False,False,true_reject
2,00,10,1,False,False,true_reject
2,00,11,0,False,False,true_reject
2,00,11,1,True,True,true_accept
2,01,00,0,False,False,true_reject
2,01,00,1,True,True,true_accept
2,01,01,0,True,True,true_accept
2,01,01,1,True,True,true_accept
2,01,10,0,False,False,true_reject
2,01,10,1,False,False,true_reject
2,01,11,0,False,False,true_reject
2,01,11,1,False,False,true_reject
2,10,00,0,False,False,true_reject
2,10,00,1,False,False,true_reject
2,10,01,0,False,False,true_reject
2,10,01,1,True,True,true_accept
2,10,10,0,True,True,true_accept
2,10,10,1,True,True,true_accept
2,10,11,0,False,False,true_reject
2,10,11,1,False,False,true_reject
2,11,00,0,False,False,true_reject
2,11,00,1,False,False,true_reject
2,11,01,0,False,False,true_reject
2,11,01,1,False,False,true_reject
2,11,10,0,False,False,true_reject
2,11,10,1,True,True,true_accept
2,11,11,0,True,True,true_accept
2,11,11,1,True,True,true_accept
3,000,000,0,True,True,true_accept
3,000,000,1,True,True,true_accept
3,000,001,0,False,False,true_reject
3,000,001,1,False,False,true_reject
3,000,010,0,False,False,true_reject
3,000,010,1,False,False,true_reject
3,000,011,0,False,False,true_reject
3,000,011,1,False,False,true_reject
3,000,100,0,False,False,true_reject
3,000,100,1,False,False,true_reject
3,000,101,0,False,False,true_reject
3,000,101,1,False,False,true_reject
3,000,110,0,False,False,true_reject
3,000,110,1,False,False,true_reject
3,000,111,0,False,False,true_reject
3,000,111,1,True,True,true_accept
3,001,000,0,False,False,true_reject
3,001,000,1,True,True,true_accept
3,001,001,0,True,True,true_accept
3,001,001,1,True,True,true_accept
3,001,010,0,False,False,true_reject
3,001,010,1,False,False,true_reject
3,001,011,0,False,False,true_reject
3,001,011,1,False,False,true_reject
3,001,100,0,False,False,true_reject
3,001,100,1,False,False,true_reject
3,001,101,0,False,False,true_reject
3,001,101,1,False,False,true_reject
3,001,110,0,False,False,true_reject
3,001,110,1,False,False,true_reject
3,001,111,0,False,False,true_reject
3,001,111,1,False,False,true_reject
3,010,000,0,False,False,true_reject
3,010,000,1,False,False,true_reject
3,010,001,0,False,False,true_reject
3,010,001,1,True,True,true_accept
3,010,010,0,True,True,true_accept
3,010,010,1,True,True,true_accept
3,010,011,0,False,False,true_reject
3,010,011,1,False,False,true_reject
3,010,100,0,False,False,true_reject
3,010,100,1,False,False,true_reject
3,010,101,0,False,False,true_reject
3,010,101,1,False,False,true_reject
3,010,110,0,False,False,true_reject
3,010,110,1,False,False,true_reject
3,010,111,0,False,False,true_reject
3,010,111,1,False,False,true_reject
3,011,000,0,False,False,true_reject
3,011,000,1,False,False,true_reject
3,011,001,0,False,False,true_reject
3,011,001,1,False,False,true_reject
3,011,010,0,False,False,true_reject
3,011,010,1,True,True,true_accept
3,011,011,0,True,True,true_accept
3,011,011,1,True,True,true_accept
3,011,100,0,False,False,true_reject
3,011,100,1,False,False,true_reject
3,011,101,0,False,False,true_reject
3,011,101,1,False,False,true_reject
3,011,110,0,False,False,true_reject
3,011,110,1,False,False,true_reject
3,011,111,0,False,False,true_reject
3,011,111,1,False,False,true_reject
3,100,000,0,False,False,true_reject
3,100,000,1,False,False,true_reject
3,100,001,0,False,False,true_reject
3,100,001,1,False,False,true_reject
3,100,010,0,False,False,true_reject
3,100,010,1,False,False,true_reject
3,100,011,0,False,False,true_reject
3,100,011,1,True,True,true_accept
3,100,100,0,True,True,true_accept
3,100,100,1,True,True,true_accept
3,100,101,0,False,False,true_reject
3,100,101,1,False,False,true_reject
3,100,110,0,False,False,true_reject
3,100,110,1,False,False,true_reject
3,100,111,0,False,False,true_reject
3,100,111,1,False,False,true_reject
3,101,000,0,False,False,true_reject
3,101,000,1,False,False,true_reject
3,101,001,0,False,False,true_reject
3,101,001,1,False,False,true_reject
3,101,010,0,False,False,true_reject
3,101,010,1,False,False,true_reject
3,101,011,0,False,False,true_reject
3,101,011,1,False,False,true_reject
3,101,100,0,False,False,true_reject
3,101,100,1,True,True,true_accept
3,101,101,0,True,True,true_accept
3,101,101,1,True,True,true_accept
3,101,110,0,False,False,true_reject
3,101,110,1,False,False,true_reject
3,101,111,0,False,False,true_reject
3,101,111,1,False,False,true_reject
3,110,000,0,False,False,true_reject
3,110,000,1,False,False,true_reject
3,110,001,0,False,False,true_reject
3,110,001,1,False,False,true_reject
3,110,010,0,False,False,true_reject
3,110,010,1,False,False,true_reject
3,110,011,0,False,False,true_reject
3,110,011,1,False,False,true_reject
3,110,100,0,False,False,true_reject
3,110,100,1,False,False,true_reject
3,110,101,0,False,False,true_reject
3,110,101,1,True,True,true_accept
3,110,110,0,True,True,true_accept
3,110,110,1,True,True,true_accept
3,110,111,0,False,False,true_reject
3,110,111,1,False,False,true_reject
3,111,000,0,False,False,true_reject
3,111,000,1,False,False,true_reject
3,111,001,0,False,False,true_reject
3,111,001,1,False,False,true_reject
3,111,010,0,False,False,true_reject
3,111,010,1,False,False,true_reject
3,111,011,0,False,False,true_reject
3,111,011,1,False,False,true_reject
3,111,100,0,False,False,true_reject
3,111,100,1,False,False,true_reject
3,111,101,0,False,False,true_reject
3,111,101,1,False,False,true_reject
3,111,110,0,False,False,true_reject
3,111,110,1,True,True,true_accept
3,111,111,0,True,True,true_accept
3,111,111,1,True,True,true_accept
