trial_id,phase,param_swept,runtime_seconds,peak_memory_bytes,error,spec_total_precision,spec_window_size,spec_overlap,spec_candidate_count,spec_max_paths,spec_shots,spec_noise_1q,spec_noise_2q,spec_noise_ro,spec_simulator_method,spec_seed,spec_N,spec_a,spec_sweep_value,spec_pair_work_qubits,spec_true_order,result_order,result_factors,result_success,result_best_phase,result_num_candidates
335ac98484ba4c39b1cc2f54c2c479e8,phase1_ofat,total_precision,0.487862000009045,3502962,,4,4,2,2,32,2048,0.0,0.0,0.0,automatic,647310330,15,4,4,4,2,2,"[3, 5]",True,1/2,2
2e7294003eb44ec8b57212edb68afb81,phase1_ofat,total_precision,0.5355088000069372,3477154,,4,4,2,2,32,2048,0.0,0.0,0.0,automatic,1027916961,15,4,4,4,2,2,"[3, 5]",True,0,2
10cf611eb9874050b7f2a62b4d550a26,phase1_ofat,total_precision,0.7687949000392109,3477001,,4,4,2,2,32,2048,0.0,0.0,0.0,automatic,167364812,15,4,4,4,2,2,"[3, 5]",True,0,2
e2099830053e4dfba4110b874e13cf3b,phase1_ofat,total_precision,0.3583746000076644,331833,,4,4,2,2,32,2048,0.0,0.0,0.0,automatic,1934241829,15,4,4,4,2,2,"[3, 5]",True,1/2,2
bd1fdf24ecd64f4ab064fa2e4281774c,phase1_ofat,total_precision,0.3512334999977611,334480,,4,4,2,2,32,2048,0.0,0.0,0.0,automatic,1454296311,15,4,4,4,2,2,"[3, 5]",True,0,2
2389966b7f8f47e5aed3a02d9b3d8d39,phase1_ofat,total_precision,0.6121007999754511,402753,,6,4,2,2,32,2048,0.0,0.0,0.0,automatic,622739756,15,4,6,4,2,2,"[3, 5]",True,0,2
c5163abce4d44511bd2e6af3e826d2af,phase1_ofat,total_precision,0.627631500014104,391152,,6,4,2,2,32,2048,0.0,0.0,0.0,automatic,242133125,15,4,6,4,2,2,"[3, 5]",True,1/2,2
11f5a7de98d346719938688d3cac4c6a,phase1_ofat,total_precision,0.6608964999904856,394565,,6,4,2,2,32,2048,0.0,0.0,0.0,automatic,1909671255,15,4,6,4,2,2,"[3, 5]",True,1/2,2
1d9c3072a16042438c3d158609649b0e,phase1_ofat,total_precision,0.6665064999833703,386839,,6,4,2,2,32,2048,0.0,0.0,0.0,automatic,1529064624,15,4,6,4,2,2,"[3, 5]",True,1/2,2
73470f59f0104bf188569a1224c57a32,phase1_ofat,total_precision,0.7040520000155084,378343,,6,4,2,2,32,2048,0.0,0.0,0.0,automatic,1148457993,15,4,6,4,2,2,"[3, 5]",True,0,2
365c8ccfcf654c00a9ab2eafd697025e,phase1_ofat,total_precision,0.9567704999935813,446822,,8,4,2,2,32,2048,0.0,0.0,0.0,automatic,187357566,15,4,8,4,2,2,"[3, 5]",True,1/2,2
d7a695cc874d439082180ebfdda409e5,phase1_ofat,total_precision,0.9821326000383124,441381,,8,4,2,2,32,2048,0.0,0.0,0.0,automatic,1854895696,15,4,8,4,2,2,"[3, 5]",True,1/2,2
cfa79c6b247744519a2c3d215f37ce2f,phase1_ofat,total_precision,0.9694232000038028,432905,,8,4,2,2,32,2048,0.0,0.0,0.0,automatic,1474289065,15,4,8,4,2,2,"[3, 5]",True,1/2,2
659c5674a9b24406a84b36edec26a213,phase1_ofat,total_precision,0.9808186999871396,431629,,8,4,2,2,32,2048,0.0,0.0,0.0,automatic,994343547,15,4,8,4,2,2,"[3, 5]",True,1/2,2
53fe52516d5b4620acc08d500bce09ea,phase1_ofat,total_precision,0.9820454000146128,432905,,8,4,2,2,32,2048,0.0,0.0,0.0,automatic,613736916,15,4,8,4,2,2,"[3, 5]",True,1/2,2
8ab11077434e46f1907c90eac48e4c37,phase1_ofat,total_precision,1.256296600040514,500187,,10,4,2,2,32,2048,0.0,0.0,0.0,automatic,1310896202,15,4,10,4,2,2,"[3, 5]",True,0,2
3f93d7df709547ecb619bf85425c9614,phase1_ofat,total_precision,1.2643929999903776,501352,,10,4,2,2,32,2048,0.0,0.0,0.0,automatic,930289571,15,4,10,4,2,2,"[3, 5]",True,1/2,2
b065e1cca84f4dbabd1f2a6a53f2b2ca,phase1_ofat,total_precision,1.2274766999762505,501014,,10,4,2,2,32,2048,0.0,0.0,0.0,automatic,450344053,15,4,10,4,2,2,"[3, 5]",True,1/2,2
b69780b582c849d1b02c6611aa9a455c,phase1_ofat,total_precision,1.234101699956227,497313,,10,4,2,2,32,2048,0.0,0.0,0.0,automatic,69737422,15,4,10,4,2,2,"[3, 5]",True,0,2
37db5c52835a4e9b9b7a40cc873aafc1,phase1_ofat,total_precision,1.2350152999861166,500551,,10,4,2,2,32,2048,0.0,0.0,0.0,automatic,1836614439,15,4,10,4,2,2,"[3, 5]",True,0,2
16fe0540758542679235854a2a12ac09,phase1_ofat,total_precision,1.591855599952396,469171,,12,4,2,2,32,2048,0.0,0.0,0.0,automatic,1597807175,15,4,12,4,2,2,"[3, 5]",True,1/2,2
62528f856d4e44a8a229d2bf78626312,phase1_ofat,total_precision,1.5603449000045657,482109,,12,4,2,2,32,2048,0.0,0.0,0.0,automatic,1217200544,15,4,12,4,2,2,"[3, 5]",True,0,2
db35a3f02d264180a35707402171f412,phase1_ofat,total_precision,1.5858676999923773,541327,,12,4,2,2,32,2048,0.0,0.0,0.0,automatic,737255026,15,4,12,4,2,2,"[3, 5]",True,1/2,2
111b53633a494b32a12935b0fd3367ff,phase1_ofat,total_precision,1.4896697999793105,566683,,12,4,2,2,32,2048,0.0,0.0,0.0,automatic,356648395,15,4,12,4,2,2,"[3, 5]",True,1/2,2
c64739f9413f40b1bcafb768932e12ac,phase1_ofat,total_precision,0.9422993999905884,390538,,4,4,2,2,32,2048,0.0,0.0,0.0,automatic,1119122560,21,8,4,5,2,2,"[3, 7]",True,0,2
a45fd1061aa4494b9beb26062f56174d,phase1_ofat,total_precision,1.5089876999845728,563828,,12,4,2,2,32,2048,0.0,0.0,0.0,automatic,2024186525,15,4,12,4,2,2,"[3, 5]",True,1/2,2
172158a480b741b29a57c60e5e0c1328,phase1_ofat,total_precision,0.7995021999813616,389294,,4,4,2,2,32,2048,0.0,0.0,0.0,automatic,639177042,21,8,4,5,2,2,"[3, 7]",True,0,2
edc69a5d26a145d482b3d02b726543e0,phase1_ofat,total_precision,0.7696228999993764,381653,,4,4,2,2,32,2048,0.0,0.0,0.0,automatic,258570411,21,8,4,5,2,2,"[3, 7]",True,1/2,2
b730f41d67ea49b7b3e83840f08abd7c,phase1_ofat,total_precision,0.7483249999932013,388779,,4,4,2,2,32,2048,0.0,0.0,0.0,automatic,1926108541,21,8,4,5,2,2,"[3, 7]",True,1/2,2
557b4e5764e1479eb32bc64c42047d8e,phase1_ofat,total_precision,0.756114499992691,381183,,4,4,2,2,32,2048,0.0,0.0,0.0,automatic,1545501910,21,8,4,5,2,2,"[3, 7]",True,1/2,2
b73925c7dd204c64a4d9d67494579f6c,phase1_ofat,total_precision,0.9799187000025995,510154,,6,4,2,2,32,2048,0.0,0.0,0.0,automatic,1454185868,21,8,6,5,2,2,"[3, 7]",True,1/2,2
29925d82b3384b1fb9c0629d6a35702a,phase1_ofat,total_precision,1.0296649999800138,507410,,6,4,2,2,32,2048,0.0,0.0,0.0,automatic,974240350,21,8,6,5,2,2,"[3, 7]",True,1/2,2
d91316812aac4a22b8e70abb0f65fa5a,phase1_ofat,total_precision,1.155222900037188,507415,,6,4,2,2,32,2048,0.0,0.0,0.0,automatic,593633719,21,8,6,5,2,2,"[3, 7]",True,0,2
bc7e0e4031a043539941a363da2460a2,phase1_ofat,total_precision,1.0830149999819696,509268,,6,4,2,2,32,2048,0.0,0.0,0.0,automatic,113688201,21,8,6,5,2,2,"[3, 7]",True,1/2,2
4e2b4af549634c6c83a84bcb809dbadb,phase1_ofat,total_precision,1.1356722000055015,507494,,6,4,2,2,32,2048,0.0,0.0,0.0,automatic,1880565218,21,8,6,5,2,2,"[3, 7]",True,0,2
66d1ccfc95e941d1bc534914e26c23a3,phase1_ofat,total_precision,1.3759841000428423,627087,,8,4,2,2,32,2048,0.0,0.0,0.0,automatic,1253644955,21,8,8,5,2,2,"[3, 7]",True,0,2
d8197701fd53490cbec0b1a60f7708bf,phase1_ofat,total_precision,1.4592618999886326,628449,,8,4,2,2,32,2048,0.0,0.0,0.0,automatic,873038324,21,8,8,5,2,2,"[3, 7]",True,0,2
eee17ef76ef54a60849a1f8f25e67e7b,phase1_ofat,total_precision,1.476507599989418,626386,,8,4,2,2,32,2048,0.0,0.0,0.0,automatic,393092806,21,8,8,5,2,2,"[3, 7]",True,0,2
60e40d21a08147e983433a377204bd95,phase1_ofat,total_precision,1.6101332999533042,629277,,8,4,2,2,32,2048,0.0,0.0,0.0,automatic,12486175,21,8,8,5,2,2,"[3, 7]",True,1/2,2
15cb2914bfff4db89f5e516a29f99411,phase1_ofat,total_precision,1.757353900000453,628649,,8,4,2,2,32,2048,0.0,0.0,0.0,automatic,1779363192,21,8,8,5,2,2,"[3, 7]",True,1/2,2
96bcad71129c4efdbe9bbffde6c8b682,phase1_ofat,total_precision,2.233494399988558,745164,,10,4,2,2,32,2048,0.0,0.0,0.0,automatic,1671201628,21,8,10,5,2,2,"[3, 7]",True,1/2,2
f2598d632b2b407daf89c6b692b618cc,phase1_ofat,total_precision,2.2448718000086956,748097,,10,4,2,2,32,2048,0.0,0.0,0.0,automatic,1191256110,21,8,10,5,2,2,"[3, 7]",True,0,2
fdbc0fa062de434c89c46d49754256d0,phase1_ofat,total_precision,2.2524748999858275,745677,,10,4,2,2,32,2048,0.0,0.0,0.0,automatic,810649479,21,8,10,5,2,2,"[3, 7]",True,1/2,2
bb50fae9834b4b0489f41f300c057b70,phase1_ofat,total_precision,2.350475799990818,742867,,10,4,2,2,32,2048,0.0,0.0,0.0,automatic,330703961,21,8,10,5,2,2,"[3, 7]",True,1/2,2
3ed486d454f242a3bec834ff243ff1d9,phase1_ofat,total_precision,2.3860075999982655,747978,,10,4,2,2,32,2048,0.0,0.0,0.0,automatic,2097580978,21,8,10,5,2,2,"[3, 7]",True,1/2,2
0a1d0fe454614f18883c006a79ea28dd,phase1_ofat,total_precision,2.8121579000144266,864693,,12,4,2,2,32,2048,0.0,0.0,0.0,automatic,1910494588,21,8,12,5,2,2,"[3, 7]",True,1/2,2
748dd5015333427ca590b86f1902265a,phase1_ofat,total_precision,2.796877200016752,862941,,12,4,2,2,32,2048,0.0,0.0,0.0,automatic,1430549070,21,8,12,5,2,2,"[3, 7]",True,1/2,2
4c6a76cddf4645c8b6f7cd47c895adf3,phase1_ofat,total_precision,2.8169109000009485,863523,,12,4,2,2,32,2048,0.0,0.0,0.0,automatic,1049942439,21,8,12,5,2,2,"[3, 7]",True,0,2
a3141e52a3124a468fc5cdecee261f9c,phase1_ofat,total_precision,2.7042204000172205,867711,,12,4,2,2,32,2048,0.0,0.0,0.0,automatic,669335808,21,8,12,5,2,2,"[3, 7]",True,0,2
bfb660fb7d134e2d96db8dbd2763f81e,phase1_ofat,total_precision,2.6111809999565594,862760,,12,4,2,2,32,2048,0.0,0.0,0.0,automatic,189390290,21,8,12,5,2,2,"[3, 7]",True,1/2,2
b489300b8a43496da52e599efe6db839,phase1_ofat,total_precision,3.0938930999836884,566401,,4,4,2,2,32,2048,0.0,0.0,0.0,automatic,137065746,21,19,4,5,6,6,"[3, 7]",True,0,2
e7ca9091fe8242d1adec66731d9f1e97,phase1_ofat,total_precision,2.939147100027185,565618,,4,4,2,2,32,2048,0.0,0.0,0.0,automatic,1804603876,21,19,4,5,6,6,"[3, 7]",True,1/2,2
326793b9018c46ae982d2e56c6909578,phase1_ofat,total_precision,2.877227800025139,563272,,4,4,2,2,32,2048,0.0,0.0,0.0,automatic,1423997245,21,19,4,5,6,6,"[3, 7]",True,1/2,2
5874e6601503408f90cdb5fd77df3691,phase1_ofat,total_precision,2.8885437999852,562605,,4,4,2,2,32,2048,0.0,0.0,0.0,automatic,944051727,21,19,4,5,6,6,"[3, 7]",True,1/2,2
3d98395424fb4ae9980dd66ed838b8b2,phase1_ofat,total_precision,2.8675017000059597,564045,,4,4,2,2,32,2048,0.0,0.0,0.0,automatic,563445096,21,19,4,5,6,6,"[3, 7]",True,1/2,2
3a1f9dc445e14134a43fdc91e27f254a,phase1_ofat,total_precision,5.684041100030299,696901,,6,4,2,2,32,2048,0.0,0.0,0.0,automatic,420408180,21,19,6,5,6,6,"[3, 7]",True,1/2,2
13fc6acc95de4026bdc183afe57def2d,phase1_ofat,total_precision,5.574899300001562,697069,,6,4,2,2,32,2048,0.0,0.0,0.0,automatic,39801549,21,19,6,5,6,6,"[3, 7]",True,0,2
41cbe183f2ec46e68c3a9a1a137dec96,phase1_ofat,total_precision,5.592734100006055,696055,,6,4,2,2,32,2048,0.0,0.0,0.0,automatic,1806678566,21,19,6,5,6,6,"[3, 7]",True,0,2
10b9c0ecf9c04cc4b01210777489e4f5,phase1_ofat,total_precision,5.235059599974193,695049,,6,4,2,2,32,2048,0.0,0.0,0.0,automatic,1326733048,21,19,6,5,6,6,"[3, 7]",True,1/2,2
1acd8751d420436ea9861476d8b47492,phase1_ofat,total_precision,5.12412160000531,697337,,6,4,2,2,32,2048,0.0,0.0,0.0,automatic,946126417,21,19,6,5,6,6,"[3, 7]",True,1/2,2
b4305bdb3b114372b0102b6363d462de,phase1_ofat,total_precision,8.00813480000943,3971106,,8,4,2,2,32,2048,0.0,0.0,0.0,automatic,1613750939,21,19,8,5,6,6,"[3, 7]",True,1/2,2
6267042b6c464b2f9d79bcd0ededa512,phase1_ofat,total_precision,8.4846433000057,3969953,,8,4,2,2,32,2048,0.0,0.0,0.0,automatic,1233144308,21,19,8,5,6,6,"[3, 7]",True,0,2
15fc649accf9472c847302f4d19194ac,phase1_ofat,total_precision,8.653359199990518,3967871,,8,4,2,2,32,2048,0.0,0.0,0.0,automatic,753198790,21,19,8,5,6,6,"[3, 7]",True,1/2,2
26aa64d7e50640158bff563ef235d4c9,phase1_ofat,total_precision,7.251808400033042,833180,,8,4,2,2,32,2048,0.0,0.0,0.0,automatic,372592159,21,19,8,5,6,6,"[3, 7]",True,0,2
145f82fbc8d648ae88171a4d2e30292a,phase1_ofat,total_precision,7.265294799988624,832828,,8,4,2,2,32,2048,0.0,0.0,0.0,automatic,2139469176,21,19,8,5,6,6,"[3, 7]",True,0,2
ffd4e844ea7048cbb3a5d81b30876f52,phase1_ofat,total_precision,10.156968099996448,961187,,10,4,2,2,32,2048,0.0,0.0,0.0,automatic,689144814,21,19,10,5,6,6,"[3, 7]",True,0,2
dff2abfdec1d4f52aa750d1f0b1f21fe,phase1_ofat,total_precision,10.664037299982738,961974,,10,4,2,2,32,2048,0.0,0.0,0.0,automatic,209199296,21,19,10,5,6,6,"[3, 7]",True,0,2
4fd37f36119e48c59f9baa4401bb3312,phase1_ofat,total_precision,10.572638499957975,961647,,10,4,2,2,32,2048,0.0,0.0,0.0,automatic,1976076313,21,19,10,5,6,6,"[3, 7]",True,1/2,2
c2f89d93482a4ce4ba0ffdf1cd9799dc,phase1_ofat,total_precision,10.477621300029568,963234,,10,4,2,2,32,2048,0.0,0.0,0.0,automatic,1496130795,21,19,10,5,6,6,"[3, 7]",True,1/2,2
492def05ad9145729710512f0e5b57eb,phase1_ofat,total_precision,10.59210329997586,960042,,10,4,2,2,32,2048,0.0,0.0,0.0,automatic,1115524164,21,19,10,5,6,6,"[3, 7]",True,0,2
6bee7479e03745c28bb59fb098adda3d,phase1_ofat,total_precision,13.352364099991973,1088260,,12,4,2,2,32,2048,0.0,0.0,0.0,automatic,976055787,21,19,12,5,6,6,"[3, 7]",True,0,2
8fc1420abe6b42b38e9440ca732aac74,phase1_ofat,total_precision,13.41644780000206,965436,,12,4,2,2,32,2048,0.0,0.0,0.0,automatic,496110269,21,19,12,5,6,6,"[3, 7]",True,0,2
60092a4d5c724cb7baa74de32d5c36cb,phase1_ofat,total_precision,13.37818659999175,943164,,12,4,2,2,32,2048,0.0,0.0,0.0,automatic,115503638,21,19,12,5,6,6,"[3, 7]",True,0,2
f2c059c89f9d46d0b1deaa69d2f7f2d0,phase1_ofat,window_size,2.21187810000265,503339,,8,2,1,2,32,2048,0.0,0.0,0.0,automatic,477225915,15,4,2,4,2,2,"[3, 5]",True,1/2,2
28361c75b6464cbeb886f559bd587aec,phase1_ofat,total_precision,13.795435899985023,1052472,,12,4,2,2,32,2048,0.0,0.0,0.0,automatic,1783041768,21,19,12,5,6,6,"[3, 7]",True,1/2,2
ceadfe33df16415bb0101dee9f3db8cb,phase1_ofat,window_size,2.2543466999777593,506117,,8,2,1,2,32,2048,0.0,0.0,0.0,automatic,2144764045,15,4,2,4,2,2,"[3, 5]",True,1/2,2
423ff4fba0e74804998e089ef8f956ed,phase1_ofat,window_size,2.466110099980142,507320,,8,2,1,2,32,2048,0.0,0.0,0.0,automatic,1764157414,15,4,2,4,2,2,"[3, 5]",True,1/2,2
872b84adae054aa29308261d10207c36,phase1_ofat,window_size,2.5175638999789953,499738,,8,2,1,2,32,2048,0.0,0.0,0.0,automatic,1383550783,15,4,2,4,2,2,"[3, 5]",True,1/2,2
874cff6e99cb4f249b31979206e7e632,phase1_ofat,total_precision,14.883432500006165,1086068,,12,4,2,2,32,2048,0.0,0.0,0.0,automatic,1402435137,21,19,12,5,6,6,"[3, 7]",True,0,2
ae5c54f9c6df4badb555a453904e2c3a,phase1_ofat,window_size,2.571848099993076,499497,,8,2,1,2,32,2048,0.0,0.0,0.0,automatic,903605265,15,4,2,4,2,2,"[3, 5]",True,0,2
6343243dc2f34706909cc79f6a76c033,phase1_ofat,window_size,2.257851100002881,551096,,8,3,2,2,32,2048,0.0,0.0,0.0,automatic,2060974379,15,4,3,4,2,2,"[3, 5]",True,0,2
5c31b0fa2b624ebc89782eadf29de143,phase1_ofat,window_size,2.341252100013662,552382,,8,3,2,2,32,2048,0.0,0.0,0.0,automatic,1581028861,15,4,3,4,2,2,"[3, 5]",True,1/2,2
aa3b288a4cfa4eac9f1f0de299dc724c,phase1_ofat,window_size,2.371502500027418,552265,,8,3,2,2,32,2048,0.0,0.0,0.0,automatic,1200422230,15,4,3,4,2,2,"[3, 5]",True,0,2
50f93b87cfa34b0f91b1f27c7b352169,phase1_ofat,window_size,2.3396587999886833,556569,,8,3,2,2,32,2048,0.0,0.0,0.0,automatic,819815599,15,4,3,4,2,2,"[3, 5]",True,0,2
d7d134216dd049e8b081169f519149cc,phase1_ofat,window_size,1.20222759997705,432363,,8,4,2,2,32,2048,0.0,0.0,0.0,automatic,1600764551,15,4,4,4,2,2,"[3, 5]",True,1/2,2
77f7381de0a4461bab16b336f809b0f2,phase1_ofat,window_size,2.3051044000312686,550588,,8,3,2,2,32,2048,0.0,0.0,0.0,automatic,339870081,15,4,3,4,2,2,"[3, 5]",True,0,2
559c54e645f546d1941647676d096948,phase1_ofat,window_size,1.2211692000273615,430094,,8,4,2,2,32,2048,0.0,0.0,0.0,automatic,1220157920,15,4,4,4,2,2,"[3, 5]",True,0,2
0edfc300ca1342e4be4062ebb4ea9ed3,phase1_ofat,window_size,1.206499799969606,432396,,8,4,2,2,32,2048,0.0,0.0,0.0,automatic,839551289,15,4,4,4,2,2,"[3, 5]",True,1/2,2
3ea5979f80e04787b6df84876d954281,phase1_ofat,window_size,1.238667700032238,433496,,8,4,2,2,32,2048,0.0,0.0,0.0,automatic,359605771,15,4,4,4,2,2,"[3, 5]",True,0,2
d6bc259b010847cc94324bcbd57a4da3,phase1_ofat,window_size,1.2940788000123575,429135,,8,4,2,2,32,2048,0.0,0.0,0.0,automatic,2126482788,15,4,4,4,2,2,"[3, 5]",True,0,2
7226baccaea045f886431c8c5ab6305f,phase1_ofat,window_size,0.8968952000141144,386305,,8,6,2,2,32,2048,0.0,0.0,0.0,automatic,1034736661,15,4,6,4,2,2,"[3, 5]",True,0,2
eb5c96708b104622988a95e3f00cc81f,phase1_ofat,window_size,0.8964702999801375,385363,,8,6,2,2,32,2048,0.0,0.0,0.0,automatic,654130030,15,4,6,4,2,2,"[3, 5]",True,0,2
0524c77da86d4acf9c65e522501c9810,phase1_ofat,window_size,0.9165073999902233,383226,,8,6,2,2,32,2048,0.0,0.0,0.0,automatic,273523399,15,4,6,4,2,2,"[3, 5]",True,1/2,2
62598b8bb8124f289d0ba05585d5397b,phase1_ofat,window_size,0.9903351999819279,384639,,8,6,2,2,32,2048,0.0,0.0,0.0,automatic,1941061529,15,4,6,4,2,2,"[3, 5]",True,1/2,2
da3ebfb58e8041b197f32587d7f19049,phase1_ofat,window_size,0.9938594999839552,384330,,8,6,2,2,32,2048,0.0,0.0,0.0,automatic,1560454898,15,4,6,4,2,2,"[3, 5]",True,1/2,2
6a6a327eed7f47e4bb25a424651f5b70,phase1_ofat,window_size,3.4400244999560528,696720,,8,2,1,2,32,2048,0.0,0.0,0.0,automatic,1793172176,21,8,2,5,2,2,"[3, 7]",True,1/2,2
6c9a3f4752ba458298cd6b3a3dc0e15c,phase1_ofat,window_size,3.3080067000119016,698459,,8,2,1,2,32,2048,0.0,0.0,0.0,automatic,1412565545,21,8,2,5,2,2,"[3, 7]",True,0,2
e9b13d9abdb74ed28bcb4a17b2f7738c,phase1_ofat,window_size,3.3123834999860264,698815,,8,2,1,2,32,2048,0.0,0.0,0.0,automatic,932620027,21,8,2,5,2,2,"[3, 7]",True,0,2
c452e7544f674b3ab966d46e74f5d1b5,phase1_ofat,window_size,3.002161399985198,810561,,8,3,2,2,32,2048,0.0,0.0,0.0,automatic,1498536819,21,8,3,5,2,2,"[3, 7]",True,1/2,2
a4bbe3cfc981424db399dfad24e0998a,phase1_ofat,window_size,3.435240100021474,700702,,8,2,1,2,32,2048,0.0,0.0,0.0,automatic,552013396,21,8,2,5,2,2,"[3, 7]",True,0,2
f7d8c6c6ed1c4444b6766456ed9aa72e,phase1_ofat,window_size,3.411505800031591,699041,,8,2,1,2,32,2048,0.0,0.0,0.0,automatic,72067878,21,8,2,5,2,2,"[3, 7]",True,0,2
019e67efc52c4a92a792b8d4b5553f80,phase1_ofat,window_size,2.879169300023932,811834,,8,3,2,2,32,2048,0.0,0.0,0.0,automatic,1117930188,21,8,3,5,2,2,"[3, 7]",True,1/2,2
a924942aadd3458c92ca42ea6567801e,phase1_ofat,window_size,2.890914599993266,815936,,8,3,2,2,32,2048,0.0,0.0,0.0,automatic,257378039,21,8,3,5,2,2,"[3, 7]",True,0,2
089fa9693931459b89877b7f71999fa9,phase1_ofat,window_size,3.0104351000045426,808830,,8,3,2,2,32,2048,0.0,0.0,0.0,automatic,637984670,21,8,3,5,2,2,"[3, 7]",True,0,2
767eec4a6dac44ecbd124cd0a46f4cf8,phase1_ofat,window_size,1.711091899953317,625277,,8,4,2,2,32,2048,0.0,0.0,0.0,automatic,1691970150,21,8,4,5,2,2,"[3, 7]",True,1/2,2
fc3abd93258f45a5b9e43cd6cfb3b943,phase1_ofat,window_size,1.731971799978055,623079,,8,4,2,2,32,2048,0.0,0.0,0.0,automatic,1212024632,21,8,4,5,2,2,"[3, 7]",True,1/2,2
329efa902a584c13adef30094627ebce,phase1_ofat,window_size,2.730829900014214,813890,,8,3,2,2,32,2048,0.0,0.0,0.0,automatic,1924916169,21,8,3,5,2,2,"[3, 7]",True,1/2,2
33a63d6b04eb4233b3e8f699725101a8,phase1_ofat,window_size,1.8678587999893352,621915,,8,4,2,2,32,2048,0.0,0.0,0.0,automatic,450811370,21,8,4,5,2,2,"[3, 7]",True,0,2
5bf30c9efe4d44f2adc256a73e62875b,phase1_ofat,window_size,1.924462799972389,624051,,8,4,2,2,32,2048,0.0,0.0,0.0,automatic,831418001,21,8,4,5,2,2,"[3, 7]",True,0,2
10f9fca545ba4ef2ae11ca75efa96390,phase1_ofat,window_size,1.8425368999596685,624610,,8,4,2,2,32,2048,0.0,0.0,0.0,automatic,2118349500,21,8,4,5,2,2,"[3, 7]",True,0,2
9734e57cb9f243f2971c8bcc96f7209c,phase1_ofat,window_size,1.4756685000029393,554782,,8,6,2,2,32,2048,0.0,0.0,0.0,automatic,1056138137,21,8,6,5,2,2,"[3, 7]",True,1/2,2
5b9931b98de4477abf62c227a39a99b6,phase1_ofat,window_size,1.531807999999728,555874,,8,6,2,2,32,2048,0.0,0.0,0.0,automatic,675531506,21,8,6,5,2,2,"[3, 7]",True,1/2,2
b121d5bc63874ee29e0afc2107476f3a,phase1_ofat,window_size,1.4719542999519035,555403,,8,6,2,2,32,2048,0.0,0.0,0.0,automatic,294924875,21,8,6,5,2,2,"[3, 7]",True,0,2
180141a71aee4c4681ec8e12532feca3,phase1_ofat,window_size,1.510398600017652,553314,,8,6,2,2,32,2048,0.0,0.0,0.0,automatic,1962463005,21,8,6,5,2,2,"[3, 7]",True,1/2,2
2d4fbfec4cf24a1aadf39fdedbcb475d,phase1_ofat,window_size,1.5789848999702372,555011,,8,6,2,2,32,2048,0.0,0.0,0.0,automatic,1581856374,21,8,6,5,2,2,"[3, 7]",True,0,2
ff1e4ab2d32c4b448e20234e82dd08cd,phase1_ofat,window_size,12.074676200048998,816814,,8,2,1,2,32,2048,0.0,0.0,0.0,automatic,1664054225,21,19,2,5,6,6,"[3, 7]",True,1/2,8
956916f81bdb4501ab7812325db9a505,phase1_ofat,window_size,11.858813699975144,814836,,8,2,1,2,32,2048,0.0,0.0,0.0,automatic,1283447594,21,19,2,5,6,6,"[3, 7]",True,1/256,2
2abfe59e739d4890bfb9d4c53b4020c5,phase1_ofat,window_size,11.926336399978027,816192,,8,2,1,2,32,2048,0.0,0.0,0.0,automatic,803502076,21,19,2,5,6,6,"[3, 7]",True,1/2,8
c35cf64f8a7d42589fc231ce55eeae33,phase1_ofat,window_size,10.3939455000218,816173,,8,2,1,2,32,2048,0.0,0.0,0.0,automatic,422895445,21,19,2,5,6,6,"[3, 7]",True,255/256,2
6a08811b214744349bd57be07c2bd09d,phase1_ofat,window_size,10.32415169995511,814535,,8,2,1,2,32,2048,0.0,0.0,0.0,automatic,2090433575,21,19,2,5,6,6,"[3, 7]",True,0,8
c71268e9e728491a99e8c926c652e62e,phase1_ofat,window_size,15.565762699989136,4075746,,8,3,2,2,32,2048,0.0,0.0,0.0,automatic,1803411504,21,19,3,5,6,6,"[3, 7]",True,0,2
a1eb162264ee401e8e95b7837ac579b5,phase1_ofat,window_size,15.977207599964458,4064047,,8,3,2,2,32,2048,0.0,0.0,0.0,automatic,516480005,21,19,3,5,6,6,"[3, 7]",True,0,2
6a85bb8112d64e70991e24be7f358079,phase1_ofat,window_size,16.543535699951462,4077202,,8,3,2,2,32,2048,0.0,0.0,0.0,automatic,135873374,21,19,3,5,6,6,"[3, 7]",True,0,2
a77bcf3f3ef14a04b8565438d55a9bb5,phase1_ofat,window_size,9.522552900016308,830096,,8,4,2,2,32,2048,0.0,0.0,0.0,automatic,709913336,21,19,4,5,6,6,"[3, 7]",True,0,2
9f8e4f92556240c8ba43615690c5e7d6,phase1_ofat,window_size,14.783547599974554,948702,,8,3,2,2,32,2048,0.0,0.0,0.0,automatic,1422804873,21,19,3,5,6,6,"[3, 7]",True,0,2
94d77b2142404336b47b8fde0cf6c6a3,phase1_ofat,window_size,14.478211900044698,941880,,8,3,2,2,32,2048,0.0,0.0,0.0,automatic,942859355,21,19,3,5,6,6,"[3, 7]",True,0,2
aa93e1b669d545b19397bc9b362539c2,phase1_ofat,window_size,9.7585923000006,831015,,8,4,2,2,32,2048,0.0,0.0,0.0,automatic,329306705,21,19,4,5,6,6,"[3, 7]",True,1/2,2
01087bb6199c4e80800af335ea4f6d49,phase1_ofat,window_size,11.110644200001843,830511,,8,4,2,2,32,2048,0.0,0.0,0.0,automatic,1996844835,21,19,4,5,6,6,"[3, 7]",True,1/2,2
f4bba82f269e4c7498b5c68a2c453998,phase1_ofat,window_size,11.06677320000017,825038,,8,4,2,2,32,2048,0.0,0.0,0.0,automatic,1616238204,21,19,4,5,6,6,"[3, 7]",True,1/2,2
324466d6495a4cb2a311ee8fe54e6674,phase1_ofat,window_size,12.058617700007744,829577,,8,4,2,2,32,2048,0.0,0.0,0.0,automatic,1136292686,21,19,4,5,6,6,"[3, 7]",True,0,2
4b2f2c90b1ff4320b7c9df95215d06f4,phase1_ofat,window_size,9.874691899982281,846149,,8,6,2,2,32,2048,0.0,0.0,0.0,automatic,173420210,21,19,6,5,6,6,"[3, 7]",True,1/2,2
e073631f80204c4e9540a4545f2ea10c,phase1_ofat,window_size,10.092889999970794,842613,,8,6,2,2,32,2048,0.0,0.0,0.0,automatic,1840958340,21,19,6,5,6,6,"[3, 7]",True,1/2,2
71498a04f2aa4da7a3f4db349fad9503,phase1_ofat,window_size,10.00826249999227,845954,,8,6,2,2,32,2048,0.0,0.0,0.0,automatic,1460351709,21,19,6,5,6,6,"[3, 7]",True,1/2,2
6f16678480024c9c990d1296b20a67ca,phase1_ofat,overlap,1.0127693999675103,363076,,8,4,0,2,32,2048,0.0,0.0,0.0,automatic,722224627,15,4,0,4,2,2,"[3, 5]",True,1/2,2
aeab79d9aa0b44b7bf9cb853bbda08ac,phase1_ofat,overlap,1.0445529000135139,358632,,8,4,0,2,32,2048,0.0,0.0,0.0,automatic,242279109,15,4,0,4,2,2,"[3, 5]",True,1/2,2
48b238e7c55045f8bc0c0ddc5675b1c6,phase1_ofat,overlap,0.9426681000040844,358160,,8,4,0,2,32,2048,0.0,0.0,0.0,automatic,2009156126,15,4,0,4,2,2,"[3, 5]",True,1/2,2
5d85ce7dd4d844289f776aaaf35b59f3,phase1_ofat,window_size,10.245702899992466,802539,,8,6,2,2,32,2048,0.0,0.0,0.0,automatic,980406191,21,19,6,5,6,6,"[3, 7]",True,0,2
5d56892c038647dc8943d886a5506858,phase1_ofat,window_size,10.204388400015887,800103,,8,6,2,2,32,2048,0.0,0.0,0.0,automatic,599799560,21,19,6,5,6,6,"[3, 7]",True,1/2,2
d731c6c593294349b1f30762d1556e40,phase1_ofat,overlap,0.9768026999663562,358693,,8,4,0,2,32,2048,0.0,0.0,0.0,automatic,1529210608,15,4,0,4,2,2,"[3, 5]",True,1/2,2
6927fa09b0a747f09ab610e86b31f6bf,phase1_ofat,overlap,0.9730532000539824,364299,,8,4,0,2,32,2048,0.0,0.0,0.0,automatic,1148603977,15,4,0,4,2,2,"[3, 5]",True,1/2,2
f290416bc27f4d608b9dd0b68db8c136,phase1_ofat,overlap,1.3834359999746084,395124,,8,4,1,2,32,2048,0.0,0.0,0.0,automatic,912089419,15,4,1,4,2,2,"[3, 5]",True,1/2,2
c1518a286a3d40618e711ef0568a0e5c,phase1_ofat,overlap,1.4019706000108272,391498,,8,4,1,2,32,2048,0.0,0.0,0.0,automatic,531482788,15,4,1,4,2,2,"[3, 5]",True,1/2,2
65eedc4589c142cfa38f836df361e33a,phase1_ofat,overlap,1.402592199970968,394765,,8,4,1,2,32,2048,0.0,0.0,0.0,automatic,51537270,15,4,1,4,2,2,"[3, 5]",True,1/2,2
da5c88c8880747228eb02b15f3847cb4,phase1_ofat,overlap,1.408838100032881,394968,,8,4,1,2,32,2048,0.0,0.0,0.0,automatic,1818414287,15,4,1,4,2,2,"[3, 5]",True,0,2
175fa695e7cf4ef19985d965e60f80ab,phase1_ofat,overlap,1.3694076999672689,399167,,8,4,1,2,32,2048,0.0,0.0,0.0,automatic,1338468769,15,4,1,4,2,2,"[3, 5]",True,1/2,2
a4a809e44130462b825231b27516f534,phase1_ofat,overlap,1.327618999988772,430125,,8,4,2,2,32,2048,0.0,0.0,0.0,automatic,736467234,15,4,2,4,2,2,"[3, 5]",True,0,2
fa206a3ee90f4d35abc42c63f04540c6,phase1_ofat,overlap,1.3082939999876544,432989,,8,4,2,2,32,2048,0.0,0.0,0.0,automatic,2023398733,15,4,2,4,2,2,"[3, 5]",True,1/2,2
9c4dd1f5b80e42cc9b16b1318df37dcb,phase1_ofat,overlap,1.3684830000274815,428294,,8,4,2,2,32,2048,0.0,0.0,0.0,automatic,355860603,15,4,2,4,2,2,"[3, 5]",True,1/2,2
c53dadce698d4657bc919088da8aaf46,phase1_ofat,overlap,1.367960299947299,428628,,8,4,2,2,32,2048,0.0,0.0,0.0,automatic,1642792102,15,4,2,4,2,2,"[3, 5]",True,1/2,2
eb5c9201391045d6893869a65db03ac0,phase1_ofat,overlap,1.331032200017944,430498,,8,4,2,2,32,2048,0.0,0.0,0.0,automatic,1262185471,15,4,2,4,2,2,"[3, 5]",True,0,2
bc33df76ee9343cc923ca41a1a7f31ba,phase1_ofat,overlap,2.184890299977269,564891,,8,4,3,2,32,2048,0.0,0.0,0.0,automatic,1199000392,15,4,3,4,2,2,"[3, 5]",True,1/2,2
f110f6f2955e442aaa6fa9da309c9260,phase1_ofat,overlap,2.2605923000373878,569391,,8,4,3,2,32,2048,0.0,0.0,0.0,automatic,818393761,15,4,3,4,2,2,"[3, 5]",True,1/2,2
b06ff3157fd5470fa645e60914fb946e,phase1_ofat,overlap,2.287872500019148,566286,,8,4,3,2,32,2048,0.0,0.0,0.0,automatic,338448243,15,4,3,4,2,2,"[3, 5]",True,1/2,2
a316cd7ed92449e4af1fde156ed130e7,phase1_ofat,overlap,2.306339700007811,565912,,8,4,3,2,32,2048,0.0,0.0,0.0,automatic,2105325260,15,4,3,4,2,2,"[3, 5]",True,0,2
e1a27c9dbff843bab70213753fadc002,phase1_ofat,overlap,2.1516133999684826,567239,,8,4,3,2,32,2048,0.0,0.0,0.0,automatic,1625379742,15,4,3,4,2,2,"[3, 5]",True,0,2
5144f038cb794450b0ad92d632b596f9,phase1_ofat,overlap,1.8412853999761865,510267,,8,4,0,2,32,2048,0.0,0.0,0.0,automatic,743626103,21,8,0,5,2,2,"[3, 7]",True,0,2
7c860ade59d94a31b02b714e7cdf0fef,phase1_ofat,overlap,1.7012860999675468,506744,,8,4,0,2,32,2048,0.0,0.0,0.0,automatic,263680585,21,8,0,5,2,2,"[3, 7]",True,1/2,2
4d2e326cbeb6440f89470045ccae07a4,phase1_ofat,overlap,1.8175262999720871,509838,,8,4,0,2,32,2048,0.0,0.0,0.0,automatic,2030557602,21,8,0,5,2,2,"[3, 7]",True,0,2
793c457d92a448f082be79064822f747,phase1_ofat,overlap,1.8534097999799997,508609,,8,4,0,2,32,2048,0.0,0.0,0.0,automatic,1550612084,21,8,0,5,2,2,"[3, 7]",True,0,2
ad554de511b543989abe9a74234003ab,phase1_ofat,overlap,1.8028522999957204,508574,,8,4,0,2,32,2048,0.0,0.0,0.0,automatic,1170005453,21,8,0,5,2,2,"[3, 7]",True,1/2,2
c897ef3877894dd69dcc60846a59a194,phase1_ofat,overlap,2.0473221000283957,542620,,8,4,1,2,32,2048,0.0,0.0,0.0,automatic,1422714830,21,8,1,5,2,2,"[3, 7]",True,0,2
25cd5c77a4f3496a83cf4a3ea9d06fed,phase1_ofat,overlap,2.0594873999943957,541890,,8,4,1,2,32,2048,0.0,0.0,0.0,automatic,1042108199,21,8,1,5,2,2,"[3, 7]",True,0,2
125f346a013b4a9babf5dcea71be0de5,phase1_ofat,overlap,2.1136630999972112,541800,,8,4,1,2,32,2048,0.0,0.0,0.0,automatic,562162681,21,8,1,5,2,2,"[3, 7]",True,0,2
5cd331b84a3944f8a27c11bd5f3033ca,phase1_ofat,overlap,2.110363800020423,542378,,8,4,1,2,32,2048,0.0,0.0,0.0,automatic,181556050,21,8,1,5,2,2,"[3, 7]",True,1/2,2
9222dde8423643a2bb35d874edcd8ed6,phase1_ofat,overlap,2.159151899977587,541505,,8,4,1,2,32,2048,0.0,0.0,0.0,automatic,1948433067,21,8,1,5,2,2,"[3, 7]",True,1/2,2
1a8c4fc5ac6243beb1f4ad9f0cc4602e,phase1_ofat,overlap,2.184867199975997,625889,,8,4,2,2,32,2048,0.0,0.0,0.0,automatic,1902093510,21,8,2,5,2,2,"[3, 7]",True,1/2,2
7df22ab5833d4966a9a4eaf192d37f22,phase1_ofat,overlap,2.257524599961471,624826,,8,4,2,2,32,2048,0.0,0.0,0.0,automatic,1422147992,21,8,2,5,2,2,"[3, 7]",True,0,2
82e38d88c2f24b19af8b73efab8b9170,phase1_ofat,overlap,2.219400499947369,625095,,8,4,2,2,32,2048,0.0,0.0,0.0,automatic,1041541361,21,8,2,5,2,2,"[3, 7]",True,1/2,2
625c4ce9d4b94de0beebd1fc73a5b165,phase1_ofat,overlap,2.030000699975062,625297,,8,4,2,2,32,2048,0.0,0.0,0.0,automatic,660934730,21,8,2,5,2,2,"[3, 7]",True,1/2,2
791f70b288634b549652d8909901092f,phase1_ofat,overlap,1.7819953000289388,625851,,8,4,2,2,32,2048,0.0,0.0,0.0,automatic,180989212,21,8,2,5,2,2,"[3, 7]",True,0,2
8358cf4966e04916b288d9a161dc93c6,phase1_ofat,overlap,2.704157700005453,863407,,8,4,3,2,32,2048,0.0,0.0,0.0,automatic,367463005,21,8,3,5,2,2,"[3, 7]",True,0,2
7e923b1614944fc591f7154b5201bbb6,phase1_ofat,overlap,2.6901125999866053,862773,,8,4,3,2,32,2048,0.0,0.0,0.0,automatic,2134340022,21,8,3,5,2,2,"[3, 7]",True,0,2
e2cdb6a6a2504973bd127c180c659a43,phase1_ofat,overlap,2.742620699980762,864105,,8,4,3,2,32,2048,0.0,0.0,0.0,automatic,1654394504,21,8,3,5,2,2,"[3, 7]",True,0,2
5725196576934a81980dc5f17413fc00,phase1_ofat,overlap,2.6032252000295557,859635,,8,4,3,2,32,2048,0.0,0.0,0.0,automatic,1273787873,21,8,3,5,2,2,"[3, 7]",True,0,2
ae192e9670ac4691affe9be4f61a21a6,phase1_ofat,overlap,2.515107100014575,864034,,8,4,3,2,32,2048,0.0,0.0,0.0,automatic,893181242,21,8,3,5,2,2,"[3, 7]",True,1/2,2
c23fc18299684c7fb40c5e51d1359fda,phase1_ofat,overlap,6.355937400017865,695797,,8,4,0,2,32,2048,0.0,0.0,0.0,automatic,1103732087,21,19,0,5,6,6,"[3, 7]",True,1/2,4
563cf9ba701a47c79ba81e5fee813049,phase1_ofat,overlap,6.121229099982884,693901,,8,4,0,2,32,2048,0.0,0.0,0.0,automatic,623786569,21,19,0,5,6,6,"[3, 7]",True,0,4
5004fdb1fff644f3bd397c1850ef7481,phase1_ofat,overlap,6.129843400034588,694457,,8,4,0,2,32,2048,0.0,0.0,0.0,automatic,243179938,21,19,0,5,6,6,"[3, 7]",True,0,4
91280fbe986c41ed842ad65fed654eb8,phase1_ofat,overlap,5.7982422999921255,694615,,8,4,0,2,32,2048,0.0,0.0,0.0,automatic,1910718068,21,19,0,5,6,6,"[3, 7]",True,1/2,4
54233246d42f461e8b751261327d881f,phase1_ofat,overlap,5.55077520001214,694216,,8,4,0,2,32,2048,0.0,0.0,0.0,automatic,1530111437,21,19,0,5,6,6,"[3, 7]",True,0,4
2daee8d9994d4fe8bea304aa43525b2e,phase1_ofat,overlap,8.043113899999298,3837804,,8,4,1,2,32,2048,0.0,0.0,0.0,automatic,912990248,21,19,1,5,6,6,"[3, 7]",True,1/2,6
1121fcf8955a4ea0bb879a19abcc1eb6,phase1_ofat,overlap,8.377788799989503,3836377,,8,4,1,2,32,2048,0.0,0.0,0.0,automatic,1293596879,21,19,1,5,6,6,"[3, 7]",True,1/2,4
ac2f4bcd7dfc4fd5853270e1d162a713,phase1_ofat,overlap,8.689874600037001,3847119,,8,4,1,2,32,2048,0.0,0.0,0.0,automatic,433044730,21,19,1,5,6,6,"[3, 7]",True,0,6
d773cb2af45d44de8241963d99be5273,phase1_ofat,overlap,6.835915100004058,694565,,8,4,1,2,32,2048,0.0,0.0,0.0,automatic,52438099,21,19,1,5,6,6,"[3, 7]",True,1/2,4
a3a5ae8a58094dfeb4542119c20724e1,phase1_ofat,overlap,6.908982400025707,695273,,8,4,1,2,32,2048,0.0,0.0,0.0,automatic,1819315116,21,19,1,5,6,6,"[3, 7]",True,1/2,6
33d94e829a8c46da90397872158749a6,phase1_ofat,overlap,7.976559399976395,832549,,8,4,2,2,32,2048,0.0,0.0,0.0,automatic,114715846,21,19,2,5,6,6,"[3, 7]",True,0,2
4d38c5a754754d778705d1a18dc4bc4f,phase1_ofat,overlap,7.974308900011238,822053,,8,4,2,2,32,2048,0.0,0.0,0.0,automatic,1782253976,21,19,2,5,6,6,"[3, 7]",True,0,2
059b2c2b366144198ba1122d2367f946,phase1_ofat,overlap,7.8540287999785505,821251,,8,4,2,2,32,2048,0.0,0.0,0.0,automatic,1401647345,21,19,2,5,6,6,"[3, 7]",True,1/2,2
861c593d1949430d8d5ebbc85e062044,phase1_ofat,overlap,8.008893299964257,829414,,8,4,2,2,32,2048,0.0,0.0,0.0,automatic,1021040714,21,19,2,5,6,6,"[3, 7]",True,1/2,2
e15c0c2e396d42dab511f9597fa233c6,phase1_ofat,overlap,8.966142599994782,826815,,8,4,2,2,32,2048,0.0,0.0,0.0,automatic,541095196,21,19,2,5,6,6,"[3, 7]",True,1/2,2
0810db43d21745c0af734a4993c441b7,phase1_ofat,overlap,16.167232499981765,1083258,,8,4,3,2,32,2048,0.0,0.0,0.0,automatic,1632228726,21,19,3,5,6,6,"[3, 7]",True,1/2,2
0b5bdcbd8d9042e7ad8b2df98bd3376f,phase1_ofat,overlap,16.70433999999659,1092337,,8,4,3,2,32,2048,0.0,0.0,0.0,automatic,1152283208,21,19,3,5,6,6,"[3, 7]",True,1/2,2
6f44727b5d934c1da1060bdc16c983b8,phase1_ofat,overlap,17.984275499999058,958535,,8,4,3,2,32,2048,0.0,0.0,0.0,automatic,771676577,21,19,3,5,6,6,"[3, 7]",True,0,2
d2b3156a7e414fcda79934a57da81025,phase1_ofat,candidate_count,1.5542850999627262,433453,,8,4,2,1,32,2048,0.0,0.0,0.0,automatic,153306352,15,4,1,4,2,2,"[3, 5]",True,1/2,1
42e6c183a0a9402c809a73f7533575d2,phase1_ofat,candidate_count,1.2589560999767855,428367,,8,4,2,1,32,2048,0.0,0.0,0.0,automatic,1920183369,15,4,1,4,2,2,"[3, 5]",True,1/2,1
d0c95641ba684d349e8bc63fd9d7aace,phase1_ofat,candidate_count,1.1177351999795064,427653,,8,4,2,1,32,2048,0.0,0.0,0.0,automatic,1440237851,15,4,1,4,2,2,"[3, 5]",True,1/2,1
50649c32245743b68b231c1f4d3255ab,phase1_ofat,candidate_count,1.4745030000340194,428976,,8,4,2,1,32,2048,0.0,0.0,0.0,automatic,1059631220,15,4,1,4,2,2,"[3, 5]",True,0,1
29e83e4d8f414b6c924f1ae508df9b65,phase1_ofat,candidate_count,1.7543255999917164,426480,,8,4,2,1,32,2048,0.0,0.0,0.0,automatic,579685702,15,4,1,4,2,2,"[3, 5]",True,1/2,1
9e505d01de0f4bb1a4b530659f3a07eb,phase1_ofat,candidate_count,1.2179613999905996,426189,,8,4,2,2,32,2048,0.0,0.0,0.0,automatic,311864331,15,4,2,4,2,2,"[3, 5]",True,1/2,2
641b9137e62b4aa3be25d8d86bc10d6d,phase1_ofat,overlap,19.35737490002066,831974,,8,4,3,2,32,2048,0.0,0.0,0.0,automatic,291731059,21,19,3,5,6,6,"[3, 7]",True,0,2
6b5628ed905a410ea0b4ef3d14583836,phase1_ofat,candidate_count,1.1648082000319846,427880,,8,4,2,2,32,2048,0.0,0.0,0.0,automatic,2078741348,15,4,2,4,2,2,"[3, 5]",True,1/2,2
de1f9983bca34d2da22b2cff7e93a8ad,phase1_ofat,candidate_count,1.19015420001233,431260,,8,4,2,2,32,2048,0.0,0.0,0.0,automatic,1598795830,15,4,2,4,2,2,"[3, 5]",True,1/2,2
9f37d869c23a42ebbc47d63c36db836b,phase1_ofat,candidate_count,1.307437299983576,428259,,8,4,2,2,32,2048,0.0,0.0,0.0,automatic,1218189199,15,4,2,4,2,2,"[3, 5]",True,1/2,2
766875c3150f4dc882e269384dfff07f,phase1_ofat,overlap,19.34289989998797,940723,,8,4,3,2,32,2048,0.0,0.0,0.0,automatic,2058608076,21,19,3,5,6,6,"[3, 7]",True,1/2,2
c2c4e16f3c9a45d6beaa807296b83d6a,phase1_ofat,candidate_count,1.6002055000280961,426964,,8,4,2,2,32,2048,0.0,0.0,0.0,automatic,837582568,15,4,2,4,2,2,"[3, 5]",True,0,2
f73d52bf93014b4895bf87048d9f4555,phase1_ofat,candidate_count,1.8704807999893092,426682,,8,4,2,4,32,2048,0.0,0.0,0.0,automatic,950902818,15,4,4,4,2,2,"[3, 5]",True,0,2
71b6d448469a4c7481822eeab9290a42,phase1_ofat,candidate_count,1.915519900037907,430008,,8,4,2,4,32,2048,0.0,0.0,0.0,automatic,470957300,15,4,4,4,2,2,"[3, 5]",True,0,2
ce010e138b8f407199563d28ee2cc339,phase1_ofat,candidate_count,1.852995400025975,427131,,8,4,2,4,32,2048,0.0,0.0,0.0,automatic,90350669,15,4,4,4,2,2,"[3, 5]",True,0,2
670d6c61c762460891b7b0d62076b440,phase1_ofat,candidate_count,1.8784630000009201,426969,,8,4,2,4,32,2048,0.0,0.0,0.0,automatic,1857227686,15,4,4,4,2,2,"[3, 5]",True,1/2,2
9dc491f7826f4aa9867dca3038380282,phase1_ofat,candidate_count,1.880508699978236,426872,,8,4,2,4,32,2048,0.0,0.0,0.0,automatic,1377282168,15,4,4,4,2,2,"[3, 5]",True,1/2,2
3fc4178ec79d48eb8c510eac64265b4d,phase1_ofat,candidate_count,1.898206299985759,427407,,8,4,2,8,32,2048,0.0,0.0,0.0,automatic,1508413564,15,4,8,4,2,2,"[3, 5]",True,0,2
3897b559e7224d9f8e1b0021b5a39154,phase1_ofat,candidate_count,1.7877698999946006,427941,,8,4,2,8,32,2048,0.0,0.0,0.0,automatic,1127806933,15,4,8,4,2,2,"[3, 5]",True,1/2,2
bdb7a88171a64892bdc0ffb7e91da1d4,phase1_ofat,candidate_count,1.7736551000270993,428050,,8,4,2,8,32,2048,0.0,0.0,0.0,automatic,747200302,15,4,8,4,2,2,"[3, 5]",True,0,2
59e6d52ac91a4044b89d6444b9e69cc5,phase1_ofat,candidate_count,1.5302175999968313,427149,,8,4,2,8,32,2048,0.0,0.0,0.0,automatic,267254784,15,4,8,4,2,2,"[3, 5]",True,1/2,2
a6dbd5e5f02c40ab8e45bfa578751bd3,phase1_ofat,candidate_count,1.4182902000029571,425859,,8,4,2,8,32,2048,0.0,0.0,0.0,automatic,2034131801,15,4,8,4,2,2,"[3, 5]",True,1/2,2
869ee581b2904cea8465923da18bddc9,phase1_ofat,candidate_count,1.4422590999747626,436059,,8,4,2,16,32,2048,0.0,0.0,0.0,automatic,2078303778,15,4,16,4,2,2,"[3, 5]",True,0,2
f61b1c0ecfc04974bbf90d0d0d00b00f,phase1_ofat,candidate_count,1.4343406000407413,428203,,8,4,2,16,32,2048,0.0,0.0,0.0,automatic,1697697147,15,4,16,4,2,2,"[3, 5]",True,1/2,2
544565a8d54e4beba060589d8d074cfc,phase1_ofat,candidate_count,1.4270771999727003,427428,,8,4,2,16,32,2048,0.0,0.0,0.0,automatic,1217751629,15,4,16,4,2,2,"[3, 5]",True,0,2
bf42f797423c4c48b74043d0da566aad,phase1_ofat,candidate_count,1.4048130000010133,430550,,8,4,2,16,32,2048,0.0,0.0,0.0,automatic,837144998,15,4,16,4,2,2,"[3, 5]",True,1/2,2
bebeea79df7c406f9fdae0c666361441,phase1_ofat,candidate_count,1.5594305000267923,427585,,8,4,2,16,32,2048,0.0,0.0,0.0,automatic,456538367,15,4,16,4,2,2,"[3, 5]",True,0,2
c3fa8dbc85a1454db297f91a9b29d946,phase1_ofat,candidate_count,2.743162599974312,624447,,8,4,2,1,32,2048,0.0,0.0,0.0,automatic,1318932628,21,8,1,5,2,2,"[3, 7]",True,1/2,1
00fecda936f944d5bc64671d30a2ad05,phase1_ofat,candidate_count,2.7567485999898054,628471,,8,4,2,1,32,2048,0.0,0.0,0.0,automatic,838987110,21,8,1,5,2,2,"[3, 7]",True,1/2,1
b0bc846ead394ca697bae75ebb8d7bfb,phase1_ofat,candidate_count,2.7545690999832004,625066,,8,4,2,1,32,2048,0.0,0.0,0.0,automatic,458380479,21,8,1,5,2,2,"[3, 7]",True,0,1
977d403e8b434e2baedd18f830945772,phase1_ofat,candidate_count,2.5474129000212997,625653,,8,4,2,1,32,2048,0.0,0.0,0.0,automatic,2125918609,21,8,1,5,2,2,"[3, 7]",True,1/2,1
4586580c03ad4b0b9b4f111b6cab3cb7,phase1_ofat,candidate_count,2.5193878000136465,627936,,8,4,2,1,32,2048,0.0,0.0,0.0,automatic,1745311978,21,8,1,5,2,2,"[3, 7]",True,0,1
b6f11d85bbfd446d802305586090ab82,phase1_ofat,candidate_count,2.4404089000308886,625437,,8,4,2,2,32,2048,0.0,0.0,0.0,automatic,624551744,21,8,2,5,2,2,"[3, 7]",True,0,2
6e387120b98b48dd8a5bbe6a75db2fdb,phase1_ofat,candidate_count,2.179117999970913,623597,,8,4,2,2,32,2048,0.0,0.0,0.0,automatic,243945113,21,8,2,5,2,2,"[3, 7]",True,1/2,2
0a05b28404ae4c9cbf3b994b3d1d99a3,phase1_ofat,candidate_count,2.17099330003839,627601,,8,4,2,2,32,2048,0.0,0.0,0.0,automatic,1911483243,21,8,2,5,2,2,"[3, 7]",True,1/2,2
75e50c715cdc4aa28a411eea0c8e8bb0,phase1_ofat,candidate_count,2.397480000043288,625362,,8,4,2,2,32,2048,0.0,0.0,0.0,automatic,1530876612,21,8,2,5,2,2,"[3, 7]",True,0,2
dc551f33e3bc424dbaed82e36d311d74,phase1_ofat,candidate_count,2.886557099991478,624984,,8,4,2,2,32,2048,0.0,0.0,0.0,automatic,1050931094,21,8,2,5,2,2,"[3, 7]",True,1/2,2
264d63bd51e54a9caa3ae48d55ce6a8a,phase1_ofat,candidate_count,2.902986900007818,628272,,8,4,2,4,32,2048,0.0,0.0,0.0,automatic,942769530,21,8,4,5,2,2,"[3, 7]",True,1/2,2
4075da19eabd49b7b8b88aed5bbcb436,phase1_ofat,candidate_count,2.8678692000103183,625389,,8,4,2,4,32,2048,0.0,0.0,0.0,automatic,562162899,21,8,4,5,2,2,"[3, 7]",True,1/2,2
871b3a3267a749b5bbfa9e95170cbb7d,phase1_ofat,candidate_count,2.5790341999963857,625104,,8,4,2,4,32,2048,0.0,0.0,0.0,automatic,82217381,21,8,4,5,2,2,"[3, 7]",True,1/2,2
0c064ab7607b487a87f22288056d7aae,phase1_ofat,candidate_count,2.526425799995195,627817,,8,4,2,4,32,2048,0.0,0.0,0.0,automatic,1849094398,21,8,4,5,2,2,"[3, 7]",True,1/2,2
845468ed384f4c148e6bdf188d2ba4f3,phase1_ofat,candidate_count,2.406042199989315,624391,,8,4,2,4,32,2048,0.0,0.0,0.0,automatic,1468487767,21,8,4,5,2,2,"[3, 7]",True,1/2,2
e7d1d65e1ba541b18102c3e98918e70a,phase1_ofat,candidate_count,2.304764400003478,628743,,8,4,2,8,32,2048,0.0,0.0,0.0,automatic,1119673645,21,8,8,5,2,2,"[3, 7]",True,1/2,2
691b1374dd8b48b58142229884fce949,phase1_ofat,candidate_count,2.3431696000043303,623174,,8,4,2,8,32,2048,0.0,0.0,0.0,automatic,1599619163,21,8,8,5,2,2,"[3, 7]",True,0,2
b29192a5f4fd43deaf138ffa1c1b9617,phase1_ofat,candidate_count,2.4677927999873646,625542,,8,4,2,8,32,2048,0.0,0.0,0.0,automatic,739067014,21,8,8,5,2,2,"[3, 7]",True,0,2
2a4219bd4e87425cbf09df3f22b4a62d,phase1_ofat,candidate_count,2.301377299998421,628086,,8,4,2,8,32,2048,0.0,0.0,0.0,automatic,358460383,21,8,8,5,2,2,"[3, 7]",True,0,2
9ef90e6f27784a03902eba217ef80b56,phase1_ofat,candidate_count,2.431471500021871,623217,,8,4,2,8,32,2048,0.0,0.0,0.0,automatic,2025998513,21,8,8,5,2,2,"[3, 7]",True,0,2
1e9f7a145f74429798f2d274fa50dceb,phase1_ofat,candidate_count,3.4702349999570288,3800010,,8,4,2,16,32,2048,0.0,0.0,0.0,automatic,1096446406,21,8,16,5,2,2,"[3, 7]",True,1/2,2
c796a99ceefe4ebea8305bfc02b9e0c4,phase1_ofat,candidate_count,3.5126248999731615,3793767,,8,4,2,16,32,2048,0.0,0.0,0.0,automatic,616500888,21,8,16,5,2,2,"[3, 7]",True,0,2
f5ef794e97904438b24145ced1008906,phase1_ofat,candidate_count,3.765197500004433,3804451,,8,4,2,16,32,2048,0.0,0.0,0.0,automatic,235894257,21,8,16,5,2,2,"[3, 7]",True,1/2,2
5b80430b5be141bcace64a42960439cc,phase1_ofat,candidate_count,1.9300129999755882,649132,,8,4,2,16,32,2048,0.0,0.0,0.0,automatic,2002771274,21,8,16,5,2,2,"[3, 7]",True,0,2
b7896476e42d4fa18f140036bba87ef3,phase1_ofat,candidate_count,1.9394699999829754,649850,,8,4,2,16,32,2048,0.0,0.0,0.0,automatic,1522825756,21,8,16,5,2,2,"[3, 7]",True,1/2,2
b9bcb69acc2c48c69ddb2c9fc93efbe0,phase1_ofat,candidate_count,14.421042800007854,833889,,8,4,2,1,32,2048,0.0,0.0,0.0,automatic,1579699725,21,19,1,5,6,6,"[3, 7]",True,0,1
e8ffde9828524788a178c17c9e93dfc9,phase1_ofat,candidate_count,14.673638699983712,826144,,8,4,2,1,32,2048,0.0,0.0,0.0,automatic,1199093094,21,19,1,5,6,6,"[3, 7]",True,0,1
4654ce1fb6084967b02cc511abf8265a,phase1_ofat,candidate_count,14.792140000034124,823852,,8,4,2,1,32,2048,0.0,0.0,0.0,automatic,818486463,21,19,1,5,6,6,"[3, 7]",True,1/2,1
90a63530f9404c57944446f1a90e4c1a,phase1_ofat,candidate_count,13.878065900004003,830418,,8,4,2,1,32,2048,0.0,0.0,0.0,automatic,338540945,21,19,1,5,6,6,"[3, 7]",True,0,1
23e810773b60484e8c38fdccd3aedaa6,phase1_ofat,candidate_count,14.014827499981038,825892,,8,4,2,1,32,2048,0.0,0.0,0.0,automatic,2105417962,21,19,1,5,6,6,"[3, 7]",True,0,1
292636f15d9c4fd5ae189c8b924e5834,phase1_ofat,candidate_count,14.226203400001395,829037,,8,4,2,2,32,2048,0.0,0.0,0.0,automatic,984657728,21,19,2,5,6,6,"[3, 7]",True,1/2,2
dda233dc1bb644e3b6b04fd62c949616,phase1_ofat,candidate_count,13.835851000039838,832689,,8,4,2,2,32,2048,0.0,0.0,0.0,automatic,604051097,21,19,2,5,6,6,"[3, 7]",True,0,2
cc2cd7760305450ca318c22b8350fc0c,phase1_ofat,candidate_count,13.716688600019552,825855,,8,4,2,2,32,2048,0.0,0.0,0.0,automatic,1890982596,21,19,2,5,6,6,"[3, 7]",True,0,2
8f40826397304522a8b97c6087fa79ae,phase1_ofat,candidate_count,14.196264900034294,826544,,8,4,2,2,32,2048,0.0,0.0,0.0,automatic,124105579,21,19,2,5,6,6,"[3, 7]",True,1/2,2
f05a3b8df6634a618ddd37da673d859e,phase1_ofat,candidate_count,13.410082699963823,830970,,8,4,2,2,32,2048,0.0,0.0,0.0,automatic,1411037078,21,19,2,5,6,6,"[3, 7]",True,0,2
523cd9d38e874089995075c5b78ead87,phase1_ofat,candidate_count,13.03140199999325,690683,,8,4,2,4,32,2048,0.0,0.0,0.0,automatic,2108196364,21,19,4,5,6,6,"[3, 7]",True,1/2,7
42f14632e6624688a7c98f4bc216b80e,phase1_ofat,candidate_count,13.238581200013869,688550,,8,4,2,4,32,2048,0.0,0.0,0.0,automatic,1727589733,21,19,4,5,6,6,"[3, 7]",True,1/2,7
e856aa7099fd44adb7bacfbaec2af534,phase1_ofat,candidate_count,13.380340899981093,796824,,8,4,2,4,32,2048,0.0,0.0,0.0,automatic,1346983102,21,19,4,5,6,6,"[3, 7]",True,1/2,7
85b6c7239e7b4ee8a3397dd691971686,phase1_ofat,candidate_count,13.48855700000422,826328,,8,4,2,4,32,2048,0.0,0.0,0.0,automatic,867037584,21,19,4,5,6,6,"[3, 7]",True,0,10
668af01b1f944176a8fc3e6cd76405a1,phase1_ofat,candidate_count,13.650212200009264,824662,,8,4,2,4,32,2048,0.0,0.0,0.0,automatic,486430953,21,19,4,5,6,6,"[3, 7]",True,0,10
36c269206884488480f9e0e4d3fd1f26,phase1_ofat,candidate_count,12.812664699973539,825549,,8,4,2,8,32,2048,0.0,0.0,0.0,automatic,1470501212,21,19,8,5,6,6,"[3, 7]",True,0,32
215a3da5a1f5407da140cca48c86c963,phase1_ofat,candidate_count,12.552316899993457,824137,,8,4,2,8,32,2048,0.0,0.0,0.0,automatic,990555694,21,19,8,5,6,6,"[3, 7]",True,1/2,32
78d03da6636f4d8eb4fde8bdb75e0b00,phase1_ofat,candidate_count,12.309321400010958,824455,,8,4,2,8,32,2048,0.0,0.0,0.0,automatic,609949063,21,19,8,5,6,6,"[3, 7]",True,0,32
719b748177a040a094870329f66f4b08,phase1_ofat,candidate_count,11.375532400037628,832238,,8,4,2,8,32,2048,0.0,0.0,0.0,automatic,229342432,21,19,8,5,6,6,"[3, 7]",True,0,32
114719ecbc1b471f8ab980b49bb03e8d,phase1_ofat,candidate_count,11.198336700035725,824027,,8,4,2,8,32,2048,0.0,0.0,0.0,automatic,1896880562,21,19,8,5,6,6,"[3, 7]",True,0,32
0db7f279001e4966915b1bc604750079,phase1_ofat,candidate_count,11.119694199995138,824077,,8,4,2,16,32,2048,0.0,0.0,0.0,automatic,114389592,21,19,16,5,6,6,"[3, 7]",True,0,32
cb86bfca8e6949e2a3aa29e5ade0df5d,phase1_ofat,candidate_count,12.723822099971585,832317,,8,4,2,16,32,2048,0.0,0.0,0.0,automatic,1881266609,21,19,16,5,6,6,"[3, 7]",True,0,32
902206ecf392461c8b8a348202b40954,phase1_ofat,candidate_count,13.293294899980538,824628,,8,4,2,16,32,2048,0.0,0.0,0.0,automatic,1401321091,21,19,16,5,6,6,"[3, 7]",True,1/2,32
973ee75b7c8642b088c3861444dc4e92,phase1_ofat,candidate_count,13.276124300027732,826037,,8,4,2,16,32,2048,0.0,0.0,0.0,automatic,1020714460,21,19,16,5,6,6,"[3, 7]",True,0,32
07f9224ce7d642c7aae43287dcd8908c,phase1_ofat,max_paths,1.27363269997295,430455,,8,4,2,2,1,2048,0.0,0.0,0.0,automatic,1641999387,15,4,1,4,2,2,"[3, 5]",True,1/2,1
1248c2f6f1904801bd971be9542a430d,phase1_ofat,max_paths,1.2524922999436967,430808,,8,4,2,2,1,2048,0.0,0.0,0.0,automatic,1261392756,15,4,1,4,2,2,"[3, 5]",True,0,1
3fb6e053191a4e11ae8d4842f0b163a0,phase1_ofat,max_paths,1.2447219000314362,427347,,8,4,2,2,1,2048,0.0,0.0,0.0,automatic,880786125,15,4,1,4,2,2,"[3, 5]",True,0,1
74be49b763ef4e01bf0ded38ee020360,phase1_ofat,max_paths,1.3229294000193477,427823,,8,4,2,2,1,2048,0.0,0.0,0.0,automatic,400840607,15,4,1,4,2,2,"[3, 5]",True,1/2,1
4036a7f31409472bb3c277ad4cb65a20,phase1_ofat,max_paths,1.6604279999737628,426886,,8,4,2,2,1,2048,0.0,0.0,0.0,automatic,20233976,15,4,1,4,2,2,"[3, 5]",True,0,1
9fe19b5deb2648ee83dd14524ab84fd4,phase1_ofat,max_paths,1.7113231000257656,427531,,8,4,2,2,4,2048,0.0,0.0,0.0,automatic,541771077,15,4,4,4,2,2,"[3, 5]",True,1/2,2
b14f96b42e5a404da4680fd8553a74f5,phase1_ofat,max_paths,1.7094708000076935,427968,,8,4,2,2,4,2048,0.0,0.0,0.0,automatic,161164446,15,4,4,4,2,2,"[3, 5]",True,1/2,2
97c75482ba314fc9b93f331f21d7b921,phase1_ofat,max_paths,1.7180805000243708,426901,,8,4,2,2,4,2048,0.0,0.0,0.0,automatic,1828702576,15,4,4,4,2,2,"[3, 5]",True,0,2
ba4884e6ccd042c7b420b7a38506eca5,phase1_ofat,max_paths,1.6567251000087708,427294,,8,4,2,2,4,2048,0.0,0.0,0.0,automatic,1448095945,15,4,4,4,2,2,"[3, 5]",True,0,2
1d0a83045c4245e3a76e4332dc703f53,phase1_ofat,max_paths,1.659051200025715,427511,,8,4,2,2,4,2048,0.0,0.0,0.0,automatic,968150427,15,4,4,4,2,2,"[3, 5]",True,0,2
edc2929065944ac0b65bd3bfc53c8ef2,phase1_ofat,max_paths,1.5254161999910139,427321,,8,4,2,2,16,2048,0.0,0.0,0.0,automatic,1179948102,15,4,16,4,2,2,"[3, 5]",True,0,2
acc2fae13bb844a98f9526fd0d2ac4a8,phase1_ofat,max_paths,1.4837881999555975,427799,,8,4,2,2,16,2048,0.0,0.0,0.0,automatic,799341471,15,4,16,4,2,2,"[3, 5]",True,0,2
fdfe0e5e10244c2b9b3214688d3c980f,phase1_ofat,max_paths,1.6036138000199571,427992,,8,4,2,2,16,2048,0.0,0.0,0.0,automatic,418734840,15,4,16,4,2,2,"[3, 5]",True,1/2,2
4675a429014c452d8b9f4d50a24f71ac,phase1_ofat,max_paths,1.7323982000234537,427858,,8,4,2,2,16,2048,0.0,0.0,0.0,automatic,2086272970,15,4,16,4,2,2,"[3, 5]",True,0,2
b1ff841e748044b3a3cf148473b51e50,phase1_ofat,max_paths,1.7703619999811053,427685,,8,4,2,2,16,2048,0.0,0.0,0.0,automatic,1705666339,15,4,16,4,2,2,"[3, 5]",True,1/2,2
fd7579771ca54e52a72a586f47dc741c,phase1_ofat,max_paths,1.7796090000192635,428679,,8,4,2,2,64,2048,0.0,0.0,0.0,automatic,114826585,15,4,64,4,2,2,"[3, 5]",True,1/2,2
c8ae2740e58f4c5388be191095f62528,phase1_ofat,candidate_count,15.052521599980537,830983,,8,4,2,16,32,2048,0.0,0.0,0.0,automatic,540768942,21,19,16,5,6,6,"[3, 7]",True,0,32
3a6112aa33864106a725e8d387468e06,phase1_ofat,max_paths,1.5407663999940269,427933,,8,4,2,2,64,2048,0.0,0.0,0.0,automatic,1782364715,15,4,64,4,2,2,"[3, 5]",True,0,2
e38fcdcb9cb0453889414c388e5e4e18,phase1_ofat,max_paths,1.4305701000266708,429234,,8,4,2,2,64,2048,0.0,0.0,0.0,automatic,1401758084,15,4,64,4,2,2,"[3, 5]",True,0,2
4044d9527e3b4a62900561f9763af288,phase1_ofat,max_paths,1.4448292999877594,433228,,8,4,2,2,64,2048,0.0,0.0,0.0,automatic,1021151453,15,4,64,4,2,2,"[3, 5]",True,0,2
15ff89e8686641559f9c905db0528dd8,phase1_ofat,max_paths,1.3092813999974169,427184,,8,4,2,2,64,2048,0.0,0.0,0.0,automatic,541205935,15,4,64,4,2,2,"[3, 5]",True,1/2,2
ca4ae538c5bf4c87a2121f7e8b3cf0b0,phase1_ofat,max_paths,1.3606739999959245,426446,,8,4,2,2,256,2048,0.0,0.0,0.0,automatic,1768533581,15,4,256,4,2,2,"[3, 5]",True,0,2
1eac9ec520ee4a9395eb348e7406ad10,phase1_ofat,max_paths,1.2951968000270426,430824,,8,4,2,2,256,2048,0.0,0.0,0.0,automatic,1387926950,15,4,256,4,2,2,"[3, 5]",True,0,2
153af39389624a0f8f5b8e01c5ceb898,phase1_ofat,max_paths,1.3248059999896213,427909,,8,4,2,2,256,2048,0.0,0.0,0.0,automatic,1007320319,15,4,256,4,2,2,"[3, 5]",True,1/2,2
4b77128ce938480d8bd440b499d876c0,phase1_ofat,max_paths,1.3485975000075996,425346,,8,4,2,2,256,2048,0.0,0.0,0.0,automatic,527374801,15,4,256,4,2,2,"[3, 5]",True,1/2,2
e7207c37ec4c4276b39c27511b90f911,phase1_ofat,max_paths,1.4134376000147313,431081,,8,4,2,2,256,2048,0.0,0.0,0.0,automatic,146768170,15,4,256,4,2,2,"[3, 5]",True,1/2,2
0089024a439f4611924765ef0fa4a8b3,phase1_ofat,max_paths,2.725764899980277,623095,,8,4,2,2,1,2048,0.0,0.0,0.0,automatic,909800887,21,8,1,5,2,2,"[3, 7]",True,1/2,1
4941b811842d440f9b8a444af59e2d60,phase1_ofat,max_paths,2.8263814999954775,625223,,8,4,2,2,1,2048,0.0,0.0,0.0,automatic,429855369,21,8,1,5,2,2,"[3, 7]",True,1/2,1
d16ad6a77019452dbad3a95c3ab034cf,phase1_ofat,max_paths,2.8066302000079304,630805,,8,4,2,2,1,2048,0.0,0.0,0.0,automatic,49248738,21,8,1,5,2,2,"[3, 7]",True,1/2,1
501f0afc53d640879339d232bf8b7bb2,phase1_ofat,max_paths,2.1785003999830224,624005,,8,4,2,2,1,2048,0.0,0.0,0.0,automatic,1716786868,21,8,1,5,2,2,"[3, 7]",True,0,1
dbc4db1ef7fe497b8080fb0c5cd2ad2d,phase1_ofat,max_paths,2.06588060001377,622647,,8,4,2,2,1,2048,0.0,0.0,0.0,automatic,1336180237,21,8,1,5,2,2,"[3, 7]",True,1/2,1
d0ca4ce5a0fc4194a5bda0a13252cb56,phase1_ofat,max_paths,3.6358062000363134,3799494,,8,4,2,2,4,2048,0.0,0.0,0.0,automatic,44413854,21,8,4,5,2,2,"[3, 7]",True,0,2
d6a86cec38b24324a44197dd33a81085,phase1_ofat,max_paths,3.5899680000147782,3806095,,8,4,2,2,4,2048,0.0,0.0,0.0,automatic,1430684240,21,8,4,5,2,2,"[3, 7]",True,1/2,2
885fba69d6634a688692a85eacc657e4,phase1_ofat,max_paths,4.497447000001557,3796551,,8,4,2,2,4,2048,0.0,0.0,0.0,automatic,1811290871,21,8,4,5,2,2,"[3, 7]",True,0,2
a398ce491faa4722bf83d2b64e3809da,phase1_ofat,max_paths,1.7839674000279047,652338,,8,4,2,2,4,2048,0.0,0.0,0.0,automatic,570132091,21,8,4,5,2,2,"[3, 7]",True,0,2
611d38a22c1d4ab690356277abb81841,phase1_ofat,max_paths,1.804713300021831,647239,,8,4,2,2,4,2048,0.0,0.0,0.0,automatic,950738722,21,8,4,5,2,2,"[3, 7]",True,1/2,2
61e3769e6032474b8925667f68b8067e,phase1_ofat,max_paths,1.737070599978324,645515,,8,4,2,2,16,2048,0.0,0.0,0.0,automatic,198090730,21,8,16,5,2,2,"[3, 7]",True,1/2,2
a35f626d474c42179a2d2446b14add3b,phase1_ofat,max_paths,2.083143999974709,631922,,8,4,2,2,16,2048,0.0,0.0,0.0,automatic,1485022229,21,8,16,5,2,2,"[3, 7]",True,0,2
4051617a46904fb2b4370f7a57da31ae,phase1_ofat,max_paths,2.138330500049051,636090,,8,4,2,2,16,2048,0.0,0.0,0.0,automatic,1964967747,21,8,16,5,2,2,"[3, 7]",True,0,2
5150cebcf3434aa39350c049ccc50886,phase1_ofat,max_paths,2.6625438000191934,632509,,8,4,2,2,16,2048,0.0,0.0,0.0,automatic,1104415598,21,8,16,5,2,2,"[3, 7]",True,0,2
6fd10623eb0741eea3f84f3144bafac2,phase1_ofat,max_paths,2.7673921999521554,628501,,8,4,2,2,16,2048,0.0,0.0,0.0,automatic,624470080,21,8,16,5,2,2,"[3, 7]",True,0,2
7b1c6a55c3a14c7ba0d86e8f0b23d2b1,phase1_ofat,max_paths,2.769364300009329,630782,,8,4,2,2,64,2048,0.0,0.0,0.0,automatic,1430772846,21,8,64,5,2,2,"[3, 7]",True,0,2
55320f845c904d0fbc60ae6de84de702,phase1_ofat,max_paths,2.529062299989164,629924,,8,4,2,2,64,2048,0.0,0.0,0.0,automatic,1050166215,21,8,64,5,2,2,"[3, 7]",True,1/2,2
eaf8fd66ad70413aa92c12948c831191,phase1_ofat,max_paths,2.292018200038001,628422,,8,4,2,2,64,2048,0.0,0.0,0.0,automatic,570220697,21,8,64,5,2,2,"[3, 7]",True,1/2,2
2654145a31f74beb95f6afb0ee20d752,phase1_ofat,max_paths,2.313731700007338,631805,,8,4,2,2,64,2048,0.0,0.0,0.0,automatic,189614066,21,8,64,5,2,2,"[3, 7]",True,0,2
33f70645a8344099a9bca129ec2d63f0,phase1_ofat,max_paths,2.1550535000278614,626770,,8,4,2,2,64,2048,0.0,0.0,0.0,automatic,1857152196,21,8,64,5,2,2,"[3, 7]",True,1/2,2
a1766b222e804c9eadfe8dca48f79d3a,phase1_ofat,max_paths,2.1810926999896765,628476,,8,4,2,2,256,2048,0.0,0.0,0.0,automatic,825489390,21,8,256,5,2,2,"[3, 7]",True,1/2,2
f306e722b3a34894b0b0039e76c7a4ce,phase1_ofat,max_paths,2.260210399981588,627664,,8,4,2,2,256,2048,0.0,0.0,0.0,automatic,1305434908,21,8,256,5,2,2,"[3, 7]",True,1/2,2
e8c1e55953f94378bb56c81e8a31c516,phase1_ofat,max_paths,2.5993438999867067,627194,,8,4,2,2,256,2048,0.0,0.0,0.0,automatic,444882759,21,8,256,5,2,2,"[3, 7]",True,1/2,2
dc0478082f8342c19a8f6e7bb7718501,phase1_ofat,max_paths,2.868288300000131,601990,,8,4,2,2,256,2048,0.0,0.0,0.0,automatic,2112420889,21,8,256,5,2,2,"[3, 7]",True,1/2,2
b4d109fecd2a4cbfadc6d81d32faa089,phase1_ofat,max_paths,2.9063708999892697,604766,,8,4,2,2,256,2048,0.0,0.0,0.0,automatic,1731814258,21,8,256,5,2,2,"[3, 7]",True,1/2,2
ecb284bb0cc8463584d72cef38597e83,phase1_ofat,max_paths,13.473230800009333,801149,,8,4,2,2,1,2048,0.0,0.0,0.0,automatic,780682936,21,19,1,5,6,6,"[3, 7]",True,1/2,1
1e4c1f58c69244f185d33ecb8cca5dd9,phase1_ofat,max_paths,13.137937799969222,822144,,8,4,2,2,1,2048,0.0,0.0,0.0,automatic,2067614435,21,19,1,5,6,6,"[3, 7]",True,0,1
c6622a10e54540e1a76b3f9364e308d3,phase1_ofat,max_paths,13.187443299975712,831090,,8,4,2,2,1,2048,0.0,0.0,0.0,automatic,300737418,21,19,1,5,6,6,"[3, 7]",True,1/2,1
e11b78acbfd443f79ad99510efcda247,phase1_ofat,max_paths,11.43036190001294,824882,,8,4,2,2,1,2048,0.0,0.0,0.0,automatic,1587668917,21,19,1,5,6,6,"[3, 7]",True,1/2,1
f7c3ae97970244489922d56f43e18c59,phase1_ofat,max_paths,11.321281500044279,831404,,8,4,2,2,4,2048,0.0,0.0,0.0,automatic,404519838,21,19,4,5,6,6,"[3, 7]",True,1/2,2
cb87dd2530f9469188f9bee091f1cfc4,phase1_ofat,max_paths,11.335233199992217,821930,,8,4,2,2,1,2048,0.0,0.0,0.0,automatic,1207062286,21,19,1,5,6,6,"[3, 7]",True,1/2,1
9e5626a588eb413d8452ee47a1dabe85,phase1_ofat,max_paths,12.579167399962898,823617,,8,4,2,2,4,2048,0.0,0.0,0.0,automatic,23913207,21,19,4,5,6,6,"[3, 7]",True,0,2
32c6f715859c4ca387bc84b4b82857ae,phase1_ofat,max_paths,12.32473510003183,829090,,8,4,2,2,4,2048,0.0,0.0,0.0,automatic,1790790224,21,19,4,5,6,6,"[3, 7]",True,0,2
050f8e60933b4d1b95f9e211397f4153,phase1_ofat,max_paths,12.662335800006986,822794,,8,4,2,2,4,2048,0.0,0.0,0.0,automatic,1310844706,21,19,4,5,6,6,"[3, 7]",True,1/2,2
3a197bf449314e8baab615cae4b9e1eb,phase1_ofat,max_paths,14.295149899960961,823905,,8,4,2,2,4,2048,0.0,0.0,0.0,automatic,930238075,21,19,4,5,6,6,"[3, 7]",True,0,2
75a2c851684c4b3794811275a19f799b,phase1_ofat,max_paths,14.287722099979874,829913,,8,4,2,2,16,2048,0.0,0.0,0.0,automatic,558196714,21,19,16,5,6,6,"[3, 7]",True,0,2
16b3c3e5ea6c42a1ad0c9555e2020ff6,phase1_ofat,max_paths,14.381252599996515,822274,,8,4,2,2,16,2048,0.0,0.0,0.0,automatic,177590083,21,19,16,5,6,6,"[3, 7]",True,0,2
72439e86a1e645708e92343aa7b4a42d,phase1_ofat,max_paths,13.706251099996734,823223,,8,4,2,2,16,2048,0.0,0.0,0.0,automatic,1845128213,21,19,16,5,6,6,"[3, 7]",True,1/2,2
6b05d754539b48eea4b820bbf8270939,phase1_ofat,max_paths,13.691366700048093,827710,,8,4,2,2,16,2048,0.0,0.0,0.0,automatic,1464521582,21,19,16,5,6,6,"[3, 7]",True,0,2
5d1f2d5692614ce6a45b99ec422fb267,phase1_ofat,max_paths,13.341646099986974,822695,,8,4,2,2,16,2048,0.0,0.0,0.0,automatic,984576064,21,19,16,5,6,6,"[3, 7]",True,1/2,2
d933cde0fdfc47d4ba1d0f2872bcc558,phase1_ofat,max_paths,13.571329200000037,824374,,8,4,2,2,64,2048,0.0,0.0,0.0,automatic,1790878830,21,19,64,5,6,6,"[3, 7]",True,1/2,2
e372ef7a38944dd2ad0f3ff7557659c6,phase1_ofat,max_paths,13.74751339998329,829714,,8,4,2,2,64,2048,0.0,0.0,0.0,automatic,1410272199,21,19,64,5,6,6,"[3, 7]",True,1/2,2
e87c495d3700458584093a9e4382e654,phase1_ofat,max_paths,13.72613480000291,822930,,8,4,2,2,64,2048,0.0,0.0,0.0,automatic,930326681,21,19,64,5,6,6,"[3, 7]",True,0,2
2017c827a610483ea2fb7b87fae1ef67,phase1_ofat,max_paths,12.17276430001948,824434,,8,4,2,2,64,2048,0.0,0.0,0.0,automatic,549720050,21,19,64,5,6,6,"[3, 7]",True,0,2
48e69977839d4818830e9491aa2cac16,phase1_ofat,max_paths,11.974226100021042,827225,,8,4,2,2,64,2048,0.0,0.0,0.0,automatic,69774532,21,19,64,5,6,6,"[3, 7]",True,1/2,2
499cb3f8bead454fb9565bc7b42713af,phase1_ofat,max_paths,12.05702000000747,822720,,8,4,2,2,256,2048,0.0,0.0,0.0,automatic,1665540892,21,19,256,5,6,6,"[3, 7]",True,1/2,2
29c373a6955f4bfd988b7a100f6a9d87,phase1_ofat,max_paths,10.918567400018219,823244,,8,4,2,2,256,2048,0.0,0.0,0.0,automatic,1185595374,21,19,256,5,6,6,"[3, 7]",True,1/2,2
f1b5f70786cf4517a2fe89709c1dcbdd,phase1_ofat,max_paths,11.333511900040321,828074,,8,4,2,2,256,2048,0.0,0.0,0.0,automatic,804988743,21,19,256,5,6,6,"[3, 7]",True,1/2,2
b6947b9bca8e43dfa98826cce2ddae13,phase1_ofat,max_paths,11.285071600053925,822908,,8,4,2,2,256,2048,0.0,0.0,0.0,automatic,325043225,21,19,256,5,6,6,"[3, 7]",True,1/2,2
31ec00bfc2a44e268bd32b80799c0d6a,phase1_ofat,shots,1.1800595999811776,429095,,8,4,2,2,32,16,0.0,0.0,0.0,automatic,676318794,15,4,16,4,2,2,"[3, 5]",True,1/2,2
216545af85094a66940c840050ed57f1,phase1_ofat,shots,1.216877700004261,430903,,8,4,2,2,32,16,0.0,0.0,0.0,automatic,295712163,15,4,16,4,2,2,"[3, 5]",True,0,2
24152dcd295344899b8f0ba4381a4792,phase1_ofat,shots,1.262854399974458,431238,,8,4,2,2,32,16,0.0,0.0,0.0,automatic,1963250293,15,4,16,4,2,2,"[3, 5]",True,0,2
03072a54fa60421c99c5f51cc1030768,phase1_ofat,shots,1.3424744000076316,427956,,8,4,2,2,32,16,0.0,0.0,0.0,automatic,1582643662,15,4,16,4,2,2,"[3, 5]",True,1/2,2
973d3efe33f1408886298f6794298132,phase1_ofat,shots,1.8336444000015035,428792,,8,4,2,2,32,16,0.0,0.0,0.0,automatic,1202037031,15,4,16,4,2,2,"[3, 5]",True,1/2,2
ccc4d68ca4794d73a71eed030161b153,phase1_ofat,shots,1.8961090999655426,428125,,8,4,2,2,32,64,0.0,0.0,0.0,automatic,1454705746,15,4,64,4,2,2,"[3, 5]",True,1/2,2
98b04973019e4d2697f2789e03cd44b5,phase1_ofat,shots,1.8412443000124767,429892,,8,4,2,2,32,64,0.0,0.0,0.0,automatic,1074099115,15,4,64,4,2,2,"[3, 5]",True,0,2
a1af3867d00e4e9cb7c6803172387e88,phase1_ofat,shots,1.8096073999768123,428598,,8,4,2,2,32,64,0.0,0.0,0.0,automatic,594153597,15,4,64,4,2,2,"[3, 5]",True,0,2
f27109ffce5547a88a1c4c674b3bea60,phase1_ofat,shots,1.66296919999877,426150,,8,4,2,2,32,64,0.0,0.0,0.0,automatic,213546966,15,4,64,4,2,2,"[3, 5]",True,0,2
0ea19f1b6d7344839e06fddcd7b50732,phase1_ofat,shots,1.5862333999830298,425546,,8,4,2,2,32,64,0.0,0.0,0.0,automatic,1980423983,15,4,64,4,2,2,"[3, 5]",True,0,2
c5907897b33b47c9baed0a5deed08bef,phase1_ofat,shots,1.2803928999928758,425783,,8,4,2,2,32,256,0.0,0.0,0.0,automatic,1329367808,15,4,256,4,2,2,"[3, 5]",True,0,2
08ca013db44c4033b33c0d265d143374,phase1_ofat,shots,1.2894223000039347,425133,,8,4,2,2,32,256,0.0,0.0,0.0,automatic,849422290,15,4,256,4,2,2,"[3, 5]",True,0,2
247de75fe2d34855923af213810fd653,phase1_ofat,shots,1.2049261999782175,424731,,8,4,2,2,32,256,0.0,0.0,0.0,automatic,468815659,15,4,256,4,2,2,"[3, 5]",True,1/2,2
726b90da86c24bd89989cb5d258a1798,phase1_ofat,shots,1.2046599999885075,424897,,8,4,2,2,32,256,0.0,0.0,0.0,automatic,2136353789,15,4,256,4,2,2,"[3, 5]",True,0,2
3ac7725bf66447e0a423881a74442a5a,phase1_ofat,shots,1.6556701000081375,424970,,8,4,2,2,32,256,0.0,0.0,0.0,automatic,1755747158,15,4,256,4,2,2,"[3, 5]",True,0,2
8d6364e7d5944127bf89ed9393327501,phase1_ofat,max_paths,13.920034200011287,823221,,8,4,2,2,256,2048,0.0,0.0,0.0,automatic,2091920242,21,19,256,5,6,6,"[3, 7]",True,0,2
39379325517a46d79bc93ef559aa33b0,phase1_ofat,shots,1.583768499956932,3600951,,8,4,2,2,32,1024,0.0,0.0,0.0,automatic,1460865551,15,4,1024,4,2,2,"[3, 5]",True,0,2
237bc8a686e54012b686d4e1b6f3b1e0,phase1_ofat,shots,1.6129953999770805,3594041,,8,4,2,2,32,1024,0.0,0.0,0.0,automatic,1940811069,15,4,1024,4,2,2,"[3, 5]",True,0,2
f4f8ff87b803402c92dd2157f3bf2eea,phase1_ofat,shots,1.7939303000457585,3592247,,8,4,2,2,32,1024,0.0,0.0,0.0,automatic,1080258920,15,4,1024,4,2,2,"[3, 5]",True,0,2
aff19dc2114441cf9f0c0bee46739d03,phase1_ofat,shots,1.5516230999492109,454047,,8,4,2,2,32,1024,0.0,0.0,0.0,automatic,600313402,15,4,1024,4,2,2,"[3, 5]",True,0,2
8135dcb31f944d3f893e74fd921923da,phase1_ofat,shots,1.5444084000191651,449496,,8,4,2,2,32,1024,0.0,0.0,0.0,automatic,219706771,15,4,1024,4,2,2,"[3, 5]",True,0,2
5fd98c0fb8c34ef0a12234b1ca16a295,phase1_ofat,shots,1.6531961999717169,448287,,8,4,2,2,32,4096,0.0,0.0,0.0,automatic,1163834650,15,4,4096,4,2,2,"[3, 5]",True,1/2,2
7ba5a6f50916482fbb2943de6e7bb9ca,phase1_ofat,shots,1.8179461000254378,438050,,8,4,2,2,32,4096,0.0,0.0,0.0,automatic,783228019,15,4,4096,4,2,2,"[3, 5]",True,0,2
1ede872f42d544478f04396c3059caf7,phase1_ofat,shots,1.841048399975989,433254,,8,4,2,2,32,4096,0.0,0.0,0.0,automatic,303282501,15,4,4096,4,2,2,"[3, 5]",True,0,2
65026be65d0f41f98a90fbb03c783e9f,phase1_ofat,shots,1.8169256000546739,433889,,8,4,2,2,32,4096,0.0,0.0,0.0,automatic,2070159518,15,4,4096,4,2,2,"[3, 5]",True,0,2
9107930390ac4f1ea53d923d6d4a04e0,phase1_ofat,shots,1.7975668999715708,435553,,8,4,2,2,32,4096,0.0,0.0,0.0,automatic,1590214000,15,4,4096,4,2,2,"[3, 5]",True,0,2
3e39e393f8494dfdaf179ba4d9aa3ee2,phase1_ofat,shots,1.9881553000304848,431706,,8,4,2,2,32,16384,0.0,0.0,0.0,automatic,767238203,15,4,16384,4,2,2,"[3, 5]",True,1/2,2
9cbc3ab69fdb4603bc081c0d0fe537c0,phase1_ofat,shots,1.9125174999935552,430382,,8,4,2,2,32,16384,0.0,0.0,0.0,automatic,386631572,15,4,16384,4,2,2,"[3, 5]",True,0,2
1f555454d7ca4a3192f8479ae0d358e8,phase1_ofat,shots,2.099518699978944,431341,,8,4,2,2,32,16384,0.0,0.0,0.0,automatic,2054169702,15,4,16384,4,2,2,"[3, 5]",True,1/2,2
d3d83521aae54a1091b1c8954b2523fc,phase1_ofat,shots,1.8646779000409879,428080,,8,4,2,2,32,16384,0.0,0.0,0.0,automatic,1292956440,15,4,16384,4,2,2,"[3, 5]",True,0,2
0f479dbff4c34acca19804bd3c79dfb3,phase1_ofat,shots,2.0599454999901354,430121,,8,4,2,2,32,16384,0.0,0.0,0.0,automatic,1673563071,15,4,16384,4,2,2,"[3, 5]",True,1/2,2
c75f80e14b4e46dabcbd40a98fd041ce,phase1_ofat,shots,2.6453104999964125,638712,,8,4,2,2,32,16,0.0,0.0,0.0,automatic,1841945070,21,8,16,5,2,2,"[3, 7]",True,0,2
ecb035da4913440fae3cc476c71f888c,phase1_ofat,shots,2.532114800007548,633765,,8,4,2,2,32,16,0.0,0.0,0.0,automatic,1361999552,21,8,16,5,2,2,"[3, 7]",True,0,2
7ae9e1c439a94f83b488ad8d6eec2698,phase1_ofat,shots,2.564869499998167,634665,,8,4,2,2,32,16,0.0,0.0,0.0,automatic,981392921,21,8,16,5,2,2,"[3, 7]",True,1/2,2
025de058dab742588b429b2c7bee8082,phase1_ofat,shots,2.1845207999576814,600620,,8,4,2,2,32,16,0.0,0.0,0.0,automatic,600786290,21,8,16,5,2,2,"[3, 7]",True,1/2,2
2449f51ba4ee40fea35221d9f0b6d34e,phase1_ofat,shots,2.1286800999660045,603026,,8,4,2,2,32,16,0.0,0.0,0.0,automatic,120840772,21,8,16,5,2,2,"[3, 7]",True,1/2,2
5d69dbc5f9e64af0b7cdfe3378b0361e,phase1_ofat,shots,2.2272383999661542,601585,,8,4,2,2,32,64,0.0,0.0,0.0,automatic,722507246,21,8,64,5,2,2,"[3, 7]",True,0,2
9dbf74e671d74e0fa34ef97c80bbfbf9,phase1_ofat,shots,1.993100300023798,625005,,8,4,2,2,32,64,0.0,0.0,0.0,automatic,242561728,21,8,64,5,2,2,"[3, 7]",True,1/2,2
363c7550275243a58961281c31a8e001,phase1_ofat,shots,1.980169599992223,625291,,8,4,2,2,32,64,0.0,0.0,0.0,automatic,2009438745,21,8,64,5,2,2,"[3, 7]",True,0,2
9d800c403ca94e9f9987fc079374a83f,phase1_ofat,shots,1.9009790000272915,627719,,8,4,2,2,32,64,0.0,0.0,0.0,automatic,1529493227,21,8,64,5,2,2,"[3, 7]",True,0,2
05c23ddffbb24ffc8c93fd9f85c22a7a,phase1_ofat,shots,2.1464298000209965,624333,,8,4,2,2,32,64,0.0,0.0,0.0,automatic,1148886596,21,8,64,5,2,2,"[3, 7]",True,0,2
d057798fc27746f6b19fdeb15b3ab604,phase1_ofat,shots,2.1420717000146396,626772,,8,4,2,2,32,256,0.0,0.0,0.0,automatic,1745948739,21,8,256,5,2,2,"[3, 7]",True,1/2,2
741e8a0199f0443384cb4321093fb87b,phase1_ofat,shots,2.2555638000485487,626649,,8,4,2,2,32,256,0.0,0.0,0.0,automatic,2126555370,21,8,256,5,2,2,"[3, 7]",True,0,2
91510fb3b8f649b684e45851f84f44f1,phase1_ofat,shots,2.4841191999730654,631123,,8,4,2,2,32,256,0.0,0.0,0.0,automatic,1365342108,21,8,256,5,2,2,"[3, 7]",True,0,2
be312fcc69614a62808352396feb6f35,phase1_ofat,shots,2.5379850000026636,625508,,8,4,2,2,32,256,0.0,0.0,0.0,automatic,885396590,21,8,256,5,2,2,"[3, 7]",True,0,2
e26eff65048a4cf6ae764f7d1c40968e,phase1_ofat,shots,2.5471824999549426,624455,,8,4,2,2,32,256,0.0,0.0,0.0,automatic,504789959,21,8,256,5,2,2,"[3, 7]",True,1/2,2
8f60b423a54d49f2b3fdc38e28e2e595,phase1_ofat,shots,2.443341300007887,626261,,8,4,2,2,32,1024,0.0,0.0,0.0,automatic,1962212545,21,8,1024,5,2,2,"[3, 7]",True,1/2,2
1634df271ae34ffca8046462c6152a6c,phase1_ofat,shots,2.4583196999737993,624215,,8,4,2,2,32,1024,0.0,0.0,0.0,automatic,1482267027,21,8,1024,5,2,2,"[3, 7]",True,1/2,2
c3b2d056cd3b4b618d388855967d5c97,phase1_ofat,shots,2.4254125999868847,624572,,8,4,2,2,32,1024,0.0,0.0,0.0,automatic,1101660396,21,8,1024,5,2,2,"[3, 7]",True,0,2
42ceed6a7cb44aeca3f9428b6779d369,phase1_ofat,shots,2.2232757000019774,626685,,8,4,2,2,32,1024,0.0,0.0,0.0,automatic,621714878,21,8,1024,5,2,2,"[3, 7]",True,0,2
f35d54320b624067aff3877a787e7241,phase1_ofat,shots,2.2341076000011526,625615,,8,4,2,2,32,1024,0.0,0.0,0.0,automatic,241108247,21,8,1024,5,2,2,"[3, 7]",True,1/2,2
754cf57cfac34fe39e8ca7bdaa562a57,phase1_ofat,shots,2.2770906999940053,626233,,8,4,2,2,32,4096,0.0,0.0,0.0,automatic,2060361099,21,8,4096,5,2,2,"[3, 7]",True,1/2,2
79c26390bb1b4ead87eeae6fb64fde2b,phase1_ofat,shots,2.1682024999754503,629766,,8,4,2,2,32,4096,0.0,0.0,0.0,automatic,1580415581,21,8,4096,5,2,2,"[3, 7]",True,1/2,2
bbd973d879b0451a87f596be425e7307,phase1_ofat,shots,2.2186938000377268,625517,,8,4,2,2,32,4096,0.0,0.0,0.0,automatic,1199808950,21,8,4096,5,2,2,"[3, 7]",True,1/2,2
8fb768e0fb3644f1b0b3fc7e48a978d3,phase1_ofat,shots,2.2171441999962553,624345,,8,4,2,2,32,4096,0.0,0.0,0.0,automatic,819202319,21,8,4096,5,2,2,"[3, 7]",True,1/2,2
79946bc75aa144cc92f8a429cd169909,phase1_ofat,shots,2.8513776999898255,630782,,8,4,2,2,32,4096,0.0,0.0,0.0,automatic,339256801,21,8,4096,5,2,2,"[3, 7]",True,1/2,2
7287d8edc7d04bcb83d202e869d37a0b,phase1_ofat,shots,3.0362449000240304,624255,,8,4,2,2,32,16384,0.0,0.0,0.0,automatic,35039703,21,8,16384,5,2,2,"[3, 7]",True,0,2
f102a1534a7e435da673ed2bcf0606f7,phase1_ofat,shots,2.959455900010653,623889,,8,4,2,2,32,16384,0.0,0.0,0.0,automatic,1702577833,21,8,16384,5,2,2,"[3, 7]",True,1/2,2
a965156c2a174533a360926e28aa1ea2,phase1_ofat,shots,2.7080228999839164,625736,,8,4,2,2,32,16384,0.0,0.0,0.0,automatic,1321971202,21,8,16384,5,2,2,"[3, 7]",True,0,2
108c11935517410fb918e9098fe66786,phase1_ofat,shots,2.710465700016357,625853,,8,4,2,2,32,16384,0.0,0.0,0.0,automatic,461419053,21,8,16384,5,2,2,"[3, 7]",True,1/2,2
8fee074731df4d5aa16be4063e651a92,phase1_ofat,shots,2.815387299982831,624513,,8,4,2,2,32,16384,0.0,0.0,0.0,automatic,842025684,21,8,16384,5,2,2,"[3, 7]",True,0,2
f555be52ef14467296d54adead922744,phase1_ofat,shots,15.279240100004245,826551,,8,4,2,2,32,16,0.0,0.0,0.0,automatic,54567406,21,19,16,5,6,6,"[3, 7]",True,171/256,1
fb1db12955ad4b96b156da80cca2dedc,phase1_ofat,shots,15.601009999983944,820736,,8,4,2,2,32,16,0.0,0.0,0.0,automatic,1341498905,21,19,16,5,6,6,"[3, 7]",True,0,1
ce8f4737028549b5ac4fe94475cb4710,phase1_ofat,shots,15.763909399975091,820752,,8,4,2,2,32,16,0.0,0.0,0.0,automatic,1722105536,21,19,16,5,6,6,"[3, 7]",True,85/256,1
81ed41d306ef43ac802263f2085f34ed,phase1_ofat,shots,15.597075500001665,823470,,8,4,2,2,32,16,0.0,0.0,0.0,automatic,960892274,21,19,16,5,6,6,"[3, 7]",True,0,2
7c5c3cf71aaf46179032374a98cb2871,phase1_ofat,shots,15.504683099978138,820614,,8,4,2,2,32,16,0.0,0.0,0.0,automatic,480946756,21,19,16,5,6,6,"[3, 7]",True,1/2,2
096ea94f70794af2b6a25729cec407cc,phase1_ofat,shots,15.541559699981008,820686,,8,4,2,2,32,64,0.0,0.0,0.0,automatic,1082613230,21,19,64,5,6,6,"[3, 7]",True,0,1
a62e7cbbb3854d538e4116e97b02ace6,phase1_ofat,shots,14.450878000003286,824757,,8,4,2,2,32,64,0.0,0.0,0.0,automatic,602667712,21,19,64,5,6,6,"[3, 7]",True,1/2,2
5f1e05fad6234260a3b2a43c2714331e,phase1_ofat,shots,14.793982799979858,822111,,8,4,2,2,32,64,0.0,0.0,0.0,automatic,222061081,21,19,64,5,6,6,"[3, 7]",True,0,2
45fdca32551948ad9d544dc6992a6041,phase1_ofat,shots,15.001463100023102,822189,,8,4,2,2,32,64,0.0,0.0,0.0,automatic,1889599211,21,19,64,5,6,6,"[3, 7]",True,0,2
f6c20faa3dbf49aa98e8e22e66eb9b87,phase1_ofat,shots,13.008368699986022,827464,,8,4,2,2,32,64,0.0,0.0,0.0,automatic,1508992580,21,19,64,5,6,6,"[3, 7]",True,0,2
5f8ab0ce047e40f7a5a9e92e6b9693c9,phase1_ofat,shots,13.074410200002603,822097,,8,4,2,2,32,256,0.0,0.0,0.0,automatic,339177706,21,19,256,5,6,6,"[3, 7]",True,0,2
a56b0d609bea42f3bd6047ff44bba819,phase1_ofat,shots,13.095073500007857,824465,,8,4,2,2,32,256,0.0,0.0,0.0,automatic,2106054723,21,19,256,5,6,6,"[3, 7]",True,1/2,1
703a9b5157bd4753a98b824a24b8979a,phase1_ofat,shots,12.82301340001868,824360,,8,4,2,2,32,256,0.0,0.0,0.0,automatic,1626109205,21,19,256,5,6,6,"[3, 7]",True,0,2
8cb04a05516b433299841a820e7fe5e0,phase1_ofat,shots,12.817335800034925,822621,,8,4,2,2,32,256,0.0,0.0,0.0,automatic,1245502574,21,19,256,5,6,6,"[3, 7]",True,0,1
f52042877ff5452783b2a6baa807da92,phase1_ofat,shots,12.755630500032566,823378,,8,4,2,2,32,256,0.0,0.0,0.0,automatic,864895943,21,19,256,5,6,6,"[3, 7]",True,1/2,2
2d598b3dbb2944f3981a5f0044c890ad,phase1_ofat,shots,13.258825300028548,3958186,,8,4,2,2,32,1024,0.0,0.0,0.0,automatic,980155731,21,19,1024,5,6,6,"[3, 7]",True,1/2,2
91931a47a56740b285b7fcfb96aa8105,phase1_ofat,shots,13.294976099976338,3958711,,8,4,2,2,32,1024,0.0,0.0,0.0,automatic,599549100,21,19,1024,5,6,6,"[3, 7]",True,1/2,2
f4cca2923b614af799fc34f470b1c4a8,phase1_ofat,shots,13.989707499975339,3957847,,8,4,2,2,32,1024,0.0,0.0,0.0,automatic,119603582,21,19,1024,5,6,6,"[3, 7]",True,1/2,2
6c8d6b92513d4f1fa8220464808b5751,phase1_ofat,shots,8.24440239998512,823957,,8,4,2,2,32,1024,0.0,0.0,0.0,automatic,1406535081,21,19,1024,5,6,6,"[3, 7]",True,0,2
a60e71bd9c6e49bb947a3e67c882aac0,phase1_ofat,shots,8.31466770003317,823361,,8,4,2,2,32,1024,0.0,0.0,0.0,automatic,1886480599,21,19,1024,5,6,6,"[3, 7]",True,0,2
ec6fd77b370c49e2ab91346de4bc2737,phase1_ofat,shots,8.314918699965347,823447,,8,4,2,2,32,4096,0.0,0.0,0.0,automatic,272983435,21,19,4096,5,6,6,"[3, 7]",True,1/2,2
5563caaabb59412d92f700e2b46d09b5,phase1_ofat,shots,9.125106399995275,823044,,8,4,2,2,32,4096,0.0,0.0,0.0,automatic,1559914934,21,19,4096,5,6,6,"[3, 7]",True,1/2,2
3df851290e174958a175a56e47bd580b,phase1_ofat,shots,9.170042700017802,822163,,8,4,2,2,32,4096,0.0,0.0,0.0,automatic,1940521565,21,19,4096,5,6,6,"[3, 7]",True,0,2
7177d4b8756945b5a99b2040ec08282a,phase1_ofat,shots,9.517053699993994,820949,,8,4,2,2,32,4096,0.0,0.0,0.0,automatic,1179308303,21,19,4096,5,6,6,"[3, 7]",True,0,2
62a4de8f679c42ee9a184cf08685b7c9,phase1_ofat,shots,8.915860699955374,829606,,8,4,2,2,32,4096,0.0,0.0,0.0,automatic,699362785,21,19,4096,5,6,6,"[3, 7]",True,1/2,2
b74492e056244fb38ba36907c47eea19,phase1_ofat,shots,9.109249699977227,827334,,8,4,2,2,32,16384,0.0,0.0,0.0,automatic,1148745663,21,19,16384,5,6,6,"[3, 7]",True,0,2
22003344e302441cbd1e8dfc5b5e593c,phase1_ofat,shots,9.243235200003255,827658,,8,4,2,2,32,16384,0.0,0.0,0.0,automatic,768139032,21,19,16384,5,6,6,"[3, 7]",True,1/2,2
be67ef7d6507421cb6c1f2608973e27c,phase1_ofat,shots,10.236932700034231,826276,,8,4,2,2,32,16384,0.0,0.0,0.0,automatic,288193514,21,19,16384,5,6,6,"[3, 7]",True,0,2
7f442b0b54284afeb22e7c88fbcfe03d,phase1_ofat,shots,10.279289399972185,824146,,8,4,2,2,32,16384,0.0,0.0,0.0,automatic,2055070531,21,19,16384,5,6,6,"[3, 7]",True,0,2
a21ad97a75a04f1c84173d923a8589a2,phase1_ofat,shots,9.983230299956631,824968,,8,4,2,2,32,16384,0.0,0.0,0.0,automatic,1674463900,21,19,16384,5,6,6,"[3, 7]",True,1/2,2
