trial_id,phase,param_swept,runtime_seconds,peak_memory_bytes,error,spec_total_precision,spec_window_size,spec_overlap,spec_candidate_count,spec_max_paths,spec_shots,spec_noise_1q,spec_noise_2q,spec_noise_ro,spec_simulator_method,spec_seed,spec_N,spec_a,spec_sweep_value,spec_pair_work_qubits,spec_true_order,result_order,result_factors,result_success,result_best_phase,result_num_candidates,source_csv,spec_level_1q,spec_level_2q,spec_level_ro,failure_category
37fdabe140fb48d2bd0df5f2439ec325,phase2_noise_single,noise_1q,20.07747100002598,1163159,,8,4,2,2,32,2048,0.1,0.0,0.0,automatic,1098957583,21,19,0.1,5.0,6.0,,,False,3/4,1,phase2_noise_single,,,,noise_sensitivity
fc963e447a2e47a59cfe5c1893adb553,phase2_noise_single,noise_1q,19.97231050004484,1165525,,8,4,2,2,32,2048,0.2,0.0,0.0,automatic,1982697436,21,19,0.2,5.0,6.0,,,False,,0,phase2_noise_single,,,,noise_sensitivity
94f3a735cb5948d7acc4f06bcdf35b50,phase2_noise_single,noise_1q,21.010588700009976,1163089,,8,4,2,2,32,2048,0.3,0.0,0.0,automatic,2001103597,21,19,0.3,5.0,6.0,,,False,,0,phase2_noise_single,,,,noise_sensitivity
1392af9b24dd4168a100fc6df8904d87,phase2_noise_single,noise_1q,22.034009099996183,1021190,,8,4,2,2,32,2048,0.3,0.0,0.0,automatic,1140551448,21,19,0.3,5.0,6.0,,,False,,0,phase2_noise_single,,,,noise_sensitivity
05c61ada781c4d328e8a2a97e0207eec,phase2_noise_single,noise_2q,24.4760928999749,1236829,,8,4,2,2,32,2048,0.0,0.1,0.0,automatic,1387784433,21,19,0.1,5.0,6.0,,,False,,0,phase2_noise_single,,,,noise_sensitivity
b37cda65dc43481caee2a21416b422a9,phase2_noise_combined,combined,17.324230999976862,2011938,,8,4,2,2,32,2048,0.0,0.2,0.0,automatic,1494830538,21,19,,5.0,6.0,,,False,,0,phase2_noise_combined,none,high,none,noise_sensitivity
05003137c5c64060a63af3f2a4ed9ea4,phase2_noise_combined,combined,16.87782170000719,1112652,,8,4,2,2,32,2048,0.0,0.2,0.05,automatic,2001553946,21,19,,5.0,6.0,,,False,,0,phase2_noise_combined,none,high,med,noise_sensitivity
270f9ed4701a459f9d05941d1bc37717,phase2_noise_combined,combined,16.787341799994465,1112717,,8,4,2,2,32,2048,0.0,0.2,0.05,automatic,1141001797,21,19,,5.0,6.0,,,False,,0,phase2_noise_combined,none,high,med,noise_sensitivity
8aa9300b3aef47aeb01ad1b040c534c7,phase2_noise_combined,combined,16.934126699983608,1245714,,8,4,2,2,32,2048,0.0,0.2,0.2,automatic,717255231,21,19,,5.0,6.0,,,False,,0,phase2_noise_combined,none,high,high,noise_sensitivity
7c9577dd470441a899d5492b82623793,phase2_noise_combined,combined,16.84421559999464,1241797,,8,4,2,2,32,2048,0.0,0.2,0.2,automatic,2004186730,21,19,,5.0,6.0,,,False,,0,phase2_noise_combined,none,high,high,noise_sensitivity
9a760d6bd9d647f8b9a77809f9ecd737,phase2_noise_combined,combined,15.98090179997962,1164406,,8,4,2,2,32,2048,0.05,0.0,0.05,automatic,352906921,21,19,,5.0,6.0,,,False,,0,phase2_noise_combined,med,none,med,noise_sensitivity
1f46ee4167324390b0201832afc1ae07,phase2_noise_combined,combined,23.223680900002364,1159301,,8,4,2,2,32,2048,0.05,0.0,0.2,automatic,1749423377,21,19,,5.0,6.0,,,False,,0,phase2_noise_combined,med,none,high,noise_sensitivity
b8880e671ae34327a2900c5b4d7ca51f,phase2_noise_combined,combined,16.999566600017715,1233915,,8,4,2,2,32,2048,0.05,0.05,0.05,automatic,1811592615,21,19,,5.0,6.0,,,False,,0,phase2_noise_combined,med,med,med,noise_sensitivity
83f374be8de14f6d97f1295943be778d,phase2_noise_combined,combined,16.726410700008273,1229466,,8,4,2,2,32,2048,0.05,0.05,0.2,automatic,527293900,21,19,,5.0,6.0,,,False,,0,phase2_noise_combined,med,med,high,noise_sensitivity
9522d9f144ec4e3ab467587ef3ddd755,phase2_noise_combined,combined,16.623993999965023,1225244,,8,4,2,2,32,2048,0.05,0.2,0.0,automatic,406702716,21,19,,5.0,6.0,,,False,,0,phase2_noise_combined,med,high,none,noise_sensitivity
ab669717a28c4cd382ced6176cba0381,phase2_noise_combined,combined,16.51977239997359,1228167,,8,4,2,2,32,2048,0.05,0.2,0.05,automatic,433480606,21,19,,5.0,6.0,,,False,,0,phase2_noise_combined,med,high,med,noise_sensitivity
76957e14a5e8435089efec907c540913,phase2_noise_combined,combined,16.98007960000541,1223683,,8,4,2,2,32,2048,0.05,0.2,0.2,automatic,1998092871,21,19,,5.0,6.0,,,False,,0,phase2_noise_combined,med,high,high,noise_sensitivity
0993f055106c4d49923fe8beeccb7e7d,phase2_noise_combined,combined,16.988346999976784,1225065,,8,4,2,2,32,2048,0.05,0.2,0.2,automatic,1137540722,21,19,,5.0,6.0,,,False,,0,phase2_noise_combined,med,high,high,noise_sensitivity
0460a7d8eef244fd819e344a400422b8,phase2_noise_combined,combined,16.64350900001591,1153802,,8,4,2,2,32,2048,0.2,0.0,0.0,automatic,1805983218,21,19,,5.0,6.0,,,False,,0,phase2_noise_combined,high,none,none,noise_sensitivity
b7cdaf62abab44a28e63d7e775d7b5f6,phase2_noise_combined,combined,15.86206840001978,1154856,,8,4,2,2,32,2048,0.2,0.0,0.05,automatic,637555210,21,19,,5.0,6.0,,,False,,0,phase2_noise_combined,high,none,med,noise_sensitivity
7f0a1327503f4b5199e7a921d449774b,phase2_noise_combined,combined,16.20431030000327,1166502,,8,4,2,2,32,2048,0.2,0.0,0.2,automatic,647801280,21,19,,5.0,6.0,,,False,,0,phase2_noise_combined,high,none,high,noise_sensitivity
76a013eab0f94f18b73eaf8cf375c1bd,phase2_noise_combined,combined,16.823129999975208,1238116,,8,4,2,2,32,2048,0.2,0.05,0.05,automatic,1221115931,21,19,,5.0,6.0,,,False,,0,phase2_noise_combined,high,med,med,noise_sensitivity
db985dd16e8945b0a236ec93ca8db573,phase2_noise_combined,combined,16.865017199947033,1225844,,8,4,2,2,32,2048,0.2,0.05,0.2,automatic,370809852,21,19,,5.0,6.0,,,False,,0,phase2_noise_combined,high,med,high,noise_sensitivity
7029f0d8f85a40d58f9bb4b7b0a8089d,phase2_noise_combined,combined,17.212915699987207,1224127,,8,4,2,2,32,2048,0.2,0.2,0.0,automatic,913889533,21,19,,5.0,6.0,,,False,,0,phase2_noise_combined,high,high,none,noise_sensitivity
c9d82e0094ab41eaaf625d03288d9e89,phase2_noise_combined,combined,17.484168099996168,1992936,,8,4,2,2,32,2048,0.2,0.2,0.2,automatic,627264029,21,19,,5.0,6.0,,,False,,0,phase2_noise_combined,high,high,high,noise_sensitivity
062ef97a1dee4f78b4ab7c514e1f959c,phase1b_combined_stress,combined,8.530623200000264,951489,,16,4,0,2,1,4,0.0,0.0,0.0,automatic,95290104,21,19,,,,,,False,11/16,1,phase1b_combined_stress,,,,quantum_estimation_shot_limited
0c676861b8544a0c89bcaed84ad7a119,phase1b_combined_stress,combined,14.020693900005426,951395,,16,4,0,1,1,8,0.0,0.0,0.0,automatic,1394873479,21,19,,,,,,False,5/16,1,phase1b_combined_stress,,,,quantum_estimation_shot_limited
0fe7f348a5204ec1acfd612342670150,phase1b_combined_stress,combined,71.02157290000468,3086020,,24,4,3,1,1,4,0.0,0.0,0.0,automatic,82801252,21,19,,,,,,False,,0,phase1b_combined_stress,,,,quantum_estimation_shot_limited
18baf459c0b0433f96f067b9e1003180,phase1b_combined_stress,combined,7.981920200000104,946700,,16,4,0,2,2,8,0.0,0.0,0.0,automatic,470470343,21,19,,,,,,False,11/16,2,phase1b_combined_stress,,,,quantum_estimation_shot_limited
1cb5b513575b482a8c298698416b8328,phase1b_combined_stress,combined,9.768208699999375,948347,,16,4,0,1,2,8,0.0,0.0,0.0,automatic,1755461106,21,19,,,,,,False,5/16,1,phase1b_combined_stress,,,,quantum_estimation_shot_limited
1ded4af45f89426f9bfa83a329988ce9,phase1b_combined_stress,combined,7.815380100000084,948815,,16,4,0,2,2,4,0.0,0.0,0.0,automatic,1010623098,21,19,,,,,,False,11/16,2,phase1b_combined_stress,,,,unknown
22ec3b91512e4e8a9dd1a1ea1a88b8f5,phase1b_combined_stress,combined,78.32624919997761,3089661,,24,4,3,1,1,8,0.0,0.0,0.0,automatic,835421233,21,19,,,,,,False,,0,phase1b_combined_stress,,,,quantum_estimation_shot_limited
2a441261624a47b2a55f588efd44f8ee,phase1b_combined_stress,combined,46.45854100002907,2098323,,16,4,3,1,1,8,0.0,0.0,0.0,automatic,22979808,21,19,,,,,,False,,0,phase1b_combined_stress,,,,quantum_estimation_shot_limited
2beb40801441442cbce046e5cfea32a3,phase1b_combined_stress,combined,77.17390960000921,3084888,,24,4,3,1,1,8,0.0,0.0,0.0,automatic,1216027864,21,19,,,,,,False,,0,phase1b_combined_stress,,,,unknown
2da4b3605d4946818d96d14f5e35af76,phase1b_combined_stress,combined,16.86864949995652,1452379,,32,4,0,1,2,16,0.0,0.0,0.0,automatic,1937266820,21,19,,,,,,False,13/16,1,phase1b_combined_stress,,,,quantum_estimation_shot_limited
337f269bfa614fccb3b774e79baddc39,phase1b_combined_stress,combined,8.46240580000449,808793,,16,4,0,1,2,4,0.0,0.0,0.0,automatic,227055039,21,19,,,,,,False,3/16,1,phase1b_combined_stress,,,,quantum_estimation_shot_limited
36e6abf0f9ad44fa8a2fe532e846cfff,phase1b_combined_stress,combined,27.454439099994488,1464960,,32,4,0,1,1,4,0.0,0.0,0.0,automatic,1782636199,21,19,,,,,,False,5/8,1,phase1b_combined_stress,,,,quantum_estimation_shot_limited
379252f59da04b70a2dfeda0e442d507,phase1b_combined_stress,combined,60.72206209995784,1843703,,24,4,3,1,1,16,0.0,0.0,0.0,automatic,755236827,21,19,,,,,,False,,0,phase1b_combined_stress,,,,quantum_estimation_shot_limited
437300fff9e24346bbfd73dc8d9a0574,phase1b_combined_stress,combined,27.587771499995146,1212697,,16,4,3,1,2,4,0.0,0.0,0.0,automatic,140427736,21,19,,,,,,False,,0,phase1b_combined_stress,,,,unknown
46879e6a07e54af68367256a08b6732f,phase1b_combined_stress,combined,43.47236940000016,6101746,,24,4,3,2,1,16,0.0,0.0,0.0,automatic,646347115,21,19,,,,,,False,,0,phase1b_combined_stress,,,,unknown
47789c1cf82749b58b1fe4ba81ba8e28,phase1b_combined_stress,combined,43.22682939999504,1840488,,24,4,3,2,1,8,0.0,0.0,0.0,automatic,242031372,21,19,,,,,,False,,0,phase1b_combined_stress,,,,quantum_estimation_shot_limited
4883c5cec34646edadd4a7fb46e2c9bb,phase1b_combined_stress,combined,46.954078799986746,2837454,,24,4,3,1,2,4,0.0,0.0,0.0,automatic,1395666629,21,19,,,,,,False,,0,phase1b_combined_stress,,,,unknown
491734747b5b486abf9719e4e497d3f8,phase1b_combined_stress,combined,28.6864607000025,1216046,,16,4,3,2,1,16,0.0,0.0,0.0,automatic,313851208,21,19,,,,,,False,,0,phase1b_combined_stress,,,,unknown
4bc8b152f5f94e2fb73c766128beff51,phase1b_combined_stress,combined,26.940524899982847,1107035,,16,4,3,1,2,4,0.0,0.0,0.0,automatic,1807965866,21,19,,,,,,False,,0,phase1b_combined_stress,,,,unknown
514758103f774977bc6a12480c5c0d5d,phase1b_combined_stress,combined,27.341021200001705,1454687,,32,4,0,1,1,16,0.0,0.0,0.0,automatic,1996099005,21,19,,,,,,False,11/16,1,phase1b_combined_stress,,,,unknown
5194fd1d4b074b369c6f3d5ff8c3cdf2,phase1b_combined_stress,combined,43.925470699963626,2832172,,24,4,3,1,2,16,0.0,0.0,0.0,automatic,1929950136,21,19,,,,,,False,,0,phase1b_combined_stress,,,,quantum_estimation_shot_limited
538933d47935494dbf59e45f18ce24fc,phase1b_combined_stress,combined,9.18676960002631,4111121,,16,4,0,1,2,16,0.0,0.0,0.0,automatic,761338546,21,19,,,,,,False,3/16,1,phase1b_combined_stress,,,,quantum_estimation_shot_limited
55b6a18c86dd4569b89846c0a8b2c77b,phase1b_combined_stress,combined,33.13404099998297,1109866,,16,4,3,2,1,16,0.0,0.0,0.0,automatic,1981389338,21,19,,,,,,False,,0,phase1b_combined_stress,,,,quantum_estimation_shot_limited
579b6d84bbe3499aa0c1f2c23e5dc36c,phase1b_combined_stress,combined,19.79308159998618,1451819,,32,4,0,1,2,8,0.0,0.0,0.0,automatic,388726277,21,19,,,,,,False,5/16,1,phase1b_combined_stress,,,,quantum_estimation_shot_limited
57a865047a7e432dbe4d3712c3547c8f,phase1b_combined_stress,combined,12.492677799949888,952213,,24,4,0,2,1,8,0.0,0.0,0.0,automatic,760986180,21,19,,,,,,False,11/16,1,phase1b_combined_stress,,,,quantum_estimation_shot_limited
60b1e04852764841a937d998807f1d5d,phase1b_combined_stress,combined,46.80349810002372,2567284,,24,4,3,1,2,4,0.0,0.0,0.0,automatic,1776273260,21,19,,,,,,False,,0,phase1b_combined_stress,,,,unknown
619949ee761a41ac8699d830b2155a3c,phase1b_combined_stress,combined,16.992715600004885,1455335,,32,4,0,1,2,16,0.0,0.0,0.0,automatic,1556660189,21,19,,,,,,False,5/16,1,phase1b_combined_stress,,,,quantum_estimation_shot_limited
6a5099f3f51a43a98b45fbb356fd2000,phase1b_combined_stress,combined,64.84360399999423,2097841,,24,4,3,1,1,16,0.0,0.0,0.0,automatic,1135843458,21,19,,,,,,False,,0,phase1b_combined_stress,,,,unknown
6bddf70f73194270b4e11e6a32c77e8f,phase1b_combined_stress,combined,73.09633189998567,4093417,,32,4,3,1,2,4,0.0,0.0,0.0,automatic,1689349355,21,19,,,,,,False,,0,phase1b_combined_stress,,,,unknown
6ffc30d0c3cc4c3e989a56dcdc5b9eb6,phase1b_combined_stress,combined,45.67343470000196,2079936,,16,4,3,1,1,16,0.0,0.0,0.0,automatic,323402033,21,19,,,,,,False,,0,phase1b_combined_stress,,,,quantum_estimation_shot_limited
713eaa5e7d8f4d9ea0078c599e1fad89,phase1b_combined_stress,combined,59.66607219999992,4095588,,32,4,3,2,2,4,0.0,0.0,0.0,automatic,1224799096,21,19,,,,,,False,,0,phase1b_combined_stress,,,,unknown_attribution_timeout
71a9e749a9284268b515ba3f3f357a6e,phase1b_combined_stress,combined,71.51707629999146,2830076,,24,4,3,1,1,4,0.0,0.0,0.0,automatic,562746770,21,19,,,,,,False,,0,phase1b_combined_stress,,,,quantum_estimation_shot_limited
77b85188a7444c7fb3f0963e78ae02a1,phase1b_combined_stress,combined,62.06284899997991,4084180,,32,4,3,1,2,16,0.0,0.0,0.0,automatic,76149214,21,19,,,,,,False,,0,phase1b_combined_stress,,,,quantum_estimation_shot_limited
781c30a67d314b898899efdd45dbc001,phase1b_combined_stress,combined,25.11535929999991,2089047,,16,4,3,2,2,4,0.0,0.0,0.0,automatic,1786213075,21,19,,,,,,False,,0,phase1b_combined_stress,,,,quantum_estimation_shot_limited
7821ceb80bc24d6b874f1c4ccef37ae0,phase1b_combined_stress,combined,49.83096680000017,3090475,,24,4,3,2,2,8,0.0,0.0,0.0,automatic,1639081933,21,19,,,,,,False,,0,phase1b_combined_stress,,,,quantum_estimation_shot_limited
7afc09a024ce49acbf27accd86b5d815,phase1b_combined_stress,combined,14.013062999991234,1198826,,24,4,0,1,2,8,0.0,0.0,0.0,automatic,381605702,21,19,,,,,,False,5/16,1,phase1b_combined_stress,,,,quantum_estimation_shot_limited
7e7d9ebc3ed440058c803e28ed655a92,phase1b_combined_stress,combined,12.979076999996323,4110098,,16,4,0,1,1,4,0.0,0.0,0.0,automatic,1161012197,21,19,,,,,,False,3/16,1,phase1b_combined_stress,,,,unknown
819c5c7db1ba410197824d126f761783,phase1b_combined_stress,combined,69.53208219999215,4108950,,32,4,3,1,2,8,0.0,0.0,0.0,automatic,675092319,21,19,,,,,,False,,0,phase1b_combined_stress,,,,quantum_estimation_shot_limited
84d8eaac106445e1b069487c73f2aad1,phase1b_combined_stress,combined,45.902966399968136,5221024,,16,4,3,1,1,4,0.0,0.0,0.0,automatic,169725157,21,19,,,,,,False,,0,phase1b_combined_stress,,,,unknown
84f2b0e8952c410b9d12538e2082e6f6,phase1b_combined_stress,combined,49.80856110000013,3086912,,24,4,3,2,2,8,0.0,0.0,0.0,automatic,2019688564,21,19,,,,,,False,,0,phase1b_combined_stress,,,,unknown
91ced5fe8eac4ef88cc737196f04fdca,phase1b_combined_stress,combined,17.49220849998528,1454337,,32,4,0,2,1,4,0.0,0.0,0.0,automatic,15486774,21,19,,,,,,False,5/8,1,phase1b_combined_stress,,,,quantum_estimation_shot_limited
93aa68f0ca4f438e878e0780575a9ccf,phase1b_combined_stress,combined,16.448684000002686,1089181,,32,4,0,2,1,8,0.0,0.0,0.0,automatic,249348056,21,19,,,,,,False,11/16,1,phase1b_combined_stress,,,,quantum_estimation_shot_limited
99c86bf06ce143cba102e974e8fb9a92,phase1b_combined_stress,combined,46.56456219998654,1584574,,16,4,3,1,1,16,0.0,0.0,0.0,automatic,2090279050,21,19,,,,,,False,,0,phase1b_combined_stress,,,,quantum_estimation_shot_limited
a0866fc54d814c949f3c91744c4e2853,phase1b_combined_stress,combined,44.87090129998978,1853024,,16,4,3,1,1,4,0.0,0.0,0.0,automatic,1936602174,21,19,,,,,,False,,0,phase1b_combined_stress,,,,unknown
a269fbf4ddc044fba35c1a69afbf3479,phase1b_combined_stress,combined,33.227613399969414,2084938,,16,4,3,1,2,8,0.0,0.0,0.0,automatic,1617112929,21,19,,,,,,False,,0,phase1b_combined_stress,,,,unknown
a3dcb42faf9b45169381f98977fb7a30,phase1b_combined_stress,combined,110.87268110003788,4093508,,32,4,3,1,1,4,0.0,0.0,0.0,automatic,1644288022,21,19,,,,,,False,,0,phase1b_combined_stress,,,,unknown
a586fdac037c4c8cb68d272e90331c35,phase1b_combined_stress,combined,61.854749399994034,4110092,,32,4,3,1,2,16,0.0,0.0,0.0,automatic,1843026231,21,19,,,,,,False,,0,phase1b_combined_stress,,,,quantum_estimation_shot_limited
a9d818544d744e1db38c420ac4eb84b2,phase1b_combined_stress,combined,35.44681139999989,1725511,,16,4,3,2,2,8,0.0,0.0,0.0,automatic,2051381170,21,19,,,,,,False,,0,phase1b_combined_stress,,,,quantum_estimation_shot_limited
ab6cc7935ae54e7bb1a1c89ae3739c9c,phase1b_combined_stress,combined,8.444419399951585,807177,,16,4,0,2,1,16,0.0,0.0,0.0,automatic,352860498,21,19,,,,,,False,3/16,1,phase1b_combined_stress,,,,quantum_estimation_shot_limited
b491105b6509421fa1d8ade4155d4fa1,phase1b_combined_stress,combined,13.87898999999743,951019,,16,4,0,1,1,8,0.0,0.0,0.0,automatic,1775480110,21,19,,,,,,False,11/16,1,phase1b_combined_stress,,,,unknown
b6bd88ef26654d02bb5fd88776618df3,phase1b_combined_stress,combined,53.77203370000007,3731946,,32,4,3,2,2,16,0.0,0.0,0.0,automatic,124516417,21,19,,,,,,False,,0,phase1b_combined_stress,,,,quantum_estimation_shot_limited
b87c7fcb7ada40e09ad1ac33057bf213,phase1b_combined_stress,combined,30.226400499988813,2083350,,16,4,3,1,2,8,0.0,0.0,0.0,automatic,1236506298,21,19,,,,,,False,,0,phase1b_combined_stress,,,,quantum_estimation_shot_limited
bfe36b5cb42541f99a1da678008997fe,phase1b_combined_stress,combined,104.51211609999882,3960128,,32,4,3,1,1,8,0.0,0.0,0.0,automatic,1129103959,21,19,,,,,,False,,0,phase1b_combined_stress,,,,quantum_estimation_shot_limited
c2400ac01e014245b40d7787a8f791bc,phase1b_combined_stress,combined,43.83689700003015,3091636,,24,4,3,1,2,16,0.0,0.0,0.0,automatic,1450004618,21,19,,,,,,False,,0,phase1b_combined_stress,,,,quantum_estimation_shot_limited
c25d68ab139f4b5694fb9e8bb8713960,phase1b_combined_stress,combined,30.408924699993804,5230358,,16,4,3,1,2,16,0.0,0.0,0.0,automatic,194765725,21,19,,,,,,False,,0,phase1b_combined_stress,,,,quantum_estimation_shot_limited
c26e5fc6a6794f92bd8adab47b9bda10,phase1b_combined_stress,combined,20.12098599999445,1084346,,24,4,0,1,1,4,0.0,0.0,0.0,automatic,1454694923,21,19,,,,,,False,3/16,1,phase1b_combined_stress,,,,unknown
cb27f4a296b84cb79ae0685223e373f1,phase1b_combined_stress,combined,50.51755659998162,3089541,,24,4,3,1,2,8,0.0,0.0,0.0,automatic,1530189024,21,19,,,,,,False,,0,phase1b_combined_stress,,,,unknown
cc803cfb0b9b49269b916f6e2be327ff,phase1b_combined_stress,combined,60.97252259997185,3731034,,32,4,3,2,1,4,0.0,0.0,0.0,automatic,781798334,21,19,,,,,,False,,0,phase1b_combined_stress,,,,quantum_estimation_shot_limited
cfb7bff29e1a4018a38f0964bfe02df2,phase1b_combined_stress,combined,61.05254979996244,3957950,,32,4,3,2,1,4,0.0,0.0,0.0,automatic,301852816,21,19,,,,,,False,,0,phase1b_combined_stress,,,,quantum_estimation_shot_limited
e027da464f1f423c8a30b6b9e9efffce,phase1b_combined_stress,combined,68.25333129998762,4093467,,32,4,3,1,2,8,0.0,0.0,0.0,automatic,294485688,21,19,,,,,,False,,0,phase1b_combined_stress,,,,quantum_estimation_shot_limited
e0d44b1beca849728664aa6a9440c431,phase1b_combined_stress,combined,15.68680560000007,4609725,,32,4,0,2,1,16,0.0,0.0,0.0,automatic,549770281,21,19,,,,,,False,3/16,1,phase1b_combined_stress,,,,quantum_estimation_shot_limited
e127f7c196014303835ec415e2bdf561,phase1b_combined_stress,combined,25.44454429999996,2091146,,16,4,3,2,2,4,0.0,0.0,0.0,automatic,118674945,21,19,,,,,,False,,0,phase1b_combined_stress,,,,quantum_estimation_shot_limited
e3bbfcc3339e4f888fde47f3d2ea34fe,phase1b_combined_stress,combined,12.642580899992026,1200587,,24,4,0,2,1,4,0.0,0.0,0.0,automatic,907731529,21,19,,,,,,False,13/16,1,phase1b_combined_stress,,,,quantum_estimation_shot_limited
e8a865463b934ee7b40a40c02cf55433,phase1b_combined_stress,combined,12.3939988000202,1061250,,24,4,0,1,2,4,0.0,0.0,0.0,automatic,147744420,21,19,,,,,,False,3/4,1,phase1b_combined_stress,,,,quantum_estimation_shot_limited
f265063681ed4737b7486d60f63b90c4,phase1b_combined_stress,combined,73.75023030000739,4085343,,32,4,3,1,2,4,0.0,0.0,0.0,automatic,21811225,21,19,,,,,,False,,0,phase1b_combined_stress,,,,quantum_estimation_shot_limited
f3bbe2be11834c2ea961c28960766e44,phase1b_combined_stress,combined,50.59302139998181,3091365,,24,4,3,1,2,8,0.0,0.0,0.0,automatic,2010134542,21,19,,,,,,False,,0,phase1b_combined_stress,,,,quantum_estimation_shot_limited
f6c474c9752c48bd97c0db4026375f95,phase1b_combined_stress,combined,42.43914080000013,1374854,,24,4,3,2,2,16,0.0,0.0,0.0,automatic,1939504158,21,19,,,,,,False,,0,phase1b_combined_stress,,,,quantum_estimation_shot_limited
f8f0acc437ef4b65917e43ab40e18b08,phase1b_combined_stress,combined,54.706416599976365,2089019,,16,4,3,1,1,8,0.0,0.0,0.0,automatic,403586439,21,19,,,,,,False,,0,phase1b_combined_stress,,,,quantum_estimation_shot_limited
facd0a764da441a48e2a2140919b2a3c,phase1b_combined_stress,combined,111.31328770000256,4085373,,32,4,3,1,1,4,0.0,0.0,0.0,automatic,1164342504,21,19,,,,,,False,,0,phase1b_combined_stress,,,,quantum_estimation_shot_limited
