delta_from_boundary,true_phase,seed,top1_share,second_share,ambiguous_by_0.9_threshold,winner,winner_disagreement_across_repeats
0.25,0.453125,1569804939,0.80615234375,0.090576171875,False,0111,False
0.25,0.453125,1189198308,0.82080078125,0.090087890625,False,0111,False
0.25,0.453125,709252790,0.809326171875,0.09130859375,False,0111,False
0.25,0.453125,328646159,0.80810546875,0.096923828125,False,0111,False
0.25,0.453125,1996184289,0.8154296875,0.093505859375,False,0111,False
0.25,0.453125,1615577658,0.808349609375,0.09033203125,False,0111,False
0.25,0.453125,1135632140,0.810302734375,0.093017578125,False,0111,False
0.25,0.453125,755025509,0.81103515625,0.091064453125,False,0111,False
0.25,0.453125,374418878,0.8173828125,0.092529296875,False,0111,False
0.25,0.453125,2041957008,0.809326171875,0.091552734375,False,0111,False
0.25,0.453125,1661350377,0.8115234375,0.093505859375,False,0111,False
0.25,0.453125,1181404859,0.8056640625,0.088623046875,False,0111,False
0.25,0.453125,800798228,0.818359375,0.080322265625,False,0111,False
0.25,0.453125,420191597,0.8076171875,0.088623046875,False,0111,False
0.25,0.453125,2087729727,0.821044921875,0.083984375,False,0111,False
0.25,0.453125,1707123096,0.80859375,0.096435546875,False,0111,False
0.25,0.453125,1227177578,0.812744140625,0.09326171875,False,0111,False
0.25,0.453125,846570947,0.813232421875,0.091064453125,False,0111,False
0.25,0.453125,366625429,0.802001953125,0.088623046875,False,0111,False
0.25,0.453125,2133502446,0.807373046875,0.08837890625,False,0111,False
0.1,0.4625,938690824,0.573486328125,0.25244140625,False,0111,False
0.1,0.4625,558084193,0.57275390625,0.2529296875,False,0111,False
0.1,0.4625,177477562,0.572509765625,0.256103515625,False,0111,False
0.1,0.4625,1845015692,0.5634765625,0.26123046875,False,0111,False
0.1,0.4625,1464409061,0.584228515625,0.2451171875,False,0111,False
0.1,0.4625,984463543,0.564697265625,0.244873046875,False,0111,False
0.1,0.4625,603856912,0.57080078125,0.25732421875,False,0111,False
0.1,0.4625,123911394,0.56787109375,0.25927734375,False,0111,False
0.1,0.4625,1890788411,0.569091796875,0.25537109375,False,0111,False
0.1,0.4625,1510181780,0.57421875,0.25732421875,False,0111,False
0.1,0.4625,1030236262,0.5693359375,0.26123046875,False,0111,False
0.1,0.4625,649629631,0.563720703125,0.263427734375,False,0111,False
0.1,0.4625,169684113,0.59765625,0.240234375,False,0111,False
0.1,0.4625,1936561130,0.572509765625,0.254150390625,False,0111,False
0.1,0.4625,1555954499,0.572265625,0.260498046875,False,0111,False
0.1,0.4625,1076008981,0.559814453125,0.262451171875,False,0111,False
0.1,0.4625,695402350,0.549072265625,0.263427734375,False,0111,False
0.1,0.4625,215456832,0.567626953125,0.248779296875,False,0111,False
0.1,0.4625,1982333849,0.5732421875,0.2578125,False,0111,False
0.1,0.4625,1502388331,0.577880859375,0.24658203125,False,0111,False
0.05,0.465625,20866287,0.48193359375,0.332275390625,False,0111,False
0.05,0.465625,1787743304,0.49609375,0.328369140625,False,0111,False
0.05,0.465625,1307797786,0.50439453125,0.306884765625,False,0111,False
0.05,0.465625,927191155,0.484375,0.330322265625,False,0111,False
0.05,0.465625,546584524,0.499755859375,0.322021484375,False,0111,False
0.05,0.465625,66639006,0.493896484375,0.320556640625,False,0111,False
0.05,0.465625,1833516023,0.484619140625,0.329833984375,False,0111,False
0.05,0.465625,1353570505,0.492919921875,0.32470703125,False,0111,False
0.05,0.465625,972963874,0.47998046875,0.323974609375,False,0111,False
0.05,0.465625,493018356,0.48828125,0.326171875,False,0111,False
0.05,0.465625,112411725,0.49365234375,0.318115234375,False,0111,False
0.05,0.465625,1879288742,0.48291015625,0.33447265625,False,0111,False
0.05,0.465625,1399343224,0.48681640625,0.333251953125,False,0111,False
0.05,0.465625,1018736593,0.509765625,0.3154296875,False,0111,False
0.05,0.465625,538791075,0.494384765625,0.3173828125,False,0111,False
0.05,0.465625,158184444,0.48388671875,0.328857421875,False,0111,False
0.05,0.465625,1825722574,0.478759765625,0.339111328125,False,0111,False
0.05,0.465625,1445115943,0.482666015625,0.3310546875,False,0111,False
0.05,0.465625,1064509312,0.49072265625,0.3291015625,False,0111,False
0.05,0.465625,584563794,0.490234375,0.3173828125,False,0111,False
0.02,0.4675,241674050,0.449951171875,0.3642578125,False,0111,False
0.02,0.4675,2008551067,0.4501953125,0.373779296875,False,0111,False
0.02,0.4675,1528605549,0.432373046875,0.376953125,False,0111,False
0.02,0.4675,1147998918,0.42919921875,0.37451171875,False,0111,False
0.02,0.4675,668053400,0.444091796875,0.361572265625,False,0111,False
0.02,0.4675,287446769,0.43798828125,0.38525390625,False,0111,False
0.02,0.4675,2054323786,0.440673828125,0.375,False,0111,False
0.02,0.4675,1574378268,0.424560546875,0.381103515625,False,0111,False
0.02,0.4675,1193771637,0.42919921875,0.373779296875,False,0111,False
0.02,0.4675,713826119,0.442138671875,0.365966796875,False,0111,False
0.02,0.4675,333219488,0.430419921875,0.37841796875,False,0111,False
0.02,0.4675,2000757618,0.4384765625,0.36962890625,False,0111,False
0.02,0.4675,1620150987,0.4384765625,0.375244140625,False,0111,False
0.02,0.4675,1239544356,0.44140625,0.3828125,False,0111,False
0.02,0.4675,759598838,0.44775390625,0.376708984375,False,0111,False
0.02,0.4675,378992207,0.44580078125,0.3759765625,False,0111,False
0.02,0.4675,2046530337,0.434814453125,0.382568359375,False,0111,False
0.02,0.4675,1665923706,0.427978515625,0.3818359375,False,0111,False
0.02,0.4675,1285317075,0.44189453125,0.364501953125,False,0111,False
0.02,0.4675,805371557,0.4287109375,0.37744140625,False,0111,False
0.01,0.468125,2040644509,0.41259765625,0.393798828125,True,0111,False
0.01,0.468125,1660037878,0.4267578125,0.37939453125,False,0111,False
0.01,0.468125,1180092360,0.4189453125,0.392578125,True,0111,False
0.01,0.468125,799485729,0.42578125,0.39208984375,True,0111,False
0.01,0.468125,418879098,0.431396484375,0.393310546875,True,0111,False
0.01,0.468125,2086417228,0.438232421875,0.385986328125,False,0111,False
0.01,0.468125,1705810597,0.416259765625,0.402587890625,True,0111,False
0.01,0.468125,1225865079,0.429443359375,0.39794921875,True,0111,False
0.01,0.468125,845258448,0.423828125,0.383056640625,True,0111,False
0.01,0.468125,365312930,0.4150390625,0.3955078125,True,0111,False
0.01,0.468125,2132189947,0.42236328125,0.39404296875,True,0111,False
0.01,0.468125,1751583316,0.416015625,0.39404296875,True,0111,False
0.01,0.468125,1271637798,0.423095703125,0.380615234375,False,0111,False
0.01,0.468125,891031167,0.42431640625,0.392333984375,True,0111,False
0.01,0.468125,411085649,0.425537109375,0.385009765625,True,0111,False
0.01,0.468125,30479018,0.425048828125,0.387451171875,True,0111,False
0.01,0.468125,1797356035,0.4130859375,0.39013671875,True,0111,False
0.01,0.468125,1317410517,0.41162109375,0.399169921875,True,0111,False
0.01,0.468125,936803886,0.42236328125,0.390625,True,0111,False
0.01,0.468125,456858368,0.4326171875,0.38330078125,False,0111,False
0.005,0.4684375,119513261,0.421875,0.39990234375,True,0111,True
0.005,0.4684375,1886390278,0.4091796875,0.3955078125,True,0111,True
0.005,0.4684375,1505783647,0.41162109375,0.39453125,True,0111,True
0.005,0.4684375,1025838129,0.414794921875,0.397705078125,True,0111,True
0.005,0.4684375,645231498,0.425048828125,0.40087890625,True,0111,True
0.005,0.4684375,165285980,0.41064453125,0.402587890625,True,0111,True
0.005,0.4684375,1932162997,0.414306640625,0.401611328125,True,0111,True
0.005,0.4684375,1551556366,0.412841796875,0.406494140625,True,0111,True
0.005,0.4684375,1071610848,0.422607421875,0.387451171875,True,0111,True
0.005,0.4684375,691004217,0.407470703125,0.405517578125,True,1000,True
0.005,0.4684375,211058699,0.4208984375,0.39892578125,True,0111,True
0.005,0.4684375,1977935716,0.405029296875,0.39306640625,True,0111,True
0.005,0.4684375,1497990198,0.414306640625,0.408935546875,True,0111,True
0.005,0.4684375,1117383567,0.419921875,0.39013671875,True,0111,True
0.005,0.4684375,736776936,0.41455078125,0.40576171875,True,0111,True
0.005,0.4684375,256831418,0.410400390625,0.406005859375,True,0111,True
0.005,0.4684375,2023708435,0.40478515625,0.400146484375,True,1000,True
0.005,0.4684375,1543762917,0.421875,0.397216796875,True,0111,True
0.005,0.4684375,1163156286,0.40673828125,0.393798828125,True,0111,True
0.005,0.4684375,683210768,0.41552734375,0.407470703125,True,0111,True
0.002,0.468625,1135827082,0.4150390625,0.3935546875,True,1000,True
0.002,0.468625,755220451,0.424560546875,0.402587890625,True,0111,True
0.002,0.468625,374613820,0.416259765625,0.400146484375,True,0111,True
0.002,0.468625,2042151950,0.42431640625,0.399169921875,True,0111,True
0.002,0.468625,1661545319,0.407470703125,0.400634765625,True,1000,True
0.002,0.468625,1181599801,0.418701171875,0.39599609375,True,0111,True
0.002,0.468625,800993170,0.416259765625,0.407958984375,True,1000,True
0.002,0.468625,321047652,0.41650390625,0.39599609375,True,0111,True
0.002,0.468625,2087924669,0.409912109375,0.406005859375,True,1000,True
0.002,0.468625,1707318038,0.412353515625,0.3974609375,True,0111,True
0.002,0.468625,1227372520,0.412841796875,0.405517578125,True,0111,True
0.002,0.468625,846765889,0.407958984375,0.403076171875,True,0111,True
0.002,0.468625,366820371,0.40869140625,0.39794921875,True,0111,True
0.002,0.468625,2133697388,0.4130859375,0.402099609375,True,0111,True
0.002,0.468625,1753090757,0.412841796875,0.403564453125,True,0111,True
0.002,0.468625,1273145239,0.406494140625,0.40625,True,0111,True
0.002,0.468625,892538608,0.415283203125,0.39599609375,True,0111,True
0.002,0.468625,412593090,0.4306640625,0.394287109375,True,0111,True
0.002,0.468625,31986459,0.41650390625,0.3984375,True,0111,True
0.002,0.468625,1699524589,0.41064453125,0.398193359375,True,0111,True
0.001,0.4686875,790515815,0.416015625,0.40380859375,True,0111,True
0.001,0.4686875,409909184,0.408203125,0.405029296875,True,0111,True
0.001,0.4686875,2077447314,0.411865234375,0.40576171875,True,0111,True
0.001,0.4686875,1696840683,0.4267578125,0.39404296875,True,0111,True
0.001,0.4686875,1216895165,0.41015625,0.39794921875,True,0111,True
0.001,0.4686875,836288534,0.402587890625,0.39404296875,True,0111,True
0.001,0.4686875,455681903,0.4072265625,0.406982421875,True,0111,True
0.001,0.4686875,2123220033,0.406494140625,0.394775390625,True,1000,True
0.001,0.4686875,1742613402,0.412841796875,0.4033203125,True,1000,True
0.001,0.4686875,1262667884,0.418701171875,0.4033203125,True,0111,True
0.001,0.4686875,882061253,0.421142578125,0.391357421875,True,1000,True
0.001,0.4686875,402115735,0.421142578125,0.400146484375,True,1000,True
0.001,0.4686875,21509104,0.409912109375,0.39892578125,True,0111,True
0.001,0.4686875,1788386121,0.4072265625,0.406982421875,True,0111,True
0.001,0.4686875,1308440603,0.406005859375,0.404052734375,True,1000,True
0.001,0.4686875,927833972,0.404296875,0.402587890625,True,0111,True
0.001,0.4686875,447888454,0.406494140625,0.4033203125,True,0111,True
0.001,0.4686875,67281823,0.407470703125,0.400390625,True,0111,True
0.001,0.4686875,1734819953,0.41552734375,0.40185546875,True,1000,True
0.001,0.4686875,1354213322,0.412109375,0.400146484375,True,1000,True
0.0,0.46875,397586535,0.40185546875,0.399658203125,True,1000,True
0.0,0.46875,16979904,0.412353515625,0.39990234375,True,1000,True
0.0,0.46875,1684518034,0.415283203125,0.40478515625,True,0111,True
0.0,0.46875,1303911403,0.4208984375,0.407958984375,True,0111,True
0.0,0.46875,923304772,0.413330078125,0.404296875,True,1000,True
0.0,0.46875,443359254,0.416748046875,0.396484375,True,0111,True
0.0,0.46875,62752623,0.41357421875,0.401611328125,True,0111,True
0.0,0.46875,1730290753,0.4130859375,0.40185546875,True,1000,True
0.0,0.46875,1349684122,0.410400390625,0.40087890625,True,0111,True
0.0,0.46875,869738604,0.413818359375,0.412841796875,True,1000,True
0.0,0.46875,489131973,0.4091796875,0.402587890625,True,0111,True
0.0,0.46875,108525342,0.408935546875,0.4052734375,True,0111,True
0.0,0.46875,1776063472,0.419677734375,0.395751953125,True,1000,True
0.0,0.46875,1395456841,0.41015625,0.39990234375,True,1000,True
0.0,0.46875,915511323,0.421630859375,0.396728515625,True,1000,True
0.0,0.46875,534904692,0.420654296875,0.397705078125,True,0111,True
0.0,0.46875,54959174,0.4150390625,0.403564453125,True,0111,True
0.0,0.46875,1821836191,0.41015625,0.404052734375,True,0111,True
0.0,0.46875,1441229560,0.404052734375,0.401123046875,True,0111,True
0.0,0.46875,961284042,0.41015625,0.39794921875,True,0111,True
