trial_id,phase,param_swept,runtime_seconds,peak_memory_bytes,error,spec_total_precision,spec_window_size,spec_overlap,spec_candidate_count,spec_max_paths,spec_shots,spec_noise_1q,spec_noise_2q,spec_noise_ro,spec_simulator_method,spec_seed,spec_N,spec_a,spec_level_1q,spec_level_2q,spec_level_ro,spec_pair_work_qubits,spec_true_order,result_order,result_factors,result_success,result_best_phase,result_num_candidates
de66151911f840e4906484d8a0c04204,phase2_noise_combined,combined,1.671626799972728,3601151,,8,4,2,2,32,2048,0.0,0.0,0.0,automatic,293530478,15,4,none,none,none,4,2,2.0,"[3, 5]",True,1/2,2
df4a4beb1e5a4181a62eeef2f16528ff,phase2_noise_combined,combined,1.7708237000042573,3595837,,8,4,2,2,32,2048,0.0,0.0,0.0,automatic,1580461977,15,4,none,none,none,4,2,2.0,"[3, 5]",True,0,2
2f0a7e88af374a379cfd7fa38da5c910,phase2_noise_combined,combined,1.787020299991127,3590062,,8,4,2,2,32,2048,0.0,0.0,0.0,automatic,2060407495,15,4,none,none,none,4,2,2.0,"[3, 5]",True,1/2,2
3a97efaeaa714e4096e59d07f60014db,phase2_noise_combined,combined,1.503944500000216,660338,,8,4,2,2,32,2048,0.0,0.0,0.0,automatic,384736077,21,8,none,none,none,5,2,2.0,"[3, 7]",True,0,2
688ef20971664f5a9b55edaa27820c0c,phase2_noise_combined,combined,1.4607184000196867,653052,,8,4,2,2,32,2048,0.0,0.0,0.0,automatic,1671667576,21,8,none,none,none,5,2,2.0,"[3, 7]",True,1/2,2
dc7d073b23844f7dbce445d4ea84f4d7,phase2_noise_combined,combined,1.5314578000106849,658362,,8,4,2,2,32,2048,0.0,0.0,0.0,automatic,2052274207,21,8,none,none,none,5,2,2.0,"[3, 7]",True,1/2,2
636d27a98c2640158d4d5fce8ea6dfaf,phase2_noise_combined,combined,6.9256671000039205,831633,,8,4,2,2,32,2048,0.0,0.0,0.0,automatic,744842061,21,19,none,none,none,5,6,6.0,"[3, 7]",True,0,2
ec251ed1a21844c7b4e9eda6f7896ddb,phase2_noise_combined,combined,6.808705999981612,826556,,8,4,2,2,32,2048,0.0,0.0,0.0,automatic,2031773560,21,19,none,none,none,5,6,6.0,"[3, 7]",True,1/2,2
c6fae35610cf4fa998d8e63531ce2630,phase2_noise_combined,combined,6.913691499968991,821390,,8,4,2,2,32,2048,0.0,0.0,0.0,automatic,264896543,21,19,none,none,none,5,6,6.0,"[3, 7]",True,0,2
73be9eb8bd624c8281624f9adbbd193b,phase2_noise_combined,combined,0.6374323000200093,359948,,8,4,2,2,32,2048,0.0,0.0,0.05,automatic,1069721875,15,4,none,none,med,4,2,2.0,"[3, 5]",True,0,4
e3783de74d824dcbb1fc241f3f542fc0,phase2_noise_combined,combined,0.6565412000054494,357218,,8,4,2,2,32,2048,0.0,0.0,0.05,automatic,689115244,15,4,none,none,med,4,2,2.0,"[3, 5]",True,0,4
920dd290be7c4e6492ad306a78eaba0b,phase2_noise_combined,combined,0.6493053999729455,358558,,8,4,2,2,32,2048,0.0,0.0,0.05,automatic,209169726,15,4,none,none,med,4,2,2.0,"[3, 5]",True,0,2
73bca6b115364423a704aa8899b4b72a,phase2_noise_combined,combined,1.1080086999572814,585792,,8,4,2,2,32,2048,0.0,0.0,0.05,automatic,507284315,21,8,none,none,med,5,2,2.0,"[3, 7]",True,0,4
0f2d9eeb81bb4fc1af889acae3c8de27,phase2_noise_combined,combined,1.0740491000469774,581768,,8,4,2,2,32,2048,0.0,0.0,0.05,automatic,126677684,21,8,none,none,med,5,2,2.0,"[3, 7]",True,1/2,4
dff415a82cbc467fa89425a4077e2b26,phase2_noise_combined,combined,1.073904399992898,583045,,8,4,2,2,32,2048,0.0,0.0,0.05,automatic,1794215814,21,8,none,none,med,5,2,2.0,"[3, 7]",True,1/2,2
5a37515b0bde41468d70b9a11ceb47e4,phase2_noise_combined,combined,7.705569600046147,1160070,,8,4,2,2,32,2048,0.0,0.0,0.05,automatic,867390299,21,19,none,none,med,5,6,6.0,"[3, 7]",True,0,2
6fc61f28ccab4ad8a9f2475464819a2b,phase2_noise_combined,combined,7.7880911999964155,1164529,,8,4,2,2,32,2048,0.0,0.0,0.05,automatic,486783668,21,19,none,none,med,5,6,6.0,"[3, 7]",True,0,2
6f764054af8149549e2e654cf0837ddf,phase2_noise_combined,combined,7.790624000015669,1159597,,8,4,2,2,32,2048,0.0,0.0,0.05,automatic,6838150,21,19,none,none,med,5,6,6.0,"[3, 7]",True,0,2
db6162648a6f4938bc7cc52eb304c3cc,phase2_noise_combined,combined,0.7309209000086412,332187,,8,4,2,2,32,2048,0.0,0.0,0.2,automatic,477511338,15,4,none,none,high,4,2,2.0,"[3, 5]",True,0,2
40150700a2f54e4a925a50062c42b929,phase2_noise_combined,combined,0.7254284999798983,327860,,8,4,2,2,32,2048,0.0,0.0,0.2,automatic,2145049468,15,4,none,none,high,4,2,2.0,"[3, 5]",True,0,2
ace1de18fb7141268aeb4ebe082972e8,phase2_noise_combined,combined,0.7249000000301749,331547,,8,4,2,2,32,2048,0.0,0.0,0.2,automatic,1764442837,15,4,none,none,high,4,2,2.0,"[3, 5]",True,0,2
532810bb59dc482286e1ce19df629173,phase2_noise_combined,combined,1.1430294000310823,582478,,8,4,2,2,32,2048,0.0,0.0,0.2,automatic,790198751,21,8,none,none,high,5,2,2.0,"[3, 7]",True,1/2,4
3ea38f0279de43948b84ff6185b655e6,phase2_noise_combined,combined,1.2097651999793015,584298,,8,4,2,2,32,2048,0.0,0.0,0.2,automatic,310253233,21,8,none,none,high,5,2,2.0,"[3, 7]",True,0,2
f378e022df90432ea7a4cded0c8fc998,phase2_noise_combined,combined,1.2230712000164203,582657,,8,4,2,2,32,2048,0.0,0.0,0.2,automatic,2077130250,21,8,none,none,high,5,2,2.0,"[3, 7]",True,0,4
596d61f9191b4336a3ba8253f3370e65,phase2_noise_combined,combined,7.939423599978909,1157077,,8,4,2,2,32,2048,0.0,0.0,0.2,automatic,1948012299,21,19,none,none,high,5,6,6.0,"[3, 7]",True,1/2,2
b98c4f00a1bc4e78b2338d83e54a36dc,phase2_noise_combined,combined,8.160807100008242,1158428,,8,4,2,2,32,2048,0.0,0.0,0.2,automatic,661080800,21,19,none,none,high,5,6,6.0,"[3, 7]",True,0,2
58a9ce4c30d94f38a0d9b83b79ebcb73,phase2_noise_combined,combined,8.020486499997787,1164460,,8,4,2,2,32,2048,0.0,0.0,0.2,automatic,181135282,21,19,none,none,high,5,6,6.0,"[3, 7]",True,1/2,2
84a2ca62b41d4ba298120828b03dcc5f,phase2_noise_combined,combined,0.6655298999976367,377342,,8,4,2,2,32,2048,0.0,0.05,0.0,automatic,2041070514,15,4,none,med,none,4,2,2.0,"[3, 5]",True,0,2
14857f9237ca490cb612720cdf1d7731,phase2_noise_combined,combined,0.6776966999750584,378370,,8,4,2,2,32,2048,0.0,0.05,0.0,automatic,1660463883,15,4,none,med,none,4,2,2.0,"[3, 5]",True,0,2
e1f3bf4e0e7e408c8db303b16782c7b9,phase2_noise_combined,combined,0.6729363999911584,379886,,8,4,2,2,32,2048,0.0,0.05,0.0,automatic,1180518365,15,4,none,med,none,4,2,2.0,"[3, 5]",True,0,2
7398663454bf48c0a53c069a88708cc4,phase2_noise_combined,combined,1.5827015999821015,598400,,8,4,2,2,32,2048,0.0,0.05,0.0,automatic,1543713291,21,8,none,med,none,5,2,2.0,"[3, 7]",True,0,2
0b825f996eb6401a836d03ee91530ae0,phase2_noise_combined,combined,1.6189225999987684,599252,,8,4,2,2,32,2048,0.0,0.05,0.0,automatic,1163106660,21,8,none,med,none,5,2,2.0,"[3, 7]",True,0,2
f7ddaeec885e4cc0a7ff8fa9b5127c87,phase2_noise_combined,combined,1.68025720003061,607959,,8,4,2,2,32,2048,0.0,0.05,0.0,automatic,782500029,21,8,none,med,none,5,2,2.0,"[3, 7]",True,0,2
0462db5065e14f45b2cea67731d16b27,phase2_noise_combined,combined,16.95971650001593,1237232,,8,4,2,2,32,2048,0.0,0.05,0.0,automatic,1903819275,21,19,none,med,none,5,6,6.0,"[3, 7]",True,0,4
23a337624c8140c7bcd0700e3b3034ed,phase2_noise_combined,combined,16.9607286999817,1240100,,8,4,2,2,32,2048,0.0,0.05,0.0,automatic,1523212644,21,19,none,med,none,5,6,6.0,"[3, 7]",True,0,2
45839097c26f4541a1fd79c36fab60b0,phase2_noise_combined,combined,16.98037140001543,1241308,,8,4,2,2,32,2048,0.0,0.05,0.0,automatic,1142606013,21,19,none,med,none,5,6,6.0,"[3, 7]",True,0,2
8d5f35a7aad24b0fb094d1f7eb3ef5d4,phase2_noise_combined,combined,0.8368120000232011,372481,,8,4,2,2,32,2048,0.0,0.05,0.05,automatic,180554328,15,4,none,med,med,4,2,2.0,"[3, 5]",True,0,2
6381b9b926fe45948d9ce1db66959e62,phase2_noise_combined,combined,0.8471967999939807,373820,,8,4,2,2,32,2048,0.0,0.05,0.05,automatic,1848092458,15,4,none,med,med,4,2,2.0,"[3, 5]",True,0,4
0e9d1d29337e4acfbb10915fbd8001b2,phase2_noise_combined,combined,0.8109180000028573,374470,,8,4,2,2,32,2048,0.0,0.05,0.05,automatic,1467485827,15,4,none,med,med,4,2,2.0,"[3, 5]",True,0,2
dfb1c220b4b644f4aada4bdefa5d32eb,phase2_noise_combined,combined,1.6369442999712192,596634,,8,4,2,2,32,2048,0.0,0.05,0.05,automatic,1765600416,21,8,none,med,med,5,2,2.0,"[3, 7]",True,0,2
a9a4a11d8fac4072ae65ffc764058d04,phase2_noise_combined,combined,1.642469800019171,599702,,8,4,2,2,32,2048,0.0,0.05,0.05,automatic,1384993785,21,8,none,med,med,5,2,2.0,"[3, 7]",True,0,2
2c4968ac9c8d473697b3894b37d0b46f,phase2_noise_combined,combined,1.6449013999663293,601822,,8,4,2,2,32,2048,0.0,0.05,0.05,automatic,905048267,21,8,none,med,med,5,2,2.0,"[3, 7]",True,0,2
70ad6f036f144138a711b04f7903d731,phase2_noise_combined,combined,16.37470129999565,1238214,,8,4,2,2,32,2048,0.0,0.05,0.05,automatic,2125706400,21,19,none,med,med,5,6,6.0,"[3, 7]",True,0,2
7ccf04b6b4854bedaf6b523fb87fb15b,phase2_noise_combined,combined,16.54330109996954,1238851,,8,4,2,2,32,2048,0.0,0.05,0.05,automatic,1745099769,21,19,none,med,med,5,6,6.0,"[3, 7]",True,1/2,2
618ee705fb5640c78f278b8b5d7f77c7,phase2_noise_combined,combined,16.653958300012164,1242952,,8,4,2,2,32,2048,0.0,0.05,0.05,automatic,1265154251,21,19,none,med,med,5,6,6.0,"[3, 7]",True,0,2
4f455c2f4a424f90b931630b07b71cbb,phase2_noise_combined,combined,0.8485293000121601,371152,,8,4,2,2,32,2048,0.0,0.05,0.2,automatic,459900225,15,4,none,med,high,4,2,2.0,"[3, 5]",True,0,2
c5078bf7e8ad4b5e87b1349d33c86d12,phase2_noise_combined,combined,0.8252208000048995,372203,,8,4,2,2,32,2048,0.0,0.05,0.2,automatic,79293594,15,4,none,med,high,4,2,2.0,"[3, 5]",True,1/2,2
0ad8bd1c75be47b68339c6b0f7e1a5a7,phase2_noise_combined,combined,0.8081231000251137,376419,,8,4,2,2,32,2048,0.0,0.05,0.2,automatic,1746831724,15,4,none,med,high,4,2,2.0,"[3, 5]",True,0,4
580093f7dd5d4f44b21bd91df6e72a01,phase2_noise_combined,combined,1.5953945000073873,598538,,8,4,2,2,32,2048,0.0,0.05,0.2,automatic,551105824,21,8,none,med,high,5,2,2.0,"[3, 7]",True,0,2
3b071c650b104401a63d689b4cf76dac,phase2_noise_combined,combined,1.622287200007122,598832,,8,4,2,2,32,2048,0.0,0.05,0.2,automatic,71160306,21,8,none,med,high,5,2,2.0,"[3, 7]",True,0,4
40bf148d0c8c479a98ddb556a063f327,phase2_noise_combined,combined,1.6161420000134967,604315,,8,4,2,2,32,2048,0.0,0.05,0.2,automatic,1838037323,21,8,none,med,high,5,2,2.0,"[3, 7]",True,0,2
5a6e8f2974d6496a81d52edd7ed39bac,phase2_noise_combined,combined,16.814470099983737,1235479,,8,4,2,2,32,2048,0.0,0.05,0.2,automatic,1716532658,21,19,none,med,high,5,6,6.0,"[3, 7]",True,0,2
4e3c92c1652f4bf5b5fe63d6a551e619,phase2_noise_combined,combined,16.75858840002911,1237409,,8,4,2,2,32,2048,0.0,0.05,0.2,automatic,855980509,21,19,none,med,high,5,6,6.0,"[3, 7]",True,1/2,2
7b5ff7d4e2c84f7ebc721fad4286af61,phase2_noise_combined,combined,16.91045219998341,1237156,,8,4,2,2,32,2048,0.0,0.05,0.2,automatic,1236587140,21,19,none,med,high,5,6,6.0,"[3, 7]",True,1/2,2
ea6794cc02c842699d50e40c22f4672e,phase2_noise_combined,combined,0.8684550000471063,376023,,8,4,2,2,32,2048,0.0,0.2,0.0,automatic,2077768745,15,4,none,high,none,4,2,2.0,"[3, 5]",True,1/2,4
3f18ac823a054cc58fe6ac930ddfaa5f,phase2_noise_combined,combined,0.8132928999839351,371471,,8,4,2,2,32,2048,0.0,0.2,0.0,automatic,1697162114,15,4,none,high,none,4,2,2.0,"[3, 5]",True,1/2,2
93da19b1719d4f09bb75328886c06cbe,phase2_noise_combined,combined,0.8210492999642156,369871,,8,4,2,2,32,2048,0.0,0.2,0.0,automatic,1217216596,15,4,none,high,none,4,2,2.0,"[3, 5]",True,0,2
371ee781e67b443fbd4ac2df591d4821,phase2_noise_combined,combined,1.5516348999808542,598140,,8,4,2,2,32,2048,0.0,0.2,0.0,automatic,662392322,21,8,none,high,none,5,2,2.0,"[3, 7]",True,0,2
49f26b39d0aa438a98d6cbb1570c3628,phase2_noise_combined,combined,1.6255233000265434,599248,,8,4,2,2,32,2048,0.0,0.2,0.0,automatic,281785691,21,8,none,high,none,5,2,2.0,"[3, 7]",True,0,2
b0714a80cf7044768710965ff5fdf067,phase2_noise_combined,combined,1.6043580999830738,602081,,8,4,2,2,32,2048,0.0,0.2,0.0,automatic,2048662708,21,8,none,high,none,5,2,2.0,"[3, 7]",True,1/2,2
b37cda65dc43481caee2a21416b422a9,phase2_noise_combined,combined,17.324230999976862,2011938,,8,4,2,2,32,2048,0.0,0.2,0.0,automatic,1494830538,21,19,none,high,none,5,6,,,False,,0
9e8731fc04ac4c258323dab655f3d4a5,phase2_noise_combined,combined,17.06350889999885,2012948,,8,4,2,2,32,2048,0.0,0.2,0.0,automatic,1014885020,21,19,none,high,none,5,6,6.0,"[3, 7]",True,127/256,2
3d5081e47e4a4d8fa2ee1f8aad012e01,phase2_noise_combined,combined,17.23061789997155,2013100,,8,4,2,2,32,2048,0.0,0.2,0.0,automatic,1875437169,21,19,none,high,none,5,6,6.0,"[3, 7]",True,0,2
5d2a452cca5d4e6a89b2d9fbe7d7aa2c,phase2_noise_combined,combined,0.7180480000097305,401228,,8,4,2,2,32,2048,0.0,0.2,0.05,automatic,475821686,15,4,none,high,med,4,2,2.0,"[3, 5]",True,1/2,2
c63ea35b627846af8b95b08bc6342121,phase2_noise_combined,combined,0.749980799970217,399863,,8,4,2,2,32,2048,0.0,0.2,0.05,automatic,95215055,15,4,none,high,med,4,2,2.0,"[3, 5]",True,0,2
188d3fd7088244db9f7adaae0c623465,phase2_noise_combined,combined,0.7514035000349395,398384,,8,4,2,2,32,2048,0.0,0.2,0.05,automatic,1862092072,15,4,none,high,med,4,2,2.0,"[3, 5]",True,1/2,4
88c17fe8e65348419fafb22f52eb30ac,phase2_noise_combined,combined,1.5337675000191666,606308,,8,4,2,2,32,2048,0.0,0.2,0.05,automatic,1641447962,21,8,none,high,med,5,2,2.0,"[3, 7]",True,1/2,4
be872de840784bbfaecb570dbe69cec7,phase2_noise_combined,combined,1.5699929000111297,604213,,8,4,2,2,32,2048,0.0,0.2,0.05,automatic,780895813,21,8,none,high,med,5,2,2.0,"[3, 7]",True,1/2,4
4cae349ddd5a40e58755f2017b019766,phase2_noise_combined,combined,1.605875700013712,604747,,8,4,2,2,32,2048,0.0,0.2,0.05,automatic,1260841331,21,8,none,high,med,5,2,2.0,"[3, 7]",True,1/2,2
a77e9528a81d4e7aa4bee59b23484bb5,phase2_noise_combined,combined,16.64581860002363,1114005,,8,4,2,2,32,2048,0.0,0.2,0.05,automatic,1521608428,21,19,none,high,med,5,6,6.0,"[3, 7]",True,85/256,2
05003137c5c64060a63af3f2a4ed9ea4,phase2_noise_combined,combined,16.87782170000719,1112652,,8,4,2,2,32,2048,0.0,0.2,0.05,automatic,2001553946,21,19,none,high,med,5,6,,,False,,0
270f9ed4701a459f9d05941d1bc37717,phase2_noise_combined,combined,16.787341799994465,1112717,,8,4,2,2,32,2048,0.0,0.2,0.05,automatic,1141001797,21,19,none,high,med,5,6,,,False,,0
8c25d27faa3f4c6ab5f37548d74c1800,phase2_noise_combined,combined,0.7813036000006832,371846,,8,4,2,2,32,2048,0.0,0.2,0.2,automatic,335747771,15,4,none,high,high,4,2,2.0,"[3, 5]",True,1/2,4
748f39f330b044ad96b5cb67d1cc84c5,phase2_noise_combined,combined,0.7423522000317462,373343,,8,4,2,2,32,2048,0.0,0.2,0.2,automatic,2102624788,15,4,none,high,high,4,2,2.0,"[3, 5]",True,0,2
51f6245f7fc24ea5b22f6be57edd90ee,phase2_noise_combined,combined,0.7686828000005335,375944,,8,4,2,2,32,2048,0.0,0.2,0.2,automatic,1622679270,15,4,none,high,high,4,2,2.0,"[3, 5]",True,1/2,2
7fcb2c69393e4cdbb081f5ce85654afe,phase2_noise_combined,combined,1.6104807000374421,598377,,8,4,2,2,32,2048,0.0,0.2,0.2,automatic,1651694032,21,8,none,high,high,5,2,2.0,"[3, 7]",True,1/2,2
1d15575810334e6abc5f74cdad7fac3e,phase2_noise_combined,combined,1.6061215000227094,597864,,8,4,2,2,32,2048,0.0,0.2,0.2,automatic,1271087401,21,8,none,high,high,5,2,2.0,"[3, 7]",True,1/2,2
158506aa637041ea9f52ded6e7132442,phase2_noise_combined,combined,1.6012572000036016,602632,,8,4,2,2,32,2048,0.0,0.2,0.2,automatic,791141883,21,8,none,high,high,5,2,2.0,"[3, 7]",True,1/2,4
8aa9300b3aef47aeb01ad1b040c534c7,phase2_noise_combined,combined,16.934126699983608,1245714,,8,4,2,2,32,2048,0.0,0.2,0.2,automatic,717255231,21,19,none,high,high,5,6,,,False,,0
ad99283e9eeb4cdfa4c04e1b3b17a186,phase2_noise_combined,combined,16.89752940001199,1244144,,8,4,2,2,32,2048,0.0,0.2,0.2,automatic,336648600,21,19,none,high,high,5,6,6.0,"[3, 7]",True,171/256,2
7c9577dd470441a899d5492b82623793,phase2_noise_combined,combined,16.84421559999464,1241797,,8,4,2,2,32,2048,0.0,0.2,0.2,automatic,2004186730,21,19,none,high,high,5,6,,,False,,0
8a5f1b1066ce42dbbc20ce13632deb86,phase2_noise_combined,combined,0.6794372000149451,360319,,8,4,2,2,32,2048,0.05,0.0,0.0,automatic,1823005392,15,4,med,none,none,4,2,2.0,"[3, 5]",True,0,2
e0908d02d30f40ac92dd8d5a89f1424b,phase2_noise_combined,combined,0.6768673000042327,360762,,8,4,2,2,32,2048,0.05,0.0,0.0,automatic,962453243,15,4,med,none,none,4,2,2.0,"[3, 5]",True,0,2
05ab925c3e944086b5476634a393cff7,phase2_noise_combined,combined,0.6925555999623612,361349,,8,4,2,2,32,2048,0.05,0.0,0.0,automatic,1343059874,15,4,med,none,none,4,2,2.0,"[3, 5]",True,0,2
48fe1dd2df304622b9e102cab942274e,phase2_noise_combined,combined,1.4864316000021063,588023,,8,4,2,2,32,2048,0.05,0.0,0.0,automatic,1260567832,21,8,med,none,none,5,2,2.0,"[3, 7]",True,0,2
19f55bdb3a0347ff99cccf2d7036bbc3,phase2_noise_combined,combined,1.5182233999948949,585934,,8,4,2,2,32,2048,0.05,0.0,0.0,automatic,780622314,21,8,med,none,none,5,2,2.0,"[3, 7]",True,0,2
26ac5db3886a4cfeb47d7c1937e7ca72,phase2_noise_combined,combined,1.5654152000206523,586245,,8,4,2,2,32,2048,0.05,0.0,0.0,automatic,400015683,21,8,med,none,none,5,2,2.0,"[3, 7]",True,0,2
3862fc16be3f406797e0c9088cbdb1fa,phase2_noise_combined,combined,16.42011339997407,1163569,,8,4,2,2,32,2048,0.05,0.0,0.0,automatic,278511018,21,19,med,none,none,5,6,6.0,"[3, 7]",True,0,2
4c60bf3ffb874e858f0717621334be97,phase2_noise_combined,combined,16.483294300036505,1160829,,8,4,2,2,32,2048,0.05,0.0,0.0,automatic,1565442517,21,19,med,none,none,5,6,6.0,"[3, 7]",True,0,2
2f57f737f286483da4d0f20870472354,phase2_noise_combined,combined,16.637621300003957,1161710,,8,4,2,2,32,2048,0.05,0.0,0.0,automatic,2045388035,21,19,med,none,none,5,6,6.0,"[3, 7]",True,0,2
e264bcc0d22c41cf89ac5528cfb179b2,phase2_noise_combined,combined,0.8222258999594487,357502,,8,4,2,2,32,2048,0.05,0.0,0.05,automatic,555238497,15,4,med,none,med,4,2,2.0,"[3, 5]",True,0,2
a972a4d4105444488c6cba2910217887,phase2_noise_combined,combined,0.831215699960012,357313,,8,4,2,2,32,2048,0.05,0.0,0.05,automatic,174631866,15,4,med,none,med,4,2,2.0,"[3, 5]",True,0,2
76acddebd6514587b12348fa7c5aac6b,phase2_noise_combined,combined,0.8177777000237256,358826,,8,4,2,2,32,2048,0.05,0.0,0.05,automatic,1842169996,15,4,med,none,med,4,2,2.0,"[3, 5]",True,0,2
13bef80da28c45baa5707c6430fc88ec,phase2_noise_combined,combined,1.609242400038056,588782,,8,4,2,2,32,2048,0.05,0.0,0.05,automatic,1386684609,21,8,med,none,med,5,2,2.0,"[3, 7]",True,0,2
fa60da594dfa4aad9d38d262fee74b5c,phase2_noise_combined,combined,1.6245341000030749,585459,,8,4,2,2,32,2048,0.05,0.0,0.05,automatic,906739091,21,8,med,none,med,5,2,2.0,"[3, 7]",True,0,2
4c377eb134a340b28ec40a5f9af58a5f,phase2_noise_combined,combined,1.561475700000301,586215,,8,4,2,2,32,2048,0.05,0.0,0.05,automatic,526132460,21,8,med,none,med,5,2,2.0,"[3, 7]",True,0,2
9a760d6bd9d647f8b9a77809f9ecd737,phase2_noise_combined,combined,15.98090179997962,1164406,,8,4,2,2,32,2048,0.05,0.0,0.05,automatic,352906921,21,19,med,none,med,5,6,,,False,,0
96b16da90105498587b1a60d834f92c9,phase2_noise_combined,combined,16.138358600030188,1159323,,8,4,2,2,32,2048,0.05,0.0,0.05,automatic,1739177307,21,19,med,none,med,5,6,6.0,"[3, 7]",True,1/2,2
3505e5945fda4b74acbf6d66f2a46ee3,phase2_noise_combined,combined,16.23817629995756,1160823,,8,4,2,2,32,2048,0.05,0.0,0.05,automatic,2119783938,21,19,med,none,med,5,6,6.0,"[3, 7]",True,0,2
1d3f3c5233a44c3da34176c199000ced,phase2_noise_combined,combined,0.8079950000392273,356832,,8,4,2,2,32,2048,0.05,0.0,0.2,automatic,834584394,15,4,med,none,high,4,2,2.0,"[3, 5]",True,0,2
830ed699a4fe4df3a4c4c3f98d472326,phase2_noise_combined,combined,0.7852193000144325,357952,,8,4,2,2,32,2048,0.05,0.0,0.2,automatic,453977763,15,4,med,none,high,4,2,2.0,"[3, 5]",True,0,2
2ecc6426ba1d41829b8aae7b5b170a50,phase2_noise_combined,combined,0.8085005999892019,357160,,8,4,2,2,32,2048,0.05,0.0,0.2,automatic,73371132,15,4,med,none,high,4,2,2.0,"[3, 5]",True,0,2
004ca4e06c8140668d169b62f44cea45,phase2_noise_combined,combined,1.6028981999843381,587505,,8,4,2,2,32,2048,0.05,0.0,0.2,automatic,102385894,21,8,med,none,high,5,2,2.0,"[3, 7]",True,0,2
68eadfb6bcf74419b631d4b7bc3b0230,phase2_noise_combined,combined,1.6880350999999791,584285,,8,4,2,2,32,2048,0.05,0.0,0.2,automatic,1769924024,21,8,med,none,high,5,2,2.0,"[3, 7]",True,0,2
7d53880ffa6742c4a90d6058e3b6427b,phase2_noise_combined,combined,1.7051037999917753,585056,,8,4,2,2,32,2048,0.05,0.0,0.2,automatic,1389317393,21,8,med,none,high,5,2,2.0,"[3, 7]",True,0,2
3246188f25e4400f9ae4e6bb4f4b5c3f,phase2_noise_combined,combined,23.09184930002084,1159504,,8,4,2,2,32,2048,0.05,0.0,0.2,automatic,462491878,21,19,med,none,high,5,6,102.0,"[3, 7]",True,17/32,2
e33c91ff40844013892025c946f90c32,phase2_noise_combined,combined,23.201040699961595,1160128,,8,4,2,2,32,2048,0.05,0.0,0.2,automatic,2130030008,21,19,med,none,high,5,6,6.0,"[3, 7]",True,0,2
1f46ee4167324390b0201832afc1ae07,phase2_noise_combined,combined,23.223680900002364,1159301,,8,4,2,2,32,2048,0.05,0.0,0.2,automatic,1749423377,21,19,med,none,high,5,6,,,False,,0
2df64c02f9ff40a9837c4739e72d94b0,phase2_noise_combined,combined,0.8673451999784447,368745,,8,4,2,2,32,2048,0.05,0.05,0.0,automatic,333073057,15,4,med,med,none,4,2,2.0,"[3, 5]",True,0,2
964282794cf641179d2f45c746811e63,phase2_noise_combined,combined,0.9165032999590039,369212,,8,4,2,2,32,2048,0.05,0.05,0.0,automatic,2099950074,15,4,med,med,none,4,2,2.0,"[3, 5]",True,0,2
2bcb9b63662d40be94ce54ce9cc87b84,phase2_noise_combined,combined,0.8932461999938823,367531,,8,4,2,2,32,2048,0.05,0.05,0.0,automatic,1719343443,15,4,med,med,none,4,2,2.0,"[3, 5]",True,0,2
f6a66933171840e9bd6d63ebb5f22c5e,phase2_noise_combined,combined,1.829224199987948,595849,,8,4,2,2,32,2048,0.05,0.05,0.0,automatic,1748358205,21,8,med,med,none,5,2,2.0,"[3, 7]",True,0,2
fe37d675758e45fa98b6c1c7d1e4b257,phase2_noise_combined,combined,1.7827008999884129,595377,,8,4,2,2,32,2048,0.05,0.05,0.0,automatic,1268412687,21,8,med,med,none,5,2,2.0,"[3, 7]",True,0,2
969c0186b358474faa41e4f9fac131fa,phase2_noise_combined,combined,1.8569852000218816,594994,,8,4,2,2,32,2048,0.05,0.05,0.0,automatic,887806056,21,8,med,med,none,5,2,2.0,"[3, 7]",True,0,2
222c277ae10b4cc7add64e7a25075008,phase2_noise_combined,combined,16.941579800040927,1224331,,8,4,2,2,32,2048,0.05,0.05,0.0,automatic,2108464189,21,19,med,med,none,5,6,6.0,"[3, 7]",True,0,2
a2eb97404a6e4c9a886dc32372c6fc47,phase2_noise_combined,combined,16.99053750000894,1222218,,8,4,2,2,32,2048,0.05,0.05,0.0,automatic,1628518671,21,19,med,med,none,5,6,6.0,"[3, 7]",True,0,1
db1dafa843d64684ad524637cfc03665,phase2_noise_combined,combined,16.83514679997461,1222766,,8,4,2,2,32,2048,0.05,0.05,0.0,automatic,1247912040,21,19,med,med,none,5,6,6.0,"[3, 7]",True,43/128,1
49638923628843df87f870afb28bae59,phase2_noise_combined,combined,0.9113682000315748,368564,,8,4,2,2,32,2048,0.05,0.05,0.05,automatic,1138799218,15,4,med,med,med,4,2,2.0,"[3, 5]",True,0,2
4a74f8f69f4047909499e287f8bec508,phase2_noise_combined,combined,0.7601890000514686,365816,,8,4,2,2,32,2048,0.05,0.05,0.05,automatic,758192587,15,4,med,med,med,4,2,2.0,"[3, 5]",True,0,2
246cc5bf4e504c7697e654f82d2ffc28,phase2_noise_combined,combined,0.7555538999731652,367014,,8,4,2,2,32,2048,0.05,0.05,0.05,automatic,278247069,15,4,med,med,med,4,2,2.0,"[3, 5]",True,0,2
ab23e9b4eb144993866bcb2c842c2ac7,phase2_noise_combined,combined,1.7391661999863572,1374083,,8,4,2,2,32,2048,0.05,0.05,0.05,automatic,166220263,21,8,med,med,med,5,2,2.0,"[3, 7]",True,0,2
3797b391b3b84a578bed579ef387bcea,phase2_noise_combined,combined,1.6729949000291526,1369426,,8,4,2,2,32,2048,0.05,0.05,0.05,automatic,1933097280,21,8,med,med,med,5,2,2.0,"[3, 7]",True,0,2
58f1170efd8e4469a36e31262567e29b,phase2_noise_combined,combined,1.8300120999920182,1372938,,8,4,2,2,32,2048,0.05,0.05,0.05,automatic,646165781,21,8,med,med,med,5,2,2.0,"[3, 7]",True,0,2
b8880e671ae34327a2900c5b4d7ca51f,phase2_noise_combined,combined,16.999566600017715,1233915,,8,4,2,2,32,2048,0.05,0.05,0.05,automatic,1811592615,21,19,med,med,med,5,6,,,False,,0
b35a8ab1346d4bc18a8d1f37cddfe0d7,phase2_noise_combined,combined,16.969562400016002,1228964,,8,4,2,2,32,2048,0.05,0.05,0.05,automatic,1331647097,21,19,med,med,med,5,6,42.0,"[3, 7]",True,97/256,1
5e39e33300ec49edb451bd2912ce8bb9,phase2_noise_combined,combined,16.96786889998475,1228986,,8,4,2,2,32,2048,0.05,0.05,0.05,automatic,951040466,21,19,med,med,med,5,6,6.0,"[3, 7]",True,171/256,5
fc291e40d5f346c79e2532e271c19a26,phase2_noise_combined,combined,0.7230565999634564,382890,,8,4,2,2,32,2048,0.05,0.05,0.2,automatic,1418145115,15,4,med,med,high,4,2,2.0,"[3, 5]",True,0,2
3dcfb98a9f3b49ae95facfcfcbbc122f,phase2_noise_combined,combined,0.7214348999550566,376695,,8,4,2,2,32,2048,0.05,0.05,0.2,automatic,1037538484,15,4,med,med,high,4,2,2.0,"[3, 5]",True,1/2,2
c8cc332818aa4c36a437dce18177c2f4,phase2_noise_combined,combined,0.7161154000204988,378045,,8,4,2,2,32,2048,0.05,0.05,0.2,automatic,557592966,15,4,med,med,high,4,2,2.0,"[3, 5]",True,0,2
65d2693069c549e0a4cbe91a92a17801,phase2_noise_combined,combined,1.5731565000023693,596708,,8,4,2,2,32,2048,0.05,0.05,0.2,automatic,1029405196,21,8,med,med,high,5,2,2.0,"[3, 7]",True,0,2
a8217aef9b2342d796b1f6cf7123c7e3,phase2_noise_combined,combined,1.6074946000007913,596541,,8,4,2,2,32,2048,0.05,0.05,0.2,automatic,1509350714,21,8,med,med,high,5,2,2.0,"[3, 7]",True,1/2,2
424be2ba3db54526bf4cd2912e5c9db9,phase2_noise_combined,combined,1.5893365999800153,596846,,8,4,2,2,32,2048,0.05,0.05,0.2,automatic,648798565,21,8,med,med,high,5,2,2.0,"[3, 7]",True,0,2
db0271c786294518be7ed94494b6c493,phase2_noise_combined,combined,16.71177399996668,1234348,,8,4,2,2,32,2048,0.05,0.05,0.2,automatic,47348382,21,19,med,med,high,5,6,6.0,"[3, 7]",True,3/4,2
83f374be8de14f6d97f1295943be778d,phase2_noise_combined,combined,16.726410700008273,1229466,,8,4,2,2,32,2048,0.05,0.05,0.2,automatic,527293900,21,19,med,med,high,5,6,,,False,,0
894421a7f7c242f4beb1f05b3efc5a25,phase2_noise_combined,combined,16.726584299991373,1234013,,8,4,2,2,32,2048,0.05,0.05,0.2,automatic,1814225399,21,19,med,med,high,5,6,6.0,"[3, 7]",True,1/2,2
5b6de2f241214eb691b48f775e40baba,phase2_noise_combined,combined,0.6926442999974824,371685,,8,4,2,2,32,2048,0.05,0.2,0.0,automatic,1249935918,15,4,med,high,none,4,2,2.0,"[3, 5]",True,1/2,2
52071561f7cc4479b99e965814a2da81,phase2_noise_combined,combined,0.7207601999980398,372903,,8,4,2,2,32,2048,0.05,0.2,0.0,automatic,1729881436,15,4,med,high,none,4,2,2.0,"[3, 5]",True,1/2,2
b55c32f31811479f9f218b91121d7b45,phase2_noise_combined,combined,0.7002578999963589,370762,,8,4,2,2,32,2048,0.05,0.2,0.0,automatic,869329287,15,4,med,high,none,4,2,2.0,"[3, 5]",True,1/2,2
f12908440e0441a7be4d658ac2134c84,phase2_noise_combined,combined,1.6206112999934703,594773,,8,4,2,2,32,2048,0.05,0.2,0.0,automatic,427203363,21,8,med,high,none,5,2,2.0,"[3, 7]",True,0,2
85ae8056a9b247b6bca591c7103d36c5,phase2_noise_combined,combined,1.608976099989377,597764,,8,4,2,2,32,2048,0.05,0.2,0.0,automatic,46596732,21,8,med,high,none,5,2,2.0,"[3, 7]",True,0,2
1235b5e1a620421ab06d62e03bdf0e07,phase2_noise_combined,combined,1.6285357999731787,597667,,8,4,2,2,32,2048,0.05,0.2,0.0,automatic,1714134862,21,8,med,high,none,5,2,2.0,"[3, 7]",True,0,2
9868eee350d342a194a05213cdfb4ee3,phase2_noise_combined,combined,16.59515820001252,1225707,,8,4,2,2,32,2048,0.05,0.2,0.0,automatic,787309347,21,19,med,high,none,5,6,6.0,"[3, 7]",True,43/128,5
032ee15109234b7a9e78664427497bd4,phase2_noise_combined,combined,16.57403900002828,1226718,,8,4,2,2,32,2048,0.05,0.2,0.0,automatic,2074240846,21,19,med,high,none,5,6,6.0,"[3, 7]",True,11/128,2
9522d9f144ec4e3ab467587ef3ddd755,phase2_noise_combined,combined,16.623993999965023,1225244,,8,4,2,2,32,2048,0.05,0.2,0.0,automatic,406702716,21,19,med,high,none,5,6,,,False,,0
6940b056eb28427c96213dcb67281b27,phase2_noise_combined,combined,0.6934252000064589,369612,,8,4,2,2,32,2048,0.05,0.2,0.05,automatic,240632727,15,4,med,high,med,4,2,2.0,"[3, 5]",True,0,2
6464fed05f5f444ab24632104c773f80,phase2_noise_combined,combined,0.6764907999895513,373964,,8,4,2,2,32,2048,0.05,0.2,0.05,automatic,2007509744,15,4,med,high,med,4,2,2.0,"[3, 5]",True,1/2,2
9f2fa030f88e40ecaea206e6f7c8ad62,phase2_noise_combined,combined,0.6798606000375003,372315,,8,4,2,2,32,2048,0.05,0.2,0.05,automatic,1527564226,15,4,med,high,med,4,2,2.0,"[3, 5]",True,1/2,2
94b722bcecb74b25a9b65c389ad9563f,phase2_noise_combined,combined,1.6091603999957442,595461,,8,4,2,2,32,2048,0.05,0.2,0.05,automatic,553320140,21,8,med,high,med,5,2,2.0,"[3, 7]",True,1/2,2
8e219b7738504737a182d814e7f40b9e,phase2_noise_combined,combined,1.6219529999652877,596808,,8,4,2,2,32,2048,0.05,0.2,0.05,automatic,73374622,21,8,med,high,med,5,2,2.0,"[3, 7]",True,0,2
b9be08a21e9d4ecbb6f46c8676f49fd9,phase2_noise_combined,combined,1.6212523999856785,595792,,8,4,2,2,32,2048,0.05,0.2,0.05,automatic,1840251639,21,8,med,high,med,5,2,2.0,"[3, 7]",True,0,2
ab669717a28c4cd382ced6176cba0381,phase2_noise_combined,combined,16.51977239997359,1228167,,8,4,2,2,32,2048,0.05,0.2,0.05,automatic,433480606,21,19,med,high,med,5,6,,,False,,0
eeeff09b6b664c3d81e38129edd96c5e,phase2_noise_combined,combined,16.51884259999497,1226306,,8,4,2,2,32,2048,0.05,0.2,0.05,automatic,52873975,21,19,med,high,med,5,6,6.0,"[3, 7]",True,171/256,2
425cd069763f4553ab69ad535b9d6863,phase2_noise_combined,combined,16.5603667999967,1225156,,8,4,2,2,32,2048,0.05,0.2,0.05,automatic,913426124,21,19,med,high,med,5,6,30.0,"[3, 7]",True,51/64,2
e61a9c1330964af9be8053114ad68b4d,phase2_noise_combined,combined,0.687376799993217,370627,,8,4,2,2,32,2048,0.05,0.2,0.2,automatic,1806910123,15,4,med,high,high,4,2,2.0,"[3, 5]",True,0,2
d4ed0ded789542fba1f0a8505f386d37,phase2_noise_combined,combined,0.6919944999972358,371763,,8,4,2,2,32,2048,0.05,0.2,0.2,automatic,139371993,15,4,med,high,high,4,2,2.0,"[3, 5]",True,1/2,2
04076db180bf4d9085909267996d18d0,phase2_noise_combined,combined,0.7131947000161745,369487,,8,4,2,2,32,2048,0.05,0.2,0.2,automatic,519978624,15,4,med,high,high,4,2,2.0,"[3, 5]",True,0,2
d16f98ef3be747bd9d67b07e16ca6274,phase2_noise_combined,combined,1.5546141999657266,595541,,8,4,2,2,32,2048,0.05,0.2,0.2,automatic,832666037,21,8,med,high,high,5,2,2.0,"[3, 7]",True,0,2
da841ae2b1ac448a96c179690bd27c23,phase2_noise_combined,combined,1.572922200022731,596558,,8,4,2,2,32,2048,0.05,0.2,0.2,automatic,452059406,21,8,med,high,high,5,2,2.0,"[3, 7]",True,1/2,2
05c5a2c62c83455ea75090b1bfe488eb,phase2_noise_combined,combined,1.5808467000024393,596759,,8,4,2,2,32,2048,0.05,0.2,0.2,automatic,2119597536,21,8,med,high,high,5,2,2.0,"[3, 7]",True,1/2,2
76957e14a5e8435089efec907c540913,phase2_noise_combined,combined,16.98007960000541,1223683,,8,4,2,2,32,2048,0.05,0.2,0.2,automatic,1998092871,21,19,med,high,high,5,6,,,False,,0
a2b878a86cf74e4a8d2b9278de4d03ac,phase2_noise_combined,combined,16.99475050001638,1223961,,8,4,2,2,32,2048,0.05,0.2,0.2,automatic,1617486240,21,19,med,high,high,5,6,6.0,"[3, 7]",True,171/256,1
0993f055106c4d49923fe8beeccb7e7d,phase2_noise_combined,combined,16.988346999976784,1225065,,8,4,2,2,32,2048,0.05,0.2,0.2,automatic,1137540722,21,19,med,high,high,5,6,,,False,,0
37186b875bb64663b47fde080a73441c,phase2_noise_combined,combined,0.6870919999782927,354470,,8,4,2,2,32,2048,0.2,0.0,0.0,automatic,1232528708,15,4,high,none,none,4,2,2.0,"[3, 5]",True,1/2,2
02bc3d0140734dc2a38503cd7c80aa12,phase2_noise_combined,combined,0.7344659000518732,355456,,8,4,2,2,32,2048,0.2,0.0,0.0,automatic,371976559,15,4,high,none,none,4,2,2.0,"[3, 5]",True,1/2,2
781714aa6e044bdfa0de70a8086ae6df,phase2_noise_combined,combined,0.7529026999836788,354684,,8,4,2,2,32,2048,0.2,0.0,0.0,automatic,752583190,15,4,high,none,none,4,2,2.0,"[3, 5]",True,1/2,2
cea6012e5558457596d68efcc7738a54,phase2_noise_combined,combined,1.5704399000387639,581761,,8,4,2,2,32,2048,0.2,0.0,0.0,automatic,1445877234,21,8,high,none,none,5,2,2.0,"[3, 7]",True,0,2
0b5c28b5f77246a0bb747bf8543c922c,phase2_noise_combined,combined,1.6006428999826312,582820,,8,4,2,2,32,2048,0.2,0.0,0.0,automatic,1065270603,21,8,high,none,none,5,2,2.0,"[3, 7]",True,0,2
ab86542184084cb1a2909dcaab813050,phase2_noise_combined,combined,1.6414944999851286,582525,,8,4,2,2,32,2048,0.2,0.0,0.0,automatic,684663972,21,8,high,none,none,5,2,2.0,"[3, 7]",True,1/2,2
ab2e776d89ed47eaaff533223560c1da,phase2_noise_combined,combined,16.50149729999248,1153912,,8,4,2,2,32,2048,0.2,0.0,0.0,automatic,1425376587,21,19,high,none,none,5,6,30.0,"[3, 7]",True,205/256,2
0460a7d8eef244fd819e344a400422b8,phase2_noise_combined,combined,16.64350900001591,1153802,,8,4,2,2,32,2048,0.2,0.0,0.0,automatic,1805983218,21,19,high,none,none,5,6,,,False,,0
3eb9cb696f434f45ab650bd161091f6f,phase2_noise_combined,combined,16.500736300018616,1152515,,8,4,2,2,32,2048,0.2,0.0,0.0,automatic,945431069,21,19,high,none,none,5,6,6.0,"[3, 7]",True,255/256,2
353c8532a79f48a38c38c3391db7e3d9,phase2_noise_combined,combined,0.7019393999944441,354114,,8,4,2,2,32,2048,0.2,0.0,0.05,automatic,878699967,15,4,high,none,med,4,2,2.0,"[3, 5]",True,0,2
2467e222e2a94b21bef9efe6fe25e6f9,phase2_noise_combined,combined,0.7277418000157923,354421,,8,4,2,2,32,2048,0.2,0.0,0.05,automatic,1259306598,15,4,high,none,med,4,2,2.0,"[3, 5]",True,1/2,2
ebfc45dc41ce456f905fc55afbbebcd3,phase2_noise_combined,combined,0.7291464000009,353249,,8,4,2,2,32,2048,0.2,0.0,0.05,automatic,498093336,15,4,high,none,med,4,2,2.0,"[3, 5]",True,0,2
576d57b15d4f4cb38827be208fd1f33b,phase2_noise_combined,combined,1.4755877000279725,583451,,8,4,2,2,32,2048,0.2,0.0,0.05,automatic,1191387380,21,8,high,none,med,5,2,2.0,"[3, 7]",True,0,2
39b8fab04e3e4066a9099a4c937deddf,phase2_noise_combined,combined,1.4919801999931224,581415,,8,4,2,2,32,2048,0.2,0.0,0.05,automatic,1571994011,21,8,high,none,med,5,2,2.0,"[3, 7]",True,1/2,2
88327ea647114e0ab89b4221c895576b,phase2_noise_combined,combined,1.4847181999939494,582105,,8,4,2,2,32,2048,0.2,0.0,0.05,automatic,711441862,21,8,high,none,med,5,2,2.0,"[3, 7]",True,0,2
b7cdaf62abab44a28e63d7e775d7b5f6,phase2_noise_combined,combined,15.86206840001978,1154856,,8,4,2,2,32,2048,0.2,0.0,0.05,automatic,637555210,21,19,high,none,med,5,6,,,False,,0
d6aca3d46dd74692bf516fb7c016f380,phase2_noise_combined,combined,16.015436199959368,1153311,,8,4,2,2,32,2048,0.2,0.0,0.05,automatic,1924486709,21,19,high,none,med,5,6,6.0,"[3, 7]",True,11/32,2
e33030049d3746cc997f9ca442ad5094,phase2_noise_combined,combined,16.08321099996101,1154963,,8,4,2,2,32,2048,0.2,0.0,0.05,automatic,157609692,21,19,high,none,med,5,6,6.0,"[3, 7]",True,43/128,1
eb7e3ffccf734ba09b111ec14d94a009,phase2_noise_combined,combined,0.8151549000176601,1171684,,8,4,2,2,32,2048,0.2,0.0,0.2,automatic,1637991382,15,4,high,none,high,4,2,2.0,"[3, 5]",True,0,2
7154ee40c86b47ccb16d4ad56159a8a6,phase2_noise_combined,combined,1.0293889000313357,1162264,,8,4,2,2,32,2048,0.2,0.0,0.2,automatic,1158045864,15,4,high,none,high,4,2,2.0,"[3, 5]",True,0,2
6802174f09d14b6aa439bd1f8b7d3702,phase2_noise_combined,combined,0.8316824000212364,1163238,,8,4,2,2,32,2048,0.2,0.0,0.2,automatic,777439233,15,4,high,none,high,4,2,2.0,"[3, 5]",True,0,2
1765d2f5182a4da481a237bcc42bc9d4,phase2_noise_combined,combined,1.729334099974949,594861,,8,4,2,2,32,2048,0.2,0.0,0.2,automatic,287695296,21,8,high,none,high,5,2,2.0,"[3, 7]",True,1/2,2
336cf89080e24fb4bd2dbabba4c84866,phase2_noise_combined,combined,1.6564659000141546,593027,,8,4,2,2,32,2048,0.2,0.0,0.2,automatic,2054572313,21,8,high,none,high,5,2,2.0,"[3, 7]",True,0,2
545918401be7478ca829deef40c801c2,phase2_noise_combined,combined,1.7405660999938846,592333,,8,4,2,2,32,2048,0.2,0.0,0.2,automatic,1574626795,21,8,high,none,high,5,2,2.0,"[3, 7]",True,0,2
7f0a1327503f4b5199e7a921d449774b,phase2_noise_combined,combined,16.20431030000327,1166502,,8,4,2,2,32,2048,0.2,0.0,0.2,automatic,647801280,21,19,high,none,high,5,6,,,False,,0
f1b07e705e8048d89f6dd00878a410e6,phase2_noise_combined,combined,16.303274800011422,1156142,,8,4,2,2,32,2048,0.2,0.0,0.2,automatic,267194649,21,19,high,none,high,5,6,6.0,"[3, 7]",True,85/256,1
e53359fe36854b77adb2b31dd74e3c54,phase2_noise_combined,combined,15.9353416999802,1154797,,8,4,2,2,32,2048,0.2,0.0,0.2,automatic,1934732779,21,19,high,none,high,5,6,6.0,"[3, 7]",True,11/128,2
24790b9851174b48abb5c559a3dc8e21,phase2_noise_combined,combined,0.9682844000053592,377395,,8,4,2,2,32,2048,0.2,0.05,0.0,automatic,1589673381,15,4,high,med,none,4,2,2.0,"[3, 5]",True,0,2
bcda252713d74af0aa09af75b8b93343,phase2_noise_combined,combined,0.9133041999884881,377310,,8,4,2,2,32,2048,0.2,0.05,0.0,automatic,1209066750,15,4,high,med,none,4,2,2.0,"[3, 5]",True,1/2,2
bdd3e1cc823148ffb5a50e261ab42f34,phase2_noise_combined,combined,0.8594229000154883,375738,,8,4,2,2,32,2048,0.2,0.05,0.0,automatic,729121232,15,4,high,med,none,4,2,2.0,"[3, 5]",True,1/2,2
2ed8e99f5ae649219597712e90de31b2,phase2_noise_combined,combined,1.7034957999712788,568947,,8,4,2,2,32,2048,0.2,0.05,0.0,automatic,273635845,21,8,high,med,none,5,2,2.0,"[3, 7]",True,1/2,2
e73ed70df4514695b70ca26addb9e1e5,phase2_noise_combined,combined,1.6629487000172958,570475,,8,4,2,2,32,2048,0.2,0.05,0.0,automatic,1941173975,21,8,high,med,none,5,2,2.0,"[3, 7]",True,1/2,2
8c22f3621ae14de2948716d13ba1acad,phase2_noise_combined,combined,1.6230828000116162,571226,,8,4,2,2,32,2048,0.2,0.05,0.0,automatic,1560567344,21,8,high,med,none,5,2,2.0,"[3, 7]",True,0,2
49189d2cca8a4d5192af9bd1ac206980,phase2_noise_combined,combined,16.984752199961804,1226326,,8,4,2,2,32,2048,0.2,0.05,0.0,automatic,45179007,21,19,high,med,none,5,6,30.0,"[3, 7]",True,221/256,2
73d11a2b096e4f09a3132e859b40178a,phase2_noise_combined,combined,17.04363219998777,1225042,,8,4,2,2,32,2048,0.2,0.05,0.0,automatic,1812056024,21,19,high,med,none,5,6,6.0,"[3, 7]",True,255/256,2
486b79304d664b61ae24090df8e1d588,phase2_noise_combined,combined,16.94066030002432,1227364,,8,4,2,2,32,2048,0.2,0.05,0.0,automatic,1431449393,21,19,high,med,none,5,6,6.0,"[3, 7]",True,43/128,2
dcebd661905b41a0a188a5d0f2e9e76c,phase2_noise_combined,combined,0.9017747999751009,373170,,8,4,2,2,32,2048,0.2,0.05,0.05,automatic,518787770,15,4,high,med,med,4,2,2.0,"[3, 5]",True,1/2,2
b74a76b0205f4f7f96406832259ba08c,phase2_noise_combined,combined,0.8556126999901608,371336,,8,4,2,2,32,2048,0.2,0.05,0.05,automatic,138181139,15,4,high,med,med,4,2,2.0,"[3, 5]",True,0,2
eb592f57705f44fa8e5c255b902cc446,phase2_noise_combined,combined,0.8357608999940567,370559,,8,4,2,2,32,2048,0.2,0.05,0.05,automatic,1805719269,15,4,high,med,med,4,2,2.0,"[3, 5]",True,1/2,2
398183e47e734ec78fd1219f42a70d2b,phase2_noise_combined,combined,1.6962023000232875,597988,,8,4,2,2,32,2048,0.2,0.05,0.05,automatic,1350233882,21,8,high,med,med,5,2,2.0,"[3, 7]",True,1/2,2
ad8faf3aa1df45bfa114145b629fcedc,phase2_noise_combined,combined,1.699518600013107,595387,,8,4,2,2,32,2048,0.2,0.05,0.05,automatic,870288364,21,8,high,med,med,5,2,2.0,"[3, 7]",True,1/2,2
c6c72d5f22c64452b81882a4d27ca67a,phase2_noise_combined,combined,1.6644256000290625,596075,,8,4,2,2,32,2048,0.2,0.05,0.05,automatic,489681733,21,8,high,med,med,5,2,2.0,"[3, 7]",True,1/2,2
76a013eab0f94f18b73eaf8cf375c1bd,phase2_noise_combined,combined,16.823129999975208,1238116,,8,4,2,2,32,2048,0.2,0.05,0.05,automatic,1221115931,21,19,high,med,med,5,6,,,False,,0
19e0e6814a8b476c9a78da7514c613e9,phase2_noise_combined,combined,16.80693279998377,1225991,,8,4,2,2,32,2048,0.2,0.05,0.05,automatic,741170413,21,19,high,med,med,5,6,6.0,"[3, 7]",True,0,1
605aa9457f9042a5aa78b75fc7efcf84,phase2_noise_combined,combined,16.831430999969598,1223461,,8,4,2,2,32,2048,0.2,0.05,0.05,automatic,360563782,21,19,high,med,med,5,6,6.0,"[3, 7]",True,43/256,2
7ad4776c7c2f4aa58772e476c37f0ed7,phase2_noise_combined,combined,0.8828397000324912,372973,,8,4,2,2,32,2048,0.2,0.05,0.2,automatic,798133667,15,4,high,med,high,4,2,2.0,"[3, 5]",True,0,2
96451d4a722c4643b0e9bab421f224ae,phase2_noise_combined,combined,0.7939213999779895,369575,,8,4,2,2,32,2048,0.2,0.05,0.2,automatic,417527036,15,4,high,med,high,4,2,2.0,"[3, 5]",True,0,2
571040534e614141a6e94052abcbefb2,phase2_noise_combined,combined,0.7943382000084966,371090,,8,4,2,2,32,2048,0.2,0.05,0.2,automatic,36920405,15,4,high,med,high,4,2,2.0,"[3, 5]",True,0,2
4cd6851361124bb2a2b24e78c76b6c91,phase2_noise_combined,combined,1.6844198000035249,596541,,8,4,2,2,32,2048,0.2,0.05,0.2,automatic,65935167,21,8,high,med,high,5,2,2.0,"[3, 7]",True,0,2
0e5fd162c0be42889648e59336b257c3,phase2_noise_combined,combined,1.7108420999720693,593301,,8,4,2,2,32,2048,0.2,0.05,0.2,automatic,1733473297,21,8,high,med,high,5,2,2.0,"[3, 7]",True,1/2,2
58fdc11c12f74c3ba89f192938c745bb,phase2_noise_combined,combined,1.7676995000219904,594838,,8,4,2,2,32,2048,0.2,0.05,0.2,automatic,1352866666,21,8,high,med,high,5,2,2.0,"[3, 7]",True,0,2
3fbd0a95967e4225ab8712c1ff5910b9,phase2_noise_combined,combined,16.898037899984047,1233574,,8,4,2,2,32,2048,0.2,0.05,0.2,automatic,1231362001,21,19,high,med,high,5,6,6.0,"[3, 7]",True,85/128,2
c0561f970b3446bd98deca9df195ad17,phase2_noise_combined,combined,16.830610400007572,1223357,,8,4,2,2,32,2048,0.2,0.05,0.2,automatic,850755370,21,19,high,med,high,5,6,6.0,"[3, 7]",True,171/256,1
db985dd16e8945b0a236ec93ca8db573,phase2_noise_combined,combined,16.865017199947033,1225844,,8,4,2,2,32,2048,0.2,0.05,0.2,automatic,370809852,21,19,high,med,high,5,6,,,False,,0
9e42fbed509f47d4b52044964e41ec4e,phase2_noise_combined,combined,0.8206635999958962,373151,,8,4,2,2,32,2048,0.2,0.2,0.0,automatic,1496827740,15,4,high,high,none,4,2,2.0,"[3, 5]",True,0,2
5f7c8001fbf24501bd005b43f24b20de,phase2_noise_combined,combined,0.8509453000151552,369474,,8,4,2,2,32,2048,0.2,0.2,0.0,automatic,1116221109,15,4,high,high,none,4,2,2.0,"[3, 5]",True,1/2,2
d744545f7ba54c1cb28a37e7ea57d56e,phase2_noise_combined,combined,0.7980791999725625,369484,,8,4,2,2,32,2048,0.2,0.2,0.0,automatic,735614478,15,4,high,high,none,4,2,2.0,"[3, 5]",True,1/2,4
da77378977b347f39f529b4a197a17cd,phase2_noise_combined,combined,1.6171454000286758,599682,,8,4,2,2,32,2048,0.2,0.2,0.0,automatic,180790204,21,8,high,high,none,5,2,2.0,"[3, 7]",True,1/2,2
4be3d521eff141e793bdd19ab6a4f9ab,phase2_noise_combined,combined,1.6347861000103876,595658,,8,4,2,2,32,2048,0.2,0.2,0.0,automatic,1848328334,21,8,high,high,none,5,2,2.0,"[3, 7]",True,0,2
b75e22ac056b4c358208228735576517,phase2_noise_combined,combined,1.6188340000226162,595714,,8,4,2,2,32,2048,0.2,0.2,0.0,automatic,1467721703,21,8,high,high,none,5,2,2.0,"[3, 7]",True,0,2
dde4476a037d40218817ffd64ea5d9ab,phase2_noise_combined,combined,17.264280399947893,1225555,,8,4,2,2,32,2048,0.2,0.2,0.0,automatic,1393835051,21,19,high,high,none,5,6,6.0,"[3, 7]",True,85/128,1
5894efbff863460d887a9bc800bb2d24,phase2_noise_combined,combined,17.105511699977797,1221884,,8,4,2,2,32,2048,0.2,0.2,0.0,automatic,533282902,21,19,high,high,none,5,6,6.0,"[3, 7]",True,43/128,4
7029f0d8f85a40d58f9bb4b7b0a8089d,phase2_noise_combined,combined,17.212915699987207,1224127,,8,4,2,2,32,2048,0.2,0.2,0.0,automatic,913889533,21,19,high,high,none,5,6,,,False,,0
c2fb0da20b264846bb20bdc3807307a4,phase2_noise_combined,combined,0.7893057999899611,368790,,8,4,2,2,32,2048,0.2,0.2,0.05,automatic,1718714865,15,4,high,high,med,4,2,2.0,"[3, 5]",True,0,2
b87c87cb04e4475bb4cabd8d3881c8c5,phase2_noise_combined,combined,0.8301040999940597,368739,,8,4,2,2,32,2048,0.2,0.2,0.05,automatic,1338108234,15,4,high,high,med,4,2,2.0,"[3, 5]",True,1/2,2
6851082e84e74310b2c27fe3c763fe11,phase2_noise_combined,combined,0.8171478000003844,366817,,8,4,2,2,32,2048,0.2,0.2,0.05,automatic,858162716,15,4,high,high,med,4,2,2.0,"[3, 5]",True,1/2,4
664bd0ded12e43f9bd25b13ca70447fc,phase2_noise_combined,combined,1.7731453999876976,595923,,8,4,2,2,32,2048,0.2,0.2,0.05,automatic,1226081428,21,8,high,high,med,5,2,2.0,"[3, 7]",True,0,2
39b1a52523804db8bb6248d1c57dce0e,phase2_noise_combined,combined,1.6930507000070065,597882,,8,4,2,2,32,2048,0.2,0.2,0.05,automatic,365529279,21,8,high,high,med,5,2,2.0,"[3, 7]",True,1/2,2
834f6e4ecc9f4412a13fb033b20d80d2,phase2_noise_combined,combined,1.7430274999933317,593933,,8,4,2,2,32,2048,0.2,0.2,0.05,automatic,746135910,21,8,high,high,med,5,2,2.0,"[3, 7]",True,0,2
f6d03b5428a34d82a81cadde90f8478b,phase2_noise_combined,combined,17.191084999998566,1224630,,8,4,2,2,32,2048,0.2,0.2,0.05,automatic,1096963477,21,19,high,high,med,5,6,30.0,"[3, 7]",True,51/256,2
97a5cc8999994ba098db3bf58bc24d09,phase2_noise_combined,combined,17.12522019998869,1226457,,8,4,2,2,32,2048,0.2,0.2,0.05,automatic,236411328,21,19,high,high,med,5,6,6.0,"[3, 7]",True,85/256,1
0ce78cbf22874952a3138d5ee55836ec,phase2_noise_combined,combined,17.20168440003181,1222283,,8,4,2,2,32,2048,0.2,0.2,0.05,automatic,617017959,21,19,high,high,med,5,6,30.0,"[3, 7]",True,221/256,2
da23421fbe50446094ff972dbe879e1c,phase2_noise_combined,combined,0.7001340999850072,367583,,8,4,2,2,32,2048,0.2,0.2,0.2,automatic,1998060762,15,4,high,high,high,4,2,2.0,"[3, 5]",True,1/2,2
e7fe64c84e7b438c9f561a638654e574,phase2_noise_combined,combined,0.6964596000034362,366418,,8,4,2,2,32,2048,0.2,0.2,0.2,automatic,1617454131,15,4,high,high,high,4,2,2.0,"[3, 5]",True,1/2,2
90e6f6f6eda34867a5304e581eebc34c,phase2_noise_combined,combined,0.6683212000061758,367423,,8,4,2,2,32,2048,0.2,0.2,0.2,automatic,1137508613,15,4,high,high,high,4,2,2.0,"[3, 5]",True,0,2
3441b320bbde4dcb93198054abc1bee0,phase2_noise_combined,combined,1.5747770000016317,594128,,8,4,2,2,32,2048,0.2,0.2,0.2,automatic,2089266361,21,8,high,high,high,5,2,2.0,"[3, 7]",True,1/2,2
a86859402dfe4c858a153014b2d2b422,phase2_noise_combined,combined,1.5916883000172675,593615,,8,4,2,2,32,2048,0.2,0.2,0.2,automatic,1609320843,21,8,high,high,high,5,2,2.0,"[3, 7]",True,0,2
7d8b354ac03a40cb900d5c003d1a6fb9,phase2_noise_combined,combined,1.5831883000209928,603740,,8,4,2,2,32,2048,0.2,0.2,0.2,automatic,1228714212,21,8,high,high,high,5,2,2.0,"[3, 7]",True,1/2,4
649bfbc9850f412ab409f04b0cf96751,phase2_noise_combined,combined,17.33143940003356,1995858,,8,4,2,2,32,2048,0.2,0.2,0.2,automatic,1107209547,21,19,high,high,high,5,6,6.0,"[3, 7]",True,255/256,2
c9d82e0094ab41eaaf625d03288d9e89,phase2_noise_combined,combined,17.484168099996168,1992936,,8,4,2,2,32,2048,0.2,0.2,0.2,automatic,627264029,21,19,high,high,high,5,6,,,False,,0
2911921c683f46228c8a72a5cbd82759,phase2_noise_combined,combined,17.19436699996004,1995062,,8,4,2,2,32,2048,0.2,0.2,0.2,automatic,246657398,21,19,high,high,high,5,6,6.0,"[3, 7]",True,43/128,5
