candidate_count,max_paths,shots,total_precision,overlap,repeat,seed,success_baseline,success_B,success_C,success_D,success_full
1,1,4,16,0,0,1541618828,True,True,True,True,True
1,1,4,16,0,1,1161012197,False,False,False,True,True
1,1,4,16,3,0,169725157,False,False,False,False,True
1,1,4,16,3,1,1936602174,False,True,False,False,True
1,1,4,24,0,0,1934640441,True,True,True,True,True
1,1,4,24,0,1,1454694923,False,False,False,True,True
1,1,4,24,3,0,562746770,False,False,False,True,True
1,1,4,24,3,1,82801252,False,True,False,False,True
1,1,4,32,0,0,15759182,True,True,True,True,True
1,1,4,32,0,1,1782636199,False,False,False,True,True
1,1,4,32,3,0,1644288022,False,False,False,False,True
1,1,4,32,3,1,1164342504,False,False,False,False,True
1,1,8,16,0,0,1775480110,False,False,False,True,True
1,1,8,16,0,1,1394873479,False,False,False,True,True
1,1,8,16,3,0,403586439,False,True,False,False,True
1,1,8,16,3,1,22979808,False,True,False,False,True
1,1,8,24,0,0,440437887,True,True,True,True,True
1,1,8,24,0,1,59831256,True,True,True,False,True
1,1,8,24,3,0,1216027864,False,True,False,False,True
1,1,8,24,3,1,835421233,False,True,False,True,True
1,1,8,32,0,0,2076283411,True,True,True,True,True
1,1,8,32,0,1,1695676780,True,True,True,True,True
1,1,8,32,3,0,1609049477,True,True,True,True,True
1,1,8,32,3,1,1129103959,False,True,False,True,True
1,1,16,16,0,0,1695295704,True,True,True,True,True
1,1,16,16,0,1,1314689073,True,True,True,True,True
1,1,16,16,3,0,323402033,False,True,False,False,True
1,1,16,16,3,1,2090279050,False,True,False,False,True
1,1,16,24,0,0,360253481,True,True,True,True,True
1,1,16,24,0,1,2127130498,True,True,True,False,True
1,1,16,24,3,0,1135843458,False,True,False,False,True
1,1,16,24,3,1,755236827,False,True,False,False,True
1,1,16,32,0,0,1996099005,False,False,False,True,True
1,1,16,32,0,1,1615492374,True,True,True,True,True
1,1,16,32,3,0,1528865071,True,True,True,True,True
1,1,16,32,3,1,1048919553,True,True,True,True,True
1,2,4,16,0,0,707000557,True,True,True,True,True
1,2,4,16,0,1,227055039,False,False,False,True,True
1,2,4,16,3,0,140427736,False,False,False,False,True
1,2,4,16,3,1,1807965866,False,True,False,True,True
1,2,4,24,0,0,147744420,False,False,False,False,True
1,2,4,24,0,1,1914621437,True,True,True,True,True
1,2,4,24,3,0,1776273260,False,True,False,False,True
1,2,4,24,3,1,1395666629,False,False,False,True,True
1,2,4,32,0,0,1783589944,True,True,True,True,True
1,2,4,32,0,1,1402983313,True,True,True,True,True
1,2,4,32,3,0,21811225,False,False,False,True,True
1,2,4,32,3,1,1689349355,False,True,False,False,True
1,2,8,16,0,0,87922976,True,True,True,False,True
1,2,8,16,0,1,1755461106,False,False,False,True,True
1,2,8,16,3,0,1617112929,False,True,False,True,True
1,2,8,16,3,1,1236506298,False,True,False,False,True
1,2,8,24,0,0,381605702,False,False,False,True,True
1,2,8,24,0,1,999071,True,True,True,True,True
1,2,8,24,3,0,2010134542,False,True,False,True,True
1,2,8,24,3,1,1530189024,False,True,False,False,True
1,2,8,32,0,0,388726277,False,False,False,True,True
1,2,8,32,0,1,2056264407,True,True,True,True,True
1,2,8,32,3,0,675092319,False,True,False,True,True
1,2,8,32,3,1,294485688,False,True,False,True,True
1,2,16,16,0,0,761338546,False,True,False,False,True
1,2,16,16,0,1,380731915,True,True,True,True,True
1,2,16,16,3,0,194765725,False,True,False,False,True
1,2,16,16,3,1,1961642742,True,True,True,True,True
1,2,16,24,0,0,301421296,True,True,True,True,True
1,2,16,24,0,1,1968959426,True,True,True,True,True
1,2,16,24,3,0,1929950136,False,True,False,True,True
1,2,16,24,3,1,1450004618,False,True,False,True,True
1,2,16,32,0,0,1937266820,False,False,False,True,True
1,2,16,32,0,1,1556660189,False,False,False,True,True
1,2,16,32,3,0,76149214,False,True,False,True,True
1,2,16,32,3,1,1843026231,False,True,False,False,True
2,1,4,16,0,0,95290104,False,False,True,False,True
2,1,4,16,0,1,1862167121,True,True,True,True,True
2,1,4,16,3,0,1723818944,True,False,True,True,True
2,1,4,16,3,1,1343212313,True,True,True,True,True
2,1,4,24,0,0,907731529,False,False,True,True,True
2,1,4,24,0,1,527124898,True,True,True,True,True
2,1,4,24,3,0,388776721,True,True,True,True,True
2,1,4,24,3,1,8170090,True,True,True,True,True
2,1,4,32,0,0,495432292,True,True,True,True,True
2,1,4,32,0,1,15486774,False,False,False,True,True
2,1,4,32,3,0,781798334,False,True,False,False,True
2,1,4,32,3,1,301852816,False,True,False,False,True
2,1,8,16,0,0,912990422,True,True,True,True,True
2,1,8,16,0,1,532383791,True,True,True,True,True
2,1,8,16,3,0,394035614,True,True,True,True,True
2,1,8,16,3,1,2061573744,True,True,True,True,True
2,1,8,24,0,0,1141592811,True,True,True,True,True
2,1,8,24,0,1,760986180,False,False,False,False,True
2,1,8,24,3,0,622638003,True,True,True,True,True
2,1,8,24,3,1,242031372,False,True,False,True,True
2,1,8,32,0,0,629954687,True,True,True,True,True
2,1,8,32,0,1,249348056,False,False,True,True,True
2,1,8,32,3,0,110999879,True,True,True,True,True
2,1,8,32,3,1,1877876896,True,True,True,True,True
2,1,16,16,0,0,832806016,True,True,True,True,True
2,1,16,16,0,1,352860498,False,False,True,True,True
2,1,16,16,3,0,313851208,False,False,False,True,True
2,1,16,16,3,1,1981389338,False,True,True,True,True
2,1,16,24,0,0,1645247441,True,True,True,False,True
2,1,16,24,0,1,1264640810,True,True,True,True,True
2,1,16,24,3,0,1126292633,True,True,True,True,True
2,1,16,24,3,1,646347115,False,True,False,True,True
2,1,16,32,0,0,549770281,False,False,True,False,True
2,1,16,32,0,1,169163650,True,True,True,True,True
2,1,16,32,3,0,836136323,True,True,True,True,True
2,1,16,32,3,1,455529692,True,True,True,True,True
2,2,4,16,0,0,1391229729,True,True,True,True,True
2,2,4,16,0,1,1010623098,False,False,False,False,True
2,2,4,16,3,0,118674945,False,True,False,True,True
2,2,4,16,3,1,1786213075,False,True,False,True,True
2,2,4,24,0,0,155526393,True,True,True,True,True
2,2,4,24,0,1,1823064523,True,True,True,True,True
2,2,4,24,3,0,931116370,True,True,True,True,True
2,2,4,24,3,1,451170852,True,True,True,True,True
2,2,4,32,0,0,1791371917,True,True,True,True,True
2,2,4,32,0,1,1311426399,True,True,True,True,True
2,2,4,32,3,0,1224799096,False,False,False,True,True
2,2,4,32,3,1,844192465,True,False,True,True,True
2,2,8,16,0,0,851076974,True,True,True,True,True
2,2,8,16,0,1,470470343,False,False,True,True,True
2,2,8,16,3,0,383843040,True,True,True,True,True
2,2,8,16,3,1,2051381170,False,True,False,True,True
2,2,8,24,0,0,391159724,True,True,True,True,True
2,2,8,24,0,1,10553093,True,True,True,True,True
2,2,8,24,3,0,2019688564,False,True,False,True,True
2,2,8,24,3,1,1639081933,False,True,False,True,True
2,2,8,32,0,0,2056540012,True,True,True,True,True
2,2,8,32,0,1,1675933381,True,True,True,False,True
2,2,8,32,3,0,684646341,True,True,True,True,True
2,2,8,32,3,1,304039710,True,True,True,True,True
2,2,16,16,0,0,1576213418,True,True,True,True,True
2,2,16,16,0,1,1195606787,True,True,True,True,True
2,2,16,16,3,0,303658634,True,True,True,False,True
2,2,16,16,3,1,1971196764,True,True,True,True,True
2,2,16,24,0,0,1163914181,True,True,True,True,True
2,2,16,24,0,1,683968663,True,True,True,True,True
2,2,16,24,3,0,1939504158,False,True,False,True,True
2,2,16,24,3,1,1459558640,True,True,True,True,True
2,2,16,32,0,0,1976355606,True,True,True,True,True
2,2,16,32,0,1,1496410088,True,True,True,True,True
2,2,16,32,3,0,604461935,True,True,True,True,True
2,2,16,32,3,1,124516417,False,True,False,False,True
