trial_id,phase,condition,N,a,seed,work_qubits,runtime_seconds,peak_memory_bytes,num_stitched,success,order,factors
d5ac4c13c22341cabef18d2d14a24948,phase3_adversarial,clean,15,4,1474565590,4,1.7044940000050701,3636014,2,True,2.0,"[3, 5]"
84703eea00d44dc9aa72dba990f6cb7f,phase3_adversarial,clean,15,4,1093958959,4,1.238833400013391,449350,2,True,2.0,"[3, 5]"
eb48a501a44a4bf09edc5b1740976dfb,phase3_adversarial,clean,15,4,713352328,4,1.2016294000204653,434459,2,True,2.0,"[3, 5]"
945893c4dea24de7b345c4724648a68b,phase3_adversarial,clean,15,4,233406810,4,1.2471141999703832,431816,2,True,2.0,"[3, 5]"
22c1fc7e2a1643789b2b8c2c603647a7,phase3_adversarial,clean,15,4,2000283827,4,1.2845425000414252,428546,2,True,2.0,"[3, 5]"
bcde23ed09124cc7a9077c0387703ee4,phase3_adversarial,clean,15,4,1520338309,4,1.341000099957455,427675,2,True,2.0,"[3, 5]"
983be190660744628e7613873662898a,phase3_adversarial,clean,15,4,1139731678,4,1.3322826000512578,428022,2,True,2.0,"[3, 5]"
f5931492a3f14cbd8e1ae61a2f778019,phase3_adversarial,clean,15,4,659786160,4,1.218177900009323,427218,2,True,2.0,"[3, 5]"
3b3a6c042789438781d649a6f068b4f0,phase3_adversarial,clean,15,13,2017566801,4,1.1899365999852307,431109,2,True,4.0,"[3, 5]"
3880acd2b4c440809f0c8565db0299fe,phase3_adversarial,clean,15,13,1636960170,4,1.0281359000364318,431343,2,True,4.0,"[3, 5]"
e6da1d9acd904ddb98e66099d8c3c9c1,phase3_adversarial,clean,15,13,1256353539,4,1.055326400033664,429093,2,True,4.0,"[3, 5]"
db48ca6b280741f58a6b51013df919a0,phase3_adversarial,clean,15,13,776408021,4,1.0673817000351846,428955,2,True,4.0,"[3, 5]"
15ab364597f24628b8510c570bcd2a00,phase3_adversarial,clean,15,13,395801390,4,1.0181656000204384,429892,2,True,4.0,"[3, 5]"
e7e3179a5f654fe8bf1dbbb0262a8d80,phase3_adversarial,clean,15,13,2063339520,4,1.1069110999815166,429570,2,True,4.0,"[3, 5]"
4fd3d6cc65ff467fb70e135b2b1ac409,phase3_adversarial,clean,15,13,1682732889,4,0.9881825000047684,429371,2,True,4.0,"[3, 5]"
d09d7ebd45224169b6968a4b65134318,phase3_adversarial,clean,15,13,1202787371,4,1.0539393000071868,429538,2,True,4.0,"[3, 5]"
e9d53b388afb497db37ddfb81361ba6a,phase3_adversarial,clean,21,8,158528054,5,1.297745899995789,632947,2,True,2.0,"[3, 7]"
2f185f6f9b60460cb11a111b6e11aabb,phase3_adversarial,clean,21,8,1826066184,5,1.3009225000278093,625383,2,True,2.0,"[3, 7]"
e8d5716675a048b88e6786a3a0274675,phase3_adversarial,clean,21,8,1445459553,5,1.2656012999941595,623267,2,True,2.0,"[3, 7]"
3edbce6a200c4524820fda515c1c708c,phase3_adversarial,clean,21,8,1064852922,5,1.2414469000068493,624096,2,True,2.0,"[3, 7]"
f9b08e968da94f47ab2558874b3d76b2,phase3_adversarial,clean,21,8,584907404,5,1.2386469999910332,622046,2,True,2.0,"[3, 7]"
ec7cf29478e34f10a257032460c799ee,phase3_adversarial,clean,21,8,204300773,5,1.2086913000093773,633600,2,True,2.0,"[3, 7]"
9bad663dc1c4481896c32d4b7eaab323,phase3_adversarial,clean,21,8,1871838903,5,1.3136230999953113,624317,2,True,2.0,"[3, 7]"
d41b8c85216647519bf2b59debfca751,phase3_adversarial,clean,21,8,1491232272,5,1.2487895999802276,624380,2,True,2.0,"[3, 7]"
c914f690b75c42dbb69711d01231feab,phase3_adversarial,clean,21,19,518634038,5,6.711544799967669,821302,2,True,6.0,"[3, 7]"
d79fc421bc5b474b967e86bcda155f66,phase3_adversarial,clean,21,19,38688520,5,6.910712099983357,821377,2,True,6.0,"[3, 7]"
24c8eec23f334f939ff3fe55f9e63670,phase3_adversarial,clean,21,19,1805565537,5,7.661687200015876,821476,2,True,6.0,"[3, 7]"
52fc31097b5d4c6f9b074de6b3fd7f4f,phase3_adversarial,clean,21,19,1325620019,5,7.531368200026918,696866,2,True,6.0,"[3, 7]"
c108878501a94f6987126887acf0fb44,phase3_adversarial,clean,21,19,945013388,5,7.604448899975978,826163,2,True,6.0,"[3, 7]"
3efdb4e11a954c02b242233ce2c90ef7,phase3_adversarial,clean,21,19,564406757,5,7.679175999946892,825317,2,True,6.0,"[3, 7]"
81512b3e1cc24ba3a352c4ce58f8f2e0,phase3_adversarial,clean,21,19,84461239,5,8.130586300045252,825215,2,True,6.0,"[3, 7]"
d333a69ec4954123833f5fdb50161063,phase3_adversarial,clean,21,19,1851338256,5,11.14001209998969,825346,2,True,6.0,"[3, 7]"
5fa1a7d368a749a1a400671fac0f8b08,phase3_adversarial,overlap_corruption,15,4,1718576760,4,1.2497595000313595,425023,0,False,,
e0437eedd6ee4e8c84d9e36f6a2f1b1c,phase3_adversarial,overlap_corruption,15,4,1337970129,4,1.2721113999723457,425742,1,True,2.0,"[3, 5]"
ee50f02087744d53804e5959f83b8f8f,phase3_adversarial,overlap_corruption,15,4,957363498,4,1.265461899980437,425241,1,True,2.0,"[3, 5]"
9347e32d3e8b4caba185ceb58643c52f,phase3_adversarial,overlap_corruption,15,4,477417980,4,1.1807520000147633,425551,1,True,2.0,"[3, 5]"
f9e8158ea91e4a94bb5d3897b74d8a4b,phase3_adversarial,overlap_corruption,15,4,96811349,4,1.317611099977512,426004,2,True,2.0,"[3, 5]"
3f72bd7908344958a36265ea3feddd87,phase3_adversarial,overlap_corruption,15,4,1764349479,4,1.2338344999589026,425050,0,False,,
85c676e7c4b14df984e4e074f37069e5,phase3_adversarial,overlap_corruption,15,4,1383742848,4,1.109159899991937,425624,1,True,2.0,"[3, 5]"
13308c5a3a1f473f8e5a05524771a5be,phase3_adversarial,overlap_corruption,15,4,903797330,4,1.3242254999931902,424456,1,True,2.0,"[3, 5]"
30c9d9340f2a4705b9eb6a3fc3964817,phase3_adversarial,overlap_corruption,15,13,114094323,4,1.222335700003896,427717,0,False,,
f86a0ff2804549049e498215edcf8da7,phase3_adversarial,overlap_corruption,15,13,1880971340,4,1.3894951000111178,427670,0,False,,
284ba11fc29848d19bbaee5a37aabe61,phase3_adversarial,overlap_corruption,15,13,1500364709,4,1.441055300005246,427384,0,False,,
3969b34de3904715ad59822da1f5ac7f,phase3_adversarial,overlap_corruption,15,13,1020419191,4,1.248002800042741,428058,0,False,,
569caac33af145dcb241d50dcb82a7cf,phase3_adversarial,overlap_corruption,15,13,639812560,4,1.3386021999758668,427594,0,False,,
93436ea95dfa49daaaeaabb8292799ff,phase3_adversarial,overlap_corruption,15,13,159867042,4,1.196105599985458,427162,1,True,4.0,"[3, 5]"
0622ee45aa404351af7b20712744c8b3,phase3_adversarial,overlap_corruption,15,13,1926744059,4,1.1740507999784313,428465,0,False,,
ab7a0090f5cc409bb858b5114f3127cb,phase3_adversarial,overlap_corruption,15,13,1546137428,4,1.0766775999800302,427154,0,False,,
cb287a40d0a34df5b9dbec1fb0283546,phase3_adversarial,overlap_corruption,21,8,1839317123,5,1.5549740999704227,622793,0,False,,
c83dd21900b1413c8d983c8decda39c1,phase3_adversarial,overlap_corruption,21,8,1359371605,5,1.5346924999612384,623595,0,False,,
814c7386e29845218fec6fd30034ff83,phase3_adversarial,overlap_corruption,21,8,978764974,5,1.6343716999981552,623460,0,False,,
ccf91c1f8e8d44dfb8240972ec02a4b6,phase3_adversarial,overlap_corruption,21,8,498819456,5,1.5087425000383519,622832,0,False,,
6e8a7cc5a14c44369ff79d6cef0b278e,phase3_adversarial,overlap_corruption,21,8,118212825,5,1.520645799988415,622840,0,False,,
bc85f756db5e4d5eadf30b7ee9af290f,phase3_adversarial,overlap_corruption,21,8,1785750955,5,1.5140142000163905,623182,1,True,2.0,"[3, 7]"
bfdb9013216140e185812c0bb347bce2,phase3_adversarial,overlap_corruption,21,8,1405144324,5,1.4049398999777623,622586,1,True,2.0,"[3, 7]"
e1f3701988ef4f208cea64a0c11a4e4a,phase3_adversarial,overlap_corruption,21,8,1024537693,5,1.4802504000253975,623127,1,True,2.0,"[3, 7]"
256f3eed0b994ee1932403eaf69f79c2,phase3_adversarial,overlap_corruption,21,19,2100084220,5,7.454007000022102,819954,2,True,6.0,"[3, 7]"
101b9f4afc6a405c8ec73967fe9e716c,phase3_adversarial,overlap_corruption,21,19,1719477589,5,7.571017499954905,820371,1,True,6.0,"[3, 7]"
d7abef37df17421ab929b04b29b8ff36,phase3_adversarial,overlap_corruption,21,19,1338870958,5,9.474762499972712,809180,0,False,,
acee8f4f6ec04f98a57f59a24963c340,phase3_adversarial,overlap_corruption,21,19,858925440,5,9.162293599976692,822922,0,False,,
55cca6b2ddd44156b7b608d79744ff9a,phase3_adversarial,overlap_corruption,21,19,478318809,5,9.27452199999243,821968,0,False,,
e33902aaac5147138190a1dbd0a73058,phase3_adversarial,overlap_corruption,21,19,2145856939,5,11.705604500020854,822998,1,True,6.0,"[3, 7]"
d402fa5fee324970a4dc68f89cce58a6,phase3_adversarial,overlap_corruption,21,19,1765250308,5,12.174792399979196,821575,0,False,,
a3225067a0b84f09a05032038d439bb1,phase3_adversarial,overlap_corruption,21,19,1384643677,5,12.784100899996702,821707,2,True,6.0,"[3, 7]"
c72c9ae0bccf43d9b5c868d97dcd7ec3,phase3_adversarial,missing_true_candidate,15,4,244428449,4,1.334818399976939,425641,1,True,2.0,"[3, 5]"
64f95a369b894e2c9991c97a0938a0e5,phase3_adversarial,missing_true_candidate,15,4,1911966579,4,1.3771929999929853,425927,2,True,2.0,"[3, 5]"
6626cbabd42d41e0991cd2712bb806b6,phase3_adversarial,missing_true_candidate,15,4,1531359948,4,1.3497828000108711,424576,2,True,2.0,"[3, 5]"
bfaf58bb25d247aa852239f5f66a7e4f,phase3_adversarial,missing_true_candidate,15,4,1051414430,4,1.4099633999867365,425665,2,True,2.0,"[3, 5]"
4828f6b6763a4f54a863a373909e42aa,phase3_adversarial,missing_true_candidate,15,4,670807799,4,1.475719999987632,425375,2,True,2.0,"[3, 5]"
2c05d577276f44f29526b7806d96c29a,phase3_adversarial,missing_true_candidate,15,4,190862281,4,1.3853145000175573,424992,1,True,2.0,"[3, 5]"
2364c05a777e45d2b2a02faa2701cd68,phase3_adversarial,missing_true_candidate,15,4,1957739298,4,1.2242303000530228,386039,2,True,2.0,"[3, 5]"
c71267d003ff4fae9373227e7d33645d,phase3_adversarial,missing_true_candidate,15,4,1577132667,4,1.34583190002013,430650,2,True,2.0,"[3, 5]"
73f4bbaf4cf648aea7c647b5b493d704,phase3_adversarial,missing_true_candidate,15,13,787429660,4,1.3803557000355795,429030,2,True,4.0,"[3, 5]"
d9f7a0c4db9b4b6db58d1990f5b1101c,phase3_adversarial,missing_true_candidate,15,13,307484142,4,1.4080250000115484,428923,2,True,4.0,"[3, 5]"
a0b12ce1a776438abae99e39a29428e3,phase3_adversarial,missing_true_candidate,15,13,2074361159,4,1.1939506999915466,427986,2,True,4.0,"[3, 5]"
e9eb79252dd94ab59694271292e040ed,phase3_adversarial,missing_true_candidate,15,13,1594415641,4,1.1437750000040978,428345,2,True,4.0,"[3, 5]"
0cc58f9e6fb944069a30afe89f659e13,phase3_adversarial,missing_true_candidate,15,13,1213809010,4,1.1041492000222206,377186,2,True,4.0,"[3, 5]"
e0c5f5cd262c489398cb10216e40e31a,phase3_adversarial,missing_true_candidate,15,13,733863492,4,1.1357119999593124,430448,2,True,4.0,"[3, 5]"
39f06533262940eba671be18f80b39ae,phase3_adversarial,missing_true_candidate,15,13,353256861,4,1.154782300000079,378553,2,True,4.0,"[3, 5]"
c0e2d27ef49e4c3189a56625a59687c3,phase3_adversarial,missing_true_candidate,15,13,2120133878,4,1.1539814999559894,428604,2,True,4.0,"[3, 5]"
647285db4bb445538b309e85ef9cff04,phase3_adversarial,missing_true_candidate,21,8,1829474537,5,1.4401346000377089,580854,2,True,2.0,"[3, 7]"
74e133e829284686a5ba8db6f5060f64,phase3_adversarial,missing_true_candidate,21,8,1349529019,5,1.4149442000198178,623487,2,True,2.0,"[3, 7]"
85865087a82048fcb730126b1d2e4653,phase3_adversarial,missing_true_candidate,21,8,968922388,5,1.3584873999934644,580157,1,True,2.0,"[3, 7]"
d41dbace5c3d410096e52e2de2bd0057,phase3_adversarial,missing_true_candidate,21,8,488976870,5,1.4055536999949254,622231,1,True,2.0,"[3, 7]"
80b40f7aadb146dc9ae1ba6815312d38,phase3_adversarial,missing_true_candidate,21,8,108370239,5,1.4343320000334643,579432,1,True,2.0,"[3, 7]"
022f07ddae86427ab97541fd0d0e5f7e,phase3_adversarial,missing_true_candidate,21,8,1875247256,5,1.3424212000099942,624245,2,True,2.0,"[3, 7]"
dbbcd68f5a2b436ab6df8450ec253df1,phase3_adversarial,missing_true_candidate,21,8,1395301738,5,1.3949807000462897,580143,1,True,2.0,"[3, 7]"
d795a7cdf47f435ab78d7fb7f8ff0add,phase3_adversarial,missing_true_candidate,21,8,1014695107,5,1.563890999997966,624499,1,True,2.0,"[3, 7]"
96aa79e959b54cee8715dce3898a40e0,phase3_adversarial,missing_true_candidate,21,19,42096873,5,7.68392560002394,680474,0,False,,
57c7bf71f74c45d5af44628c588a8934,phase3_adversarial,missing_true_candidate,21,19,1709635003,5,7.6582984999986365,822391,0,False,,
38bd20dd2524430583e280736c9abf16,phase3_adversarial,missing_true_candidate,21,19,1329028372,5,8.25367390003521,794764,0,False,,
c79e3fb5923e4d1ea1848ad9dadfcafe,phase3_adversarial,missing_true_candidate,21,19,849082854,5,10.067719699989539,700772,0,False,,
b9699cec265e413f8b0334aaad790a6f,phase3_adversarial,missing_true_candidate,21,19,468476223,5,10.12261010002112,822536,2,True,6.0,"[3, 7]"
8fad8248a5b343b0aa489ba5c5e0f83c,phase3_adversarial,missing_true_candidate,21,19,87869592,5,11.883248099999037,682452,0,False,,
3e36487055994cbb92bca391fc4398c1,phase3_adversarial,missing_true_candidate,21,19,1755407722,5,15.424119699979201,822037,0,False,,
8728b4545b4e4d9a8fbdaa81953e00ac,phase3_adversarial,missing_true_candidate,21,19,1374801091,5,15.082411500043236,820674,0,False,,
a5420d9a1a5a4925af1095d60dd10942,phase3_adversarial,incorrect_high_weight_candidate,15,4,867426563,4,1.7648111999733374,423198,1,True,2.0,"[3, 5]"
3e710f5502c04315b870b21c0d13c02c,phase3_adversarial,incorrect_high_weight_candidate,15,4,387481045,4,1.2715684000286274,425190,2,True,2.0,"[3, 5]"
8089e41e9aa24c93ac2aa6cef9dbfb62,phase3_adversarial,incorrect_high_weight_candidate,15,4,6874414,4,1.2944756000069901,424555,1,True,2.0,"[3, 5]"
4c884c3ba06f4480bd8eeec74fa76f37,phase3_adversarial,incorrect_high_weight_candidate,15,4,1674412544,4,1.8488452000310645,424902,2,True,2.0,"[3, 5]"
f3a157a0a9354275b78b484c73de7b3f,phase3_adversarial,incorrect_high_weight_candidate,15,4,1293805913,4,1.7982845999649726,424777,1,True,2.0,"[3, 5]"
d02dde34d3ef484d805feae65ec70590,phase3_adversarial,incorrect_high_weight_candidate,15,4,913199282,4,1.4793868999695405,424412,2,True,2.0,"[3, 5]"
473e10f820914972ab19b058c348ced1,phase3_adversarial,incorrect_high_weight_candidate,15,4,433253764,4,1.1798979000304826,425162,2,True,2.0,"[3, 5]"
2044f6d4adfd4e28bac73dd6b443ba9e,phase3_adversarial,incorrect_high_weight_candidate,15,4,52647133,4,1.5185319999582134,424370,2,True,2.0,"[3, 5]"
91fbb1fe7e4f4c90a2b55dfa4b772170,phase3_adversarial,incorrect_high_weight_candidate,15,13,1410427774,4,2.090393199992832,427881,2,True,4.0,"[3, 5]"
e39a7c23e0be4d2797e291d9486a5ae5,phase3_adversarial,incorrect_high_weight_candidate,15,13,930482256,4,2.030917300027795,427801,1,True,4.0,"[3, 5]"
5c2d7e00c8b144608d23ba0f76d57644,phase3_adversarial,incorrect_high_weight_candidate,15,13,549875625,4,1.543493299977854,427710,1,True,4.0,"[3, 5]"
e3c8490b472744fdaefb389c88bdcd72,phase3_adversarial,incorrect_high_weight_candidate,15,13,169268994,4,1.7309237999725156,427811,2,True,4.0,"[3, 5]"
e2569d986a2b428d9e2e68287916c97e,phase3_adversarial,incorrect_high_weight_candidate,15,13,1836807124,4,1.7484335000044666,427240,1,True,4.0,"[3, 5]"
7fe3d75dbba643748b636cb8b9035aec,phase3_adversarial,incorrect_high_weight_candidate,15,13,1456200493,4,1.8328724000020884,427574,2,True,4.0,"[3, 5]"
370bdde9ba4e4730b298a68e3f5bbfb2,phase3_adversarial,incorrect_high_weight_candidate,15,13,976254975,4,1.6719034999841824,427083,2,True,4.0,"[3, 5]"
fc02dc4813ac4f10abef3075523cf35f,phase3_adversarial,incorrect_high_weight_candidate,15,13,595648344,4,1.7939853999996558,427066,2,True,4.0,"[3, 5]"
9154de0a3a41448eb7e6a51396c09600,phase3_adversarial,incorrect_high_weight_candidate,21,8,1599533788,5,1.7698361999937333,622941,2,True,2.0,"[3, 7]"
d655dd0e856a4798ba3099aa31f889eb,phase3_adversarial,incorrect_high_weight_candidate,21,8,1218927157,5,2.589540599961765,622928,2,True,2.0,"[3, 7]"
b457f081029746fe8695b6ff520d75f5,phase3_adversarial,incorrect_high_weight_candidate,21,8,738981639,5,2.415903299988713,622970,2,True,2.0,"[3, 7]"
6cbed94860a148b68b0e6254fa464297,phase3_adversarial,incorrect_high_weight_candidate,21,8,358375008,5,1.5885464999591932,623610,2,True,2.0,"[3, 7]"
cda5dc01be1b49d1bb680765391d2fd4,phase3_adversarial,incorrect_high_weight_candidate,21,8,2025913138,5,2.605103700014297,622326,2,True,2.0,"[3, 7]"
edef6f6d0d7d480f9a99c1bf2fb8d317,phase3_adversarial,incorrect_high_weight_candidate,21,8,1645306507,5,2.609993999998551,622587,2,True,2.0,"[3, 7]"
34a6257ee44c484ea5cff8783c42773e,phase3_adversarial,incorrect_high_weight_candidate,21,8,1264699876,5,1.7349526000325568,622387,2,True,2.0,"[3, 7]"
f1cdd55e554c4beaab74a0c8eb5b3317,phase3_adversarial,incorrect_high_weight_candidate,21,8,784754358,5,2.643652500002645,622923,4,True,2.0,"[3, 7]"
ddebd5a77b7a40f6b9fc8e6ca5616286,phase3_adversarial,incorrect_high_weight_candidate,21,19,1470415837,5,13.502120700024534,820611,2,True,6.0,"[3, 7]"
07d6c2ed72c9464fb637da27d17aed1f,phase3_adversarial,incorrect_high_weight_candidate,21,19,1089809206,5,13.390781099966262,821623,1,True,6.0,"[3, 7]"
a652fb634ffb4adbb67dc1783da3168f,phase3_adversarial,incorrect_high_weight_candidate,21,19,609863688,5,12.755629999970552,822000,2,True,6.0,"[3, 7]"
7e5acd8054074e848dec2ae69fbad10e,phase3_adversarial,incorrect_high_weight_candidate,21,19,229257057,5,11.205712200026028,822069,4,True,6.0,"[3, 7]"
6243e38cefd14ecd9b0caa9278464427,phase3_adversarial,incorrect_high_weight_candidate,21,19,1896795187,5,12.599666199996136,822250,2,True,6.0,"[3, 7]"
1bf410c0f4054ea88a6d13ad4f29b6f3,phase3_adversarial,incorrect_high_weight_candidate,21,19,1516188556,5,15.236722100002225,820876,2,True,6.0,"[3, 7]"
e350a06f4d69473989513b350747f450,phase3_adversarial,incorrect_high_weight_candidate,21,19,1135581925,5,13.870052899990696,820516,2,True,6.0,"[3, 7]"
d43023a1001647f2aa65d50f7d2485da,phase3_adversarial,incorrect_high_weight_candidate,21,19,655636407,5,14.342421200009994,820830,2,True,6.0,"[3, 7]"
a6f4fc7c67f44bfbb51822f1cb03f9c6,phase3_adversarial,bit_flip_post_hoc,15,4,464212094,4,1.5321052999934182,425022,4,True,2.0,"[3, 5]"
9a87dcb5b83a4aaa84cd55f16396079e,phase3_adversarial,bit_flip_post_hoc,15,4,2131750224,4,1.24368830001913,424505,2,True,2.0,"[3, 5]"
4ac7c73eba864a71a63ae61f27c2f7b6,phase3_adversarial,bit_flip_post_hoc,15,4,1751143593,4,1.1761386999860406,424112,4,True,2.0,"[3, 5]"
b2f3a50db4fc44d9a2557f9f3780a843,phase3_adversarial,bit_flip_post_hoc,15,4,1370536962,4,1.6011521000182256,424622,2,True,2.0,"[3, 5]"
77ece464cc784599ba3145bbe5a50467,phase3_adversarial,bit_flip_post_hoc,15,4,890591444,4,1.885912699974142,423694,4,True,2.0,"[3, 5]"
17ae2364d4e340e480f5b53442710d2f,phase3_adversarial,bit_flip_post_hoc,15,4,509984813,4,1.6167177999741398,424399,2,True,2.0,"[3, 5]"
801d1f9a34e344c89e7c6fcadfe32bb0,phase3_adversarial,bit_flip_post_hoc,15,4,30039295,4,1.2595480000018142,423109,4,True,2.0,"[3, 5]"
fccdcd42bec44062b62a8a8095613411,phase3_adversarial,bit_flip_post_hoc,15,4,1796916312,4,1.1226116999750957,424545,2,True,2.0,"[3, 5]"
84d8840df6d0418ab82ff2124c92badb,phase3_adversarial,bit_flip_post_hoc,15,13,955492431,4,2.0200899000046775,426648,4,True,4.0,"[3, 5]"
edddb0e829fa470a95ae7325e34aaecd,phase3_adversarial,bit_flip_post_hoc,15,13,574885800,4,1.3396186000318266,428113,2,True,4.0,"[3, 5]"
ad252bbabb5e489ea7787340ed1d7b5b,phase3_adversarial,bit_flip_post_hoc,15,13,194279169,4,1.2352286000386812,426316,4,True,4.0,"[3, 5]"
b0fc4b7645804556ace4cc16dc90db4d,phase3_adversarial,bit_flip_post_hoc,15,13,1861817299,4,1.4684488999773748,428294,2,True,4.0,"[3, 5]"
419fcbe824ad47fdb95623e978d316b7,phase3_adversarial,bit_flip_post_hoc,15,13,1481210668,4,1.390750400023535,427125,4,True,4.0,"[3, 5]"
5f69ed63232a4203908d9598e5c43a0e,phase3_adversarial,bit_flip_post_hoc,15,13,1001265150,4,1.2720736999763176,427315,2,True,4.0,"[3, 5]"
bf2a3f3138bd47f7ad6f5fa9ff51f064,phase3_adversarial,bit_flip_post_hoc,15,13,620658519,4,1.5431905999430455,427421,4,True,4.0,"[3, 5]"
49cc2736813a4b5fb9c68857f7bd6699,phase3_adversarial,bit_flip_post_hoc,15,13,140713001,4,1.5328995999880135,428252,6,True,4.0,"[3, 5]"
80fbc9f01b1f43debf2adfdcbb25d2e6,phase3_adversarial,bit_flip_post_hoc,21,8,456078806,5,2.042912199976854,622899,4,True,2.0,"[3, 7]"
5481fe7742c84e3a8705b498c8f691d6,phase3_adversarial,bit_flip_post_hoc,21,8,75472175,5,2.2507755999686196,622842,2,True,2.0,"[3, 7]"
63f6668138554cc78cf259ee5af1d7de,phase3_adversarial,bit_flip_post_hoc,21,8,1743010305,5,2.0323434000019915,622669,4,True,2.0,"[3, 7]"
23dbcfdd631b4ee885c4be614137aee4,phase3_adversarial,bit_flip_post_hoc,21,8,1362403674,5,1.613488199946005,623536,6,True,2.0,"[3, 7]"
638aa53b6433428b933c2ea03bbf0216,phase3_adversarial,bit_flip_post_hoc,21,8,981797043,5,2.3665474000154063,622537,2,True,2.0,"[3, 7]"
cc9497e8738c4364968a1064db88bb37,phase3_adversarial,bit_flip_post_hoc,21,8,501851525,5,2.316607999964617,622891,4,True,2.0,"[3, 7]"
02d2db3b9ace49de84ce93e82a5c65c2,phase3_adversarial,bit_flip_post_hoc,21,8,121244894,5,1.976065800001379,621714,2,True,2.0,"[3, 7]"
9827b589b5da4eb1abb9cd82a174f910,phase3_adversarial,bit_flip_post_hoc,21,8,1788783024,5,2.8177405999740586,622245,4,True,2.0,"[3, 7]"
65cf58443ff04ea583942d7e960cb9a8,phase3_adversarial,bit_flip_post_hoc,21,19,1669123653,5,14.216048100031912,820245,2,True,6.0,"[3, 7]"
51dbea83f2e94730b79c87a58424ed2b,phase3_adversarial,bit_flip_post_hoc,21,19,1288517022,5,12.873724000004586,820983,2,True,6.0,"[3, 7]"
62c63585135b4422b6bd03c7c9e20f5b,phase3_adversarial,bit_flip_post_hoc,21,19,808571504,5,13.850455200008582,820877,2,True,6.0,"[3, 7]"
fcbbe617f2794a39880d20a61e4723e9,phase3_adversarial,bit_flip_post_hoc,21,19,427964873,5,11.221966099983547,821388,2,True,6.0,"[3, 7]"
1d89ece24fed4af1b4d7f4e88b24f286,phase3_adversarial,bit_flip_post_hoc,21,19,2095503003,5,11.729704900004435,820936,2,True,6.0,"[3, 7]"
c137a60378d346c29f5cbf03e180afa4,phase3_adversarial,bit_flip_post_hoc,21,19,1714896372,5,14.959731399954762,821091,2,True,6.0,"[3, 7]"
dcecbc301fc34723988cd9a2c644ceba,phase3_adversarial,bit_flip_post_hoc,21,19,1234950854,5,15.12220260000322,820766,2,True,6.0,"[3, 7]"
acd4c7f67ee74647ae85d284136c6f3b,phase3_adversarial,bit_flip_post_hoc,21,19,854344223,5,15.608168500009924,822609,2,True,6.0,"[3, 7]"
