widths,tau_exp,truncated,decoder,S_star,dev_coverage
3-2-3,3,False,awqpe_eps_safe,8.0,0.975
3-2-3,3,False,likelihood,4.0,0.975
3-2-3,3,True,awqpe_eps_safe,4.0,0.975
3-2-3,3,True,likelihood,4.0,0.99375
3-2-3,4,False,awqpe_eps_safe,16.0,0.96875
3-2-3,4,False,likelihood,8.0,0.98125
3-2-3,4,True,awqpe_eps_safe,64.0,0.95625
3-2-3,4,True,likelihood,16.0,0.975
3-2-3,6,False,awqpe_eps_safe,64.0,0.95
3-2-3,6,False,likelihood,8.0,0.96875
3-2-3,6,True,awqpe_eps_safe,,0.9375
3-2-3,6,True,likelihood,16.0,0.9625
3-2-3,8,False,awqpe_eps_safe,64.0,0.95
3-2-3,8,False,likelihood,8.0,0.96875
3-3-3-3,3,False,awqpe_eps_safe,4.0,0.95625
3-3-3-3,3,False,likelihood,4.0,0.9625
3-3-3-3,3,True,awqpe_eps_safe,4.0,0.9875
3-3-3-3,3,True,likelihood,4.0,1.0
3-3-3-3,4,False,awqpe_eps_safe,16.0,0.975
3-3-3-3,4,False,likelihood,8.0,0.96875
3-3-3-3,4,True,awqpe_eps_safe,64.0,0.95625
3-3-3-3,4,True,likelihood,16.0,0.96875
3-3-3-3,6,False,awqpe_eps_safe,16.0,0.975
3-3-3-3,6,False,likelihood,8.0,0.9625
3-3-3-3,6,True,awqpe_eps_safe,16.0,0.95625
3-3-3-3,6,True,likelihood,8.0,0.9625
3-3-3-3,8,False,awqpe_eps_safe,16.0,0.96875
3-3-3-3,8,False,likelihood,8.0,0.9625
3-3-3-3,8,True,awqpe_eps_safe,16.0,0.96875
3-3-3-3,8,True,likelihood,8.0,0.9625
3-3-3-3,10,False,awqpe_eps_safe,32.0,0.975
3-3-3-3,10,False,likelihood,16.0,1.0
3-3-3-3,10,True,awqpe_eps_safe,32.0,0.95
3-3-3-3,10,True,likelihood,16.0,0.9875
3-3-3-3,12,False,awqpe_eps_safe,32.0,0.975
3-3-3-3,12,False,likelihood,16.0,1.0
4-4,3,False,awqpe_eps_safe,4.0,0.9875
4-4,3,False,likelihood,4.0,0.99375
4-4,3,True,awqpe_eps_safe,4.0,1.0
4-4,3,True,likelihood,4.0,1.0
4-4,4,False,awqpe_eps_safe,16.0,0.9625
4-4,4,False,likelihood,4.0,0.95625
4-4,4,True,awqpe_eps_safe,4.0,0.9625
4-4,4,True,likelihood,4.0,0.96875
4-4,6,False,awqpe_eps_safe,64.0,0.95
4-4,6,False,likelihood,8.0,0.96875
4-4,8,False,awqpe_eps_safe,64.0,0.95
4-4,8,False,likelihood,8.0,0.96875
4-4-4,3,False,awqpe_eps_safe,4.0,1.0
4-4-4,3,False,likelihood,4.0,1.0
4-4-4,3,True,awqpe_eps_safe,4.0,0.99375
4-4-4,3,True,likelihood,4.0,1.0
4-4-4,4,False,awqpe_eps_safe,4.0,0.9625
4-4-4,4,False,likelihood,4.0,0.99375
4-4-4,4,True,awqpe_eps_safe,4.0,0.9875
4-4-4,4,True,likelihood,4.0,0.9875
4-4-4,6,False,awqpe_eps_safe,16.0,0.95625
4-4-4,6,False,likelihood,8.0,0.98125
4-4-4,6,True,awqpe_eps_safe,32.0,0.95
4-4-4,6,True,likelihood,8.0,0.975
4-4-4,8,False,awqpe_eps_safe,32.0,0.95625
4-4-4,8,False,likelihood,8.0,0.9625
4-4-4,8,True,awqpe_eps_safe,32.0,0.95
4-4-4,8,True,likelihood,8.0,0.9625
4-4-4,10,False,awqpe_eps_safe,64.0,0.95
4-4-4,10,False,likelihood,8.0,0.95
4-4-4,12,False,awqpe_eps_safe,64.0,0.95
4-4-4,12,False,likelihood,8.0,0.95
4-4-4-4,3,False,awqpe_eps_safe,4.0,0.99375
4-4-4-4,3,False,likelihood,4.0,1.0
4-4-4-4,3,True,awqpe_eps_safe,4.0,0.99375
4-4-4-4,3,True,likelihood,4.0,1.0
4-4-4-4,4,False,awqpe_eps_safe,4.0,0.975
4-4-4-4,4,False,likelihood,4.0,0.99375
4-4-4-4,4,True,awqpe_eps_safe,4.0,0.99375
4-4-4-4,4,True,likelihood,4.0,0.99375
4-4-4-4,6,False,awqpe_eps_safe,16.0,0.9625
4-4-4-4,6,False,likelihood,4.0,0.95625
4-4-4-4,6,True,awqpe_eps_safe,16.0,0.95625
4-4-4-4,6,True,likelihood,4.0,0.9625
4-4-4-4,8,False,awqpe_eps_safe,16.0,0.95625
4-4-4-4,8,False,likelihood,8.0,0.98125
4-4-4-4,8,True,awqpe_eps_safe,16.0,0.95625
4-4-4-4,8,True,likelihood,4.0,0.95
4-4-4-4,10,False,awqpe_eps_safe,32.0,0.95
4-4-4-4,10,False,likelihood,8.0,0.95
4-4-4-4,10,True,awqpe_eps_safe,64.0,0.95625
4-4-4-4,10,True,likelihood,8.0,0.9625
4-4-4-4,12,False,awqpe_eps_safe,64.0,0.96875
4-4-4-4,12,False,likelihood,8.0,0.95
4-4-4-4,12,True,awqpe_eps_safe,64.0,0.95625
4-4-4-4,12,True,likelihood,8.0,0.9625
4-4-4-4,14,False,awqpe_eps_safe,64.0,0.95625
4-4-4-4,14,False,likelihood,16.0,0.99375
4-4-4-4,16,False,awqpe_eps_safe,64.0,0.95625
4-4-4-4,16,False,likelihood,16.0,0.99375
