N,a,precision,window_size,overlap,candidate_budget,noise,num_windows,order,factors,success,runtime_seconds,candidate_count,phase_error,shor_shots,shor_random_seed
15,2,6,3,1,1,0.0,6,4,"(3, 5)",True,0.43823020003037527,1,0.25,2048,314159
15,2,6,3,1,2,0.0,6,4,"(3, 5)",True,0.371448700025212,2,0.25,2048,314159
15,2,6,3,1,4,0.0,6,4,"(3, 5)",True,0.37153639999451116,4,0.25,2048,314159
15,2,6,3,2,1,0.0,6,4,"(3, 5)",True,0.5103345999959856,1,0.25,2048,314159
15,2,6,3,2,2,0.0,6,4,"(3, 5)",True,0.5115707999793813,2,0.25,2048,314159
15,2,6,3,2,4,0.0,6,4,"(3, 5)",True,0.5199840000132099,4,0.25,2048,314159
15,2,6,4,1,1,0.0,6,4,"(3, 5)",True,0.2775005000294186,1,0.25,2048,314159
15,2,6,4,1,2,0.0,6,4,"(3, 5)",True,0.2825925999786705,2,0.25,2048,314159
15,2,6,4,1,4,0.0,6,4,"(3, 5)",True,0.2812883000005968,4,0.25,2048,314159
15,2,6,4,2,1,0.0,6,4,"(3, 5)",True,0.2758904999936931,1,0.25,2048,314159
15,2,6,4,2,2,0.0,6,4,"(3, 5)",True,0.2796399000217207,2,0.25,2048,314159
15,2,6,4,2,4,0.0,6,4,"(3, 5)",True,0.30000539997126907,4,0.25,2048,314159
15,2,8,3,1,1,0.0,8,4,"(3, 5)",True,0.4854695000103675,1,0.25,2048,314159
15,2,8,3,1,2,0.0,8,4,"(3, 5)",True,0.4929118999862112,2,0.25,2048,314159
15,2,8,3,1,4,0.0,8,4,"(3, 5)",True,0.5032635999959894,4,0.25,2048,314159
15,2,8,3,2,1,0.0,8,4,"(3, 5)",True,0.7417431999929249,1,0.25,2048,314159
15,2,8,3,2,2,0.0,8,4,"(3, 5)",True,0.7580164999817498,2,0.25,2048,314159
15,2,8,3,2,4,0.0,8,4,"(3, 5)",True,0.7811975000076927,4,0.25,2048,314159
15,2,8,4,1,1,0.0,8,4,"(3, 5)",True,0.3970736999763176,1,0.25,2048,314159
15,2,8,4,1,2,0.0,8,4,"(3, 5)",True,0.4015114000067115,2,0.25,2048,314159
15,2,8,4,1,4,0.0,8,4,"(3, 5)",True,0.4437486999668181,4,0.25,2048,314159
15,2,8,4,2,1,0.0,8,4,"(3, 5)",True,0.40468029998010024,1,0.25,2048,314159
15,2,8,4,2,2,0.0,8,4,"(3, 5)",True,0.40461249998770654,2,0.25,2048,314159
15,2,8,4,2,4,0.0,8,4,"(3, 5)",True,0.40016930003184825,4,0.25,2048,314159
21,2,6,3,1,1,0.0,6,6,"(3, 7)",True,1.9659898999962024,1,0.3333333333333333,2048,314159
21,2,6,3,1,2,0.0,6,6,"(3, 7)",True,1.9414120999863371,4,0.3333333333333333,2048,314159
21,2,6,3,1,4,0.0,6,6,"(3, 7)",True,1.9171381000196561,32,0.3333333333333333,2048,314159
21,2,6,3,2,1,0.0,6,6,"(3, 7)",True,2.7376756999874488,1,0.3333333333333333,2048,314159
21,2,6,3,2,2,0.0,6,6,"(3, 7)",True,2.7840053000254557,2,0.3333333333333333,2048,314159
21,2,6,3,2,4,0.0,6,6,"(3, 7)",True,2.8134145999792963,10,0.3333333333333333,2048,314159
21,2,6,4,1,1,0.0,6,6,"(3, 7)",True,1.5817110000061803,1,0.16666666666666666,2048,314159
21,2,6,4,1,2,0.0,6,6,"(3, 7)",True,1.582235399982892,4,0.16666666666666666,2048,314159
21,2,6,4,1,4,0.0,6,6,"(3, 7)",True,1.5994689000071958,12,0.16666666666666666,2048,314159
21,2,6,4,2,1,0.0,6,6,"(3, 7)",True,1.8251777000259608,1,0.16666666666666666,2048,314159
21,2,6,4,2,2,0.0,6,6,"(3, 7)",True,1.8030658999923617,2,0.16666666666666666,2048,314159
21,2,6,4,2,4,0.0,6,6,"(3, 7)",True,1.79632359999232,6,0.16666666666666666,2048,314159
21,2,8,3,1,1,0.0,8,6,"(3, 7)",True,2.601553199987393,1,0.3333333333333333,2048,314159
21,2,8,3,1,2,0.0,8,6,"(3, 7)",True,2.6243311000289395,4,0.3333333333333333,2048,314159
21,2,8,3,1,4,0.0,8,6,"(3, 7)",True,2.6633417999837548,32,0.3333333333333333,2048,314159
21,2,8,3,2,1,0.0,8,6,"(3, 7)",True,4.258597799984273,1,0.3333333333333333,2048,314159
21,2,8,3,2,2,0.0,8,6,"(3, 7)",True,4.351241399999708,2,0.3333333333333333,2048,314159
21,2,8,3,2,4,0.0,8,6,"(3, 7)",True,4.295808700029738,23,0.3333333333333333,2048,314159
21,2,8,4,1,1,0.0,8,6,"(3, 7)",True,2.363403900002595,1,0.16666666666666666,2048,314159
21,2,8,4,1,2,0.0,8,6,"(3, 7)",True,2.3780995999695733,6,0.16666666666666666,2048,314159
21,2,8,4,1,4,0.0,8,6,"(3, 7)",True,2.4630994999897666,32,0.16666666666666666,2048,314159
21,2,8,4,2,1,0.0,8,6,"(3, 7)",True,2.6814219999941997,1,0.16666666666666666,2048,314159
21,2,8,4,2,2,0.0,8,6,"(3, 7)",True,2.7379701999598183,2,0.16666666666666666,2048,314159
21,2,8,4,2,4,0.0,8,6,"(3, 7)",True,2.649770100018941,10,0.16666666666666666,2048,314159
