N,a,precision,window_size,overlap,candidate_budget,success_rate,mean_runtime,mean_phase_error
15,2,6,3,1,1,1.0,0.43823020003037527,0.25
15,2,6,3,1,2,1.0,0.371448700025212,0.25
15,2,6,3,1,4,1.0,0.37153639999451116,0.25
15,2,6,3,2,1,1.0,0.5103345999959856,0.25
15,2,6,3,2,2,1.0,0.5115707999793813,0.25
15,2,6,3,2,4,1.0,0.5199840000132099,0.25
15,2,6,4,1,1,1.0,0.2775005000294186,0.25
15,2,6,4,1,2,1.0,0.2825925999786705,0.25
15,2,6,4,1,4,1.0,0.2812883000005968,0.25
15,2,6,4,2,1,1.0,0.2758904999936931,0.25
15,2,6,4,2,2,1.0,0.2796399000217207,0.25
15,2,6,4,2,4,1.0,0.30000539997126907,0.25
15,2,8,3,1,1,1.0,0.4854695000103675,0.25
15,2,8,3,1,2,1.0,0.4929118999862112,0.25
15,2,8,3,1,4,1.0,0.5032635999959894,0.25
15,2,8,3,2,1,1.0,0.7417431999929249,0.25
15,2,8,3,2,2,1.0,0.7580164999817498,0.25
15,2,8,3,2,4,1.0,0.7811975000076927,0.25
15,2,8,4,1,1,1.0,0.3970736999763176,0.25
15,2,8,4,1,2,1.0,0.4015114000067115,0.25
15,2,8,4,1,4,1.0,0.4437486999668181,0.25
15,2,8,4,2,1,1.0,0.40468029998010024,0.25
15,2,8,4,2,2,1.0,0.40461249998770654,0.25
15,2,8,4,2,4,1.0,0.40016930003184825,0.25
21,2,6,3,1,1,1.0,1.9659898999962024,0.3333333333333333
21,2,6,3,1,2,1.0,1.9414120999863371,0.3333333333333333
21,2,6,3,1,4,1.0,1.9171381000196561,0.3333333333333333
21,2,6,3,2,1,1.0,2.7376756999874488,0.3333333333333333
21,2,6,3,2,2,1.0,2.7840053000254557,0.3333333333333333
21,2,6,3,2,4,1.0,2.8134145999792963,0.3333333333333333
21,2,6,4,1,1,1.0,1.5817110000061803,0.16666666666666666
21,2,6,4,1,2,1.0,1.582235399982892,0.16666666666666666
21,2,6,4,1,4,1.0,1.5994689000071958,0.16666666666666666
21,2,6,4,2,1,1.0,1.8251777000259608,0.16666666666666666
21,2,6,4,2,2,1.0,1.8030658999923617,0.16666666666666666
21,2,6,4,2,4,1.0,1.79632359999232,0.16666666666666666
21,2,8,3,1,1,1.0,2.601553199987393,0.3333333333333333
21,2,8,3,1,2,1.0,2.6243311000289395,0.3333333333333333
21,2,8,3,1,4,1.0,2.6633417999837548,0.3333333333333333
21,2,8,3,2,1,1.0,4.258597799984273,0.3333333333333333
21,2,8,3,2,2,1.0,4.351241399999708,0.3333333333333333
21,2,8,3,2,4,1.0,4.295808700029738,0.3333333333333333
21,2,8,4,1,1,1.0,2.363403900002595,0.16666666666666666
21,2,8,4,1,2,1.0,2.3780995999695733,0.16666666666666666
21,2,8,4,1,4,1.0,2.4630994999897666,0.16666666666666666
21,2,8,4,2,1,1.0,2.6814219999941997,0.16666666666666666
21,2,8,4,2,2,1.0,2.7379701999598183,0.16666666666666666
21,2,8,4,2,4,1.0,2.649770100018941,0.16666666666666666
