statistic,bin_left,bin_right,mean_predicted,observed_rate,count
independent Beta (shipped),0.4,0.5,0.49999999999508654,0.5117647058823529,340
independent Beta (shipped),0.5,0.6,0.5178119520624458,0.6064814814814815,216
independent Beta (shipped),0.6,0.7,0.6565435466551983,0.5374449339207048,227
independent Beta (shipped),0.7,0.8,0.749288419177676,0.693135935397039,743
independent Beta (shipped),0.8,0.9,0.8594165746433687,0.6392857142857142,280
independent Beta (shipped),0.9,1.0,0.9640922650363685,0.7922814982973894,881
Dirichlet joint,0.4,0.5,0.4999999999999999,0.5513698630136986,292
Dirichlet joint,0.5,0.6,0.5163317562791793,0.5425531914893617,282
Dirichlet joint,0.6,0.7,0.6518184756402865,0.6187214611872146,438
Dirichlet joint,0.7,0.8,0.7319602059866959,0.6734375,640
Dirichlet joint,0.8,0.9,0.8536959933492602,0.664179104477612,536
Dirichlet joint,0.9,1.0,0.9771407539835423,0.8957915831663327,499
