n_ambiguous,ambiguous_fraction,s0,ensembles,eligible_fraction,mean_extra_D,mean_extra_uniform,anti_saturated,ensemble_baseline,ambiguous_baseline,ensemble_D,ambiguous_D,ensemble_uniform,ambiguous_uniform,ensemble_anti,ambiguous_anti,D_vs_baseline_pp,D_vs_baseline_lo,D_vs_baseline_hi,D_vs_uniform_pp,D_vs_uniform_lo,D_vs_uniform_hi,uniform_vs_baseline_pp,uniform_vs_baseline_lo,uniform_vs_baseline_hi,D_vs_anti_pp,D_vs_anti_lo,D_vs_anti_hi
1,0.125,4,30,0.12270833333333334,6.1925,6.1925,0.0,0.9454166666666667,0.5633333333333334,0.9754166666666667,0.8033333333333333,0.9502083333333333,0.6016666666666667,0.9454166666666667,0.5633333333333334,2.9999999999999996,2.375,3.6458333333333335,2.5208333333333335,2.041666666666667,3.0213541666666637,0.47916666666666663,0.02083333333333335,0.9375,2.9999999999999996,2.375,3.6458333333333335
1,0.125,8,30,0.11645833333333333,5.581666666666667,5.581666666666667,0.0,0.9520833333333333,0.6166666666666667,0.9777083333333333,0.8216666666666667,0.9583333333333334,0.6666666666666666,0.9520833333333333,0.6166666666666667,2.5625,2.1869791666666663,2.9166666666666665,1.9374999999999996,1.3541666666666663,2.5,0.625,0.18750000000000008,1.1041666666666665,2.5625,2.1869791666666663,2.9166666666666665
1,0.125,16,30,0.11208333333333333,5.033333333333333,5.033333333333333,0.0,0.9529166666666666,0.6233333333333333,0.9785416666666666,0.8283333333333334,0.9572916666666667,0.6583333333333333,0.9529166666666666,0.6233333333333333,2.5625,2.1041666666666665,3.042187499999997,2.125,1.6869791666666663,2.604166666666667,0.43749999999999994,0.2078125,0.6874999999999998,2.5625,2.1041666666666665,3.042187499999997
2,0.25,4,30,0.24625,12.211666666666666,12.211666666666666,0.0,0.8958333333333334,0.5833333333333334,0.95125,0.805,0.9210416666666666,0.6841666666666667,0.8958333333333334,0.5833333333333334,5.541666666666666,4.791666666666667,6.229166666666666,3.0208333333333335,2.3119791666666667,3.7083333333333335,2.520833333333333,1.7078124999999995,3.3124999999999996,5.541666666666666,4.791666666666667,6.229166666666666
2,0.25,8,30,0.23604166666666668,11.555,11.555,0.0,0.898125,0.5925,0.9491666666666667,0.7966666666666666,0.9166666666666666,0.6666666666666666,0.89875,0.595,5.104166666666667,4.291666666666667,5.916666666666667,3.25,2.6036458333333337,3.854166666666667,1.8541666666666665,1.0625,2.6249999999999996,5.041666666666666,4.208333333333334,5.895833333333333
2,0.25,16,30,0.22125,9.946666666666667,9.946666666666667,0.0,0.9033333333333333,0.6133333333333333,0.9510416666666667,0.8041666666666667,0.92,0.68,0.9035416666666667,0.6141666666666666,4.770833333333333,4.207812499999999,5.354166666666668,3.104166666666667,2.5208333333333335,3.729687499999998,1.6666666666666667,1.208333333333333,2.12552083333333,4.75,4.1875,5.292187499999999
4,0.5,4,30,0.4895833333333333,24.373333333333335,24.373333333333335,0.0,0.7766666666666666,0.5533333333333333,0.9072916666666667,0.8145833333333333,0.8654166666666666,0.7308333333333333,0.77875,0.5575,13.062500000000002,12.020833333333334,14.167187499999997,4.1875,3.1249999999999996,5.333854166666663,8.875000000000002,7.5,10.251041666666662,12.854166666666666,11.7703125,13.999999999999998
4,0.5,8,30,0.47041666666666665,22.993333333333332,22.993333333333332,0.0,0.8029166666666666,0.6058333333333333,0.9020833333333333,0.8041666666666667,0.8545833333333334,0.7091666666666666,0.8041666666666667,0.6083333333333333,9.916666666666666,8.749479166666667,11.104687499999997,4.749999999999999,3.812499999999999,5.666666666666666,5.166666666666667,3.979166666666667,6.187500000000001,9.791666666666666,8.624479166666665,11.020833333333332
4,0.5,16,30,0.44645833333333335,20.016666666666666,20.016666666666666,0.0,0.8197916666666667,0.6395833333333333,0.9027083333333333,0.8054166666666667,0.8672916666666667,0.7345833333333334,0.8220833333333334,0.6441666666666667,8.291666666666666,7.291145833333333,9.312499999999996,3.5416666666666665,2.729166666666667,4.354166666666667,4.75,3.75,5.75,8.0625,7.041666666666665,9.083333333333332
8,1.0,4,30,0.9795833333333334,49.50833333333333,49.50833333333333,0.9883333333333333,0.5683333333333334,0.5683333333333334,0.8102083333333333,0.8102083333333333,0.7883333333333333,0.7883333333333333,0.691875,0.691875,24.187499999999996,22.583333333333336,25.75,2.1875,1.5625,2.854687499999998,22.0,20.25,23.75,11.833333333333334,10.645833333333336,12.999999999999998
8,1.0,8,30,0.9310416666666667,45.781666666666666,45.781666666666666,0.9883333333333333,0.600625,0.600625,0.8052083333333333,0.8052083333333333,0.7960416666666666,0.7960416666666666,0.693125,0.693125,20.458333333333332,18.666666666666664,22.1875,0.9166666666666669,0.2083333333333336,1.6249999999999998,19.541666666666668,17.854166666666668,21.270833333333332,11.208333333333332,9.8125,12.60416666666667
8,1.0,16,30,0.9041666666666667,40.42666666666667,40.42666666666667,0.995,0.6502083333333334,0.6502083333333334,0.8185416666666666,0.8185416666666666,0.805625,0.805625,0.7202083333333333,0.7202083333333333,16.833333333333336,15.603645833333335,18.125,1.2916666666666667,0.4578124999999999,2.2083333333333335,15.541666666666664,14.374479166666665,16.729166666666664,9.833333333333334,8.770833333333332,10.9375
