spec_level_2q,spec_level_ro,observed,independence_baseline,excess
none,none,0.9629629629629629,0.8919372046944063,0.07102575826855662
none,med,0.9259259259259259,0.8571864045115073,0.06873952141441864
none,high,0.9259259259259259,0.8340192043895747,0.09190672153635127
med,none,1.0,0.9036732205456486,0.09632677945435142
med,med,0.9259259259259259,0.8684651729919219,0.05746075293400399
med,high,0.9259259259259259,0.8449931412894376,0.08093278463648834
high,none,0.8888888888888888,0.8215211095869531,0.06736777930193572
high,med,0.8888888888888888,0.7895137936290199,0.09937509525986898
high,high,0.8148148148148148,0.7681755829903977,0.04663923182441709
