param,value,n,success_rate,ci_low,ci_high
total_precision,4,15,1.0,0.7961107336956521,1.0
total_precision,6,15,1.0,0.7961107336956521,1.0
total_precision,8,15,1.0,0.7961107336956521,1.0
total_precision,10,15,1.0,0.7961107336956521,1.0
total_precision,12,15,1.0,0.7961107336956521,1.0
window_size,2,15,1.0,0.7961107336956521,1.0
window_size,3,15,1.0,0.7961107336956521,1.0
window_size,4,15,1.0,0.7961107336956521,1.0
window_size,6,15,1.0,0.7961107336956521,1.0
overlap,0,15,1.0,0.7961107336956521,1.0
overlap,1,15,1.0,0.7961107336956521,1.0
overlap,2,15,1.0,0.7961107336956521,1.0
overlap,3,15,1.0,0.7961107336956521,1.0
candidate_count,1,15,1.0,0.7961107336956521,1.0
candidate_count,2,15,1.0,0.7961107336956521,1.0
candidate_count,4,15,1.0,0.7961107336956521,1.0
candidate_count,8,15,1.0,0.7961107336956521,1.0
candidate_count,16,15,1.0,0.7961107336956521,1.0
max_paths,1,15,1.0,0.7961107336956521,1.0
max_paths,4,15,1.0,0.7961107336956521,1.0
max_paths,16,15,1.0,0.7961107336956521,1.0
max_paths,64,15,1.0,0.7961107336956521,1.0
max_paths,256,15,1.0,0.7961107336956521,1.0
shots,16,15,1.0,0.7961107336956521,1.0
shots,64,15,1.0,0.7961107336956521,1.0
shots,256,15,1.0,0.7961107336956521,1.0
shots,1024,15,1.0,0.7961107336956521,1.0
shots,4096,15,1.0,0.7961107336956521,1.0
shots,16384,15,1.0,0.7961107336956521,1.0
